INFO 2025-07-09 15:38:46,988 autoreload 667 Watching for file changes with StatReloader
INFO 2025-07-09 15:38:52,713 basehttp 213 "GET / HTTP/1.1" 200 4
INFO 2025-07-09 15:38:52,717 basehttp 213 "GET / HTTP/1.1" 200 4
WARNING 2025-07-09 15:38:52,752 log 253 Not Found: /favicon.ico
WARNING 2025-07-09 15:38:52,753 basehttp 213 "GET /favicon.ico HTTP/1.1" 404 2349
INFO 2025-07-09 15:39:57,416 autoreload 265 D:\PythonCode\pythonProject4\7.8newBlog\blog\blog\urls.py changed, reloading.
INFO 2025-07-09 15:39:57,973 autoreload 667 Watching for file changes with StatReloader
INFO 2025-07-09 15:40:17,512 autoreload 265 D:\PythonCode\pythonProject4\7.8newBlog\blog\blog\urls.py changed, reloading.
INFO 2025-07-09 15:40:18,069 autoreload 667 Watching for file changes with StatReloader
INFO 2025-07-09 15:40:30,522 autoreload 265 D:\PythonCode\pythonProject4\7.8newBlog\blog\blog\urls.py changed, reloading.
INFO 2025-07-09 15:40:31,038 autoreload 667 Watching for file changes with StatReloader
INFO 2025-07-09 15:40:49,743 autoreload 667 Watching for file changes with StatReloader
INFO 2025-07-09 15:40:56,318 urls 26 info
INFO 2025-07-09 15:40:56,319 basehttp 213 "GET / HTTP/1.1" 200 4
INFO 2025-07-09 15:40:56,322 urls 26 info
INFO 2025-07-09 15:40:56,323 basehttp 213 "GET / HTTP/1.1" 200 4
INFO 2025-07-09 15:40:57,760 urls 26 info
INFO 2025-07-09 15:40:57,760 basehttp 213 "GET / HTTP/1.1" 200 4
INFO 2025-07-09 15:44:05,439 autoreload 667 Watching for file changes with StatReloader
INFO 2025-07-09 15:44:22,956 urls 26 info
INFO 2025-07-09 15:44:22,956 basehttp 213 "GET / HTTP/1.1" 200 4
INFO 2025-07-09 15:44:22,960 urls 26 info
INFO 2025-07-09 15:44:22,962 basehttp 213 "GET / HTTP/1.1" 200 4
WARNING 2025-07-09 15:44:33,400 log 253 Not Found: /staic/index.html
WARNING 2025-07-09 15:44:33,400 basehttp 213 "GET /staic/index.html HTTP/1.1" 404 2364
INFO 2025-07-09 15:44:46,111 basehttp 213 "GET /static/index.html HTTP/1.1" 200 12002
INFO 2025-07-09 15:44:46,120 basehttp 213 "GET /static/common/common.css HTTP/1.1" 200 381
INFO 2025-07-09 15:44:46,120 basehttp 213 "GET /static/md_css/monokai.css HTTP/1.1" 200 4118
INFO 2025-07-09 15:44:46,121 basehttp 213 "GET /static/common/jquery.pagination.css HTTP/1.1" 200 523
INFO 2025-07-09 15:44:46,121 basehttp 213 "GET /static/bootstrap/css/bootstrap.min.css HTTP/1.1" 200 140942
INFO 2025-07-09 15:44:46,124 basehttp 213 "GET /static/js/axios-0.18.0.min.js HTTP/1.1" 200 12941
INFO 2025-07-09 15:44:46,125 basehttp 213 "GET /static/js/jquery-1.12.4.min.js HTTP/1.1" 200 97163
INFO 2025-07-09 15:44:46,126 basehttp 213 "GET /static/js/host.js HTTP/1.1" 200 35
INFO 2025-07-09 15:44:46,126 basehttp 213 "GET /static/img/1.jpg HTTP/1.1" 200 78682
INFO 2025-07-09 15:44:46,127 basehttp 213 "GET /static/js/vue-2.5.16.js HTTP/1.1" 200 289307
INFO 2025-07-09 15:44:46,128 basehttp 213 "GET /static/js/common.js HTTP/1.1" 200 891
INFO 2025-07-09 15:44:46,128 basehttp 213 "GET /static/js/index.js HTTP/1.1" 200 530
INFO 2025-07-09 15:44:46,129 basehttp 213 "GET /static/js/jquery.pagination.min.js HTTP/1.1" 200 2935
INFO 2025-07-09 15:49:47,205 autoreload 265 D:\PythonCode\pythonProject4\7.8newBlog\blog\blog\settings.py changed, reloading.
INFO 2025-07-09 15:49:47,779 autoreload 667 Watching for file changes with StatReloader
INFO 2025-07-09 15:49:59,103 autoreload 265 D:\PythonCode\pythonProject4\7.8newBlog\blog\blog\settings.py changed, reloading.
INFO 2025-07-09 15:49:59,609 autoreload 667 Watching for file changes with StatReloader
INFO 2025-07-09 15:50:50,631 autoreload 265 D:\PythonCode\pythonProject4\7.8newBlog\blog\blog\settings.py changed, reloading.
INFO 2025-07-09 15:50:51,158 autoreload 667 Watching for file changes with StatReloader
INFO 2025-07-09 15:58:30,263 autoreload 265 D:\PythonCode\pythonProject4\7.8newBlog\blog\blog\urls.py changed, reloading.
INFO 2025-07-09 15:58:30,798 autoreload 667 Watching for file changes with StatReloader
INFO 2025-07-09 15:58:55,378 autoreload 265 D:\PythonCode\pythonProject4\7.8newBlog\blog\blog\urls.py changed, reloading.
INFO 2025-07-09 15:58:55,935 autoreload 667 Watching for file changes with StatReloader
INFO 2025-07-09 15:59:27,630 autoreload 265 D:\PythonCode\pythonProject4\7.8newBlog\blog\blog\urls.py changed, reloading.
INFO 2025-07-09 15:59:28,139 autoreload 667 Watching for file changes with StatReloader
INFO 2025-07-09 16:00:30,266 autoreload 265 D:\PythonCode\pythonProject4\7.8newBlog\blog\blog\urls.py changed, reloading.
INFO 2025-07-09 16:00:30,799 autoreload 667 Watching for file changes with StatReloader
INFO 2025-07-09 16:00:56,416 autoreload 265 D:\PythonCode\pythonProject4\7.8newBlog\blog\blog\urls.py changed, reloading.
INFO 2025-07-09 16:00:56,958 autoreload 667 Watching for file changes with StatReloader
INFO 2025-07-09 16:01:24,585 autoreload 265 D:\PythonCode\pythonProject4\7.8newBlog\blog\blog\urls.py changed, reloading.
INFO 2025-07-09 16:01:25,105 autoreload 667 Watching for file changes with StatReloader
INFO 2025-07-09 16:03:45,872 autoreload 667 Watching for file changes with StatReloader
INFO 2025-07-09 16:03:59,421 autoreload 667 Watching for file changes with StatReloader
INFO 2025-07-09 16:04:43,447 autoreload 667 Watching for file changes with StatReloader
INFO 2025-07-09 16:05:04,991 autoreload 265 D:\PythonCode\pythonProject4\7.8newBlog\blog\users\urls.py changed, reloading.
INFO 2025-07-09 16:05:05,531 autoreload 667 Watching for file changes with StatReloader
INFO 2025-07-09 16:07:44,023 autoreload 265 D:\PythonCode\pythonProject4\7.8newBlog\blog\users\urls.py changed, reloading.
INFO 2025-07-09 16:07:44,547 autoreload 667 Watching for file changes with StatReloader
INFO 2025-07-09 16:07:57,997 autoreload 265 D:\PythonCode\pythonProject4\7.8newBlog\blog\users\urls.py changed, reloading.
INFO 2025-07-09 16:07:58,510 autoreload 667 Watching for file changes with StatReloader
INFO 2025-07-09 16:08:21,166 autoreload 667 Watching for file changes with StatReloader
INFO 2025-07-09 16:08:47,795 autoreload 265 D:\PythonCode\pythonProject4\7.8newBlog\blog\users\urls.py changed, reloading.
INFO 2025-07-09 16:08:49,323 autoreload 667 Watching for file changes with StatReloader
INFO 2025-07-09 16:10:26,511 autoreload 667 Watching for file changes with StatReloader
INFO 2025-07-09 16:10:48,050 autoreload 265 D:\PythonCode\pythonProject4\7.8newBlog\blog\blog\urls.py changed, reloading.
INFO 2025-07-09 16:10:48,560 autoreload 667 Watching for file changes with StatReloader
WARNING 2025-07-09 16:10:50,835 log 253 Not Found: /
WARNING 2025-07-09 16:10:50,836 basehttp 213 "GET / HTTP/1.1" 404 2414
INFO 2025-07-09 16:10:57,905 basehttp 213 "GET /register HTTP/1.1" 301 0
INFO 2025-07-09 16:10:57,910 basehttp 213 "GET /register/ HTTP/1.1" 200 5217
INFO 2025-07-09 16:10:58,079 basehttp 213 "GET /static/js/register.js HTTP/1.1" 200 6407
INFO 2025-07-09 16:10:58,086 basehttp 213 "GET /static/img/image_code.png HTTP/1.1" 200 3483
INFO 2025-07-09 16:20:06,821 autoreload 667 Watching for file changes with StatReloader
WARNING 2025-07-09 16:20:09,067 log 253 Not Found: /
WARNING 2025-07-09 16:20:09,068 basehttp 213 "GET / HTTP/1.1" 404 2414
ERROR 2025-07-09 16:20:13,080 log 253 Internal Server Error: /register/
Traceback (most recent call last):
  File "D:\anaconda3\envs\BYSJ\Lib\site-packages\django\template\defaulttags.py", line 1035, in find_library
    return parser.libraries[name]
           ~~~~~~~~~~~~~~~~^^^^^^
KeyError: 'staticfiles'

During handling of the above exception, another exception occurred:

Traceback (most recent call last):
  File "D:\anaconda3\envs\BYSJ\Lib\site-packages\django\core\handlers\exception.py", line 55, in inner
    response = get_response(request)
               ^^^^^^^^^^^^^^^^^^^^^
  File "D:\anaconda3\envs\BYSJ\Lib\site-packages\django\core\handlers\base.py", line 197, in _get_response
    response = wrapped_callback(request, *callback_args, **callback_kwargs)
               ^^^^^^^^^^^^^^^^^^^^^^^^^^^^^^^^^^^^^^^^^^^^^^^^^^^^^^^^^^^^
  File "D:\anaconda3\envs\BYSJ\Lib\site-packages\django\views\generic\base.py", line 105, in view
    return self.dispatch(request, *args, **kwargs)
           ^^^^^^^^^^^^^^^^^^^^^^^^^^^^^^^^^^^^^^^
  File "D:\anaconda3\envs\BYSJ\Lib\site-packages\django\views\generic\base.py", line 144, in dispatch
    return handler(request, *args, **kwargs)
           ^^^^^^^^^^^^^^^^^^^^^^^^^^^^^^^^^
  File "D:\PythonCode\pythonProject4\7.8newBlog\blog\users\views.py", line 12, in get
    return render(request, 'register.html')
           ^^^^^^^^^^^^^^^^^^^^^^^^^^^^^^^^
  File "D:\anaconda3\envs\BYSJ\Lib\site-packages\django\shortcuts.py", line 25, in render
    content = loader.render_to_string(template_name, context, request, using=using)
              ^^^^^^^^^^^^^^^^^^^^^^^^^^^^^^^^^^^^^^^^^^^^^^^^^^^^^^^^^^^^^^^^^^^^^
  File "D:\anaconda3\envs\BYSJ\Lib\site-packages\django\template\loader.py", line 61, in render_to_string
    template = get_template(template_name, using=using)
               ^^^^^^^^^^^^^^^^^^^^^^^^^^^^^^^^^^^^^^^^
  File "D:\anaconda3\envs\BYSJ\Lib\site-packages\django\template\loader.py", line 15, in get_template
    return engine.get_template(template_name)
           ^^^^^^^^^^^^^^^^^^^^^^^^^^^^^^^^^^
  File "D:\anaconda3\envs\BYSJ\Lib\site-packages\django\template\backends\django.py", line 79, in get_template
    return Template(self.engine.get_template(template_name), self)
                    ^^^^^^^^^^^^^^^^^^^^^^^^^^^^^^^^^^^^^^^
  File "D:\anaconda3\envs\BYSJ\Lib\site-packages\django\template\engine.py", line 177, in get_template
    template, origin = self.find_template(template_name)
                       ^^^^^^^^^^^^^^^^^^^^^^^^^^^^^^^^^
  File "D:\anaconda3\envs\BYSJ\Lib\site-packages\django\template\engine.py", line 159, in find_template
    template = loader.get_template(name, skip=skip)
               ^^^^^^^^^^^^^^^^^^^^^^^^^^^^^^^^^^^^
  File "D:\anaconda3\envs\BYSJ\Lib\site-packages\django\template\loaders\cached.py", line 57, in get_template
    template = super().get_template(template_name, skip)
               ^^^^^^^^^^^^^^^^^^^^^^^^^^^^^^^^^^^^^^^^^
  File "D:\anaconda3\envs\BYSJ\Lib\site-packages\django\template\loaders\base.py", line 28, in get_template
    return Template(
           ^^^^^^^^^
  File "D:\anaconda3\envs\BYSJ\Lib\site-packages\django\template\base.py", line 154, in __init__
    self.nodelist = self.compile_nodelist()
                    ^^^^^^^^^^^^^^^^^^^^^^^
  File "D:\anaconda3\envs\BYSJ\Lib\site-packages\django\template\base.py", line 196, in compile_nodelist
    nodelist = parser.parse()
               ^^^^^^^^^^^^^^
  File "D:\anaconda3\envs\BYSJ\Lib\site-packages\django\template\base.py", line 518, in parse
    raise self.error(token, e)
  File "D:\anaconda3\envs\BYSJ\Lib\site-packages\django\template\base.py", line 516, in parse
    compiled_result = compile_func(self, token)
                      ^^^^^^^^^^^^^^^^^^^^^^^^^
  File "D:\anaconda3\envs\BYSJ\Lib\site-packages\django\template\defaulttags.py", line 1097, in load
    lib = find_library(parser, name)
          ^^^^^^^^^^^^^^^^^^^^^^^^^^
  File "D:\anaconda3\envs\BYSJ\Lib\site-packages\django\template\defaulttags.py", line 1037, in find_library
    raise TemplateSyntaxError(
django.template.exceptions.TemplateSyntaxError: 'staticfiles' is not a registered tag library. Must be one of:
admin_list
admin_modify
admin_urls
cache
i18n
l10n
log
static
tz
ERROR 2025-07-09 16:20:13,086 basehttp 213 "GET /register/ HTTP/1.1" 500 176793
INFO 2025-07-09 16:22:28,871 autoreload 667 Watching for file changes with StatReloader
WARNING 2025-07-09 16:22:30,224 log 253 Not Found: /
WARNING 2025-07-09 16:22:30,225 basehttp 213 "GET / HTTP/1.1" 404 2414
WARNING 2025-07-09 16:22:30,231 log 253 Not Found: /
WARNING 2025-07-09 16:22:30,231 basehttp 213 "GET / HTTP/1.1" 404 2414
INFO 2025-07-09 16:22:33,992 basehttp 213 "GET /register/ HTTP/1.1" 200 5210
INFO 2025-07-09 16:27:19,861 autoreload 265 D:\PythonCode\pythonProject4\7.8newBlog\blog\users\models.py changed, reloading.
INFO 2025-07-09 16:27:20,481 autoreload 667 Watching for file changes with StatReloader
INFO 2025-07-09 16:57:39,620 autoreload 667 Watching for file changes with StatReloader
INFO 2025-07-09 17:03:56,504 autoreload 667 Watching for file changes with StatReloader
WARNING 2025-07-09 17:03:58,192 log 253 Not Found: /
WARNING 2025-07-09 17:03:58,192 basehttp 213 "GET / HTTP/1.1" 404 2414
WARNING 2025-07-09 17:04:04,366 log 253 Not Found: /rigister
WARNING 2025-07-09 17:04:04,366 basehttp 213 "GET /rigister HTTP/1.1" 404 2456
WARNING 2025-07-09 17:04:08,316 log 253 Not Found: /rigister
WARNING 2025-07-09 17:04:08,316 basehttp 213 "GET /rigister HTTP/1.1" 404 2456
WARNING 2025-07-09 17:04:08,985 log 253 Not Found: /rigister
WARNING 2025-07-09 17:04:08,989 basehttp 213 "GET /rigister HTTP/1.1" 404 2456
WARNING 2025-07-09 17:04:09,149 log 253 Not Found: /rigister
WARNING 2025-07-09 17:04:09,149 basehttp 213 "GET /rigister HTTP/1.1" 404 2456
INFO 2025-07-09 17:04:20,964 basehttp 213 "GET /register HTTP/1.1" 301 0
INFO 2025-07-09 17:04:20,969 basehttp 213 "GET /register/ HTTP/1.1" 200 5210
INFO 2025-07-09 17:04:21,176 basehttp 213 "GET /static/js/vue-2.5.16.js HTTP/1.1" 200 289307
INFO 2025-07-09 17:04:21,176 basehttp 213 "GET /static/js/axios-0.18.0.min.js HTTP/1.1" 200 12941
INFO 2025-07-09 17:04:21,180 basehttp 213 "GET /static/bootstrap/css/bootstrap.min.css HTTP/1.1" 200 140942
INFO 2025-07-09 17:04:21,184 basehttp 213 "GET /static/img/image_code.png HTTP/1.1" 200 3483
INFO 2025-07-09 17:04:21,184 basehttp 213 "GET /static/js/host.js HTTP/1.1" 200 35
INFO 2025-07-09 17:04:21,186 basehttp 213 "GET /static/js/common.js HTTP/1.1" 200 891
INFO 2025-07-09 17:04:21,189 basehttp 213 "GET /static/js/register.js HTTP/1.1" 200 6407
INFO 2025-07-09 17:04:25,658 basehttp 213 "GET /register/ HTTP/1.1" 200 5210
INFO 2025-07-10 13:24:25,821 autoreload 667 Watching for file changes with StatReloader
WARNING 2025-07-10 13:24:30,279 log 253 Not Found: /
WARNING 2025-07-10 13:24:30,279 basehttp 213 "GET / HTTP/1.1" 404 2675
WARNING 2025-07-10 13:24:30,294 log 253 Not Found: /
WARNING 2025-07-10 13:24:30,295 basehttp 213 "GET / HTTP/1.1" 404 2675
WARNING 2025-07-10 13:24:30,313 log 253 Not Found: /favicon.ico
WARNING 2025-07-10 13:24:30,314 basehttp 213 "GET /favicon.ico HTTP/1.1" 404 2726
INFO 2025-07-10 13:26:08,856 autoreload 667 Watching for file changes with StatReloader
ERROR 2025-07-10 13:26:09,762 log 253 Internal Server Error: /imagecode/
Traceback (most recent call last):
  File "D:\anaconda3\envs\BYSJ\Lib\site-packages\django\core\handlers\exception.py", line 55, in inner
    response = get_response(request)
               ^^^^^^^^^^^^^^^^^^^^^
  File "D:\anaconda3\envs\BYSJ\Lib\site-packages\django\core\handlers\base.py", line 197, in _get_response
    response = wrapped_callback(request, *callback_args, **callback_kwargs)
               ^^^^^^^^^^^^^^^^^^^^^^^^^^^^^^^^^^^^^^^^^^^^^^^^^^^^^^^^^^^^
  File "D:\anaconda3\envs\BYSJ\Lib\site-packages\django\views\generic\base.py", line 105, in view
    return self.dispatch(request, *args, **kwargs)
           ^^^^^^^^^^^^^^^^^^^^^^^^^^^^^^^^^^^^^^^
  File "D:\anaconda3\envs\BYSJ\Lib\site-packages\django\views\generic\base.py", line 144, in dispatch
    return handler(request, *args, **kwargs)
           ^^^^^^^^^^^^^^^^^^^^^^^^^^^^^^^^^
  File "D:\PythonCode\pythonProject4\7.8newBlog\blog\users\views.py", line 25, in get
    text, image = Captcha.generate_captcha()
                  ^^^^^^^^^^^^^^^^^^^^^^^^^^
TypeError: Captcha.generate_captcha() missing 1 required positional argument: 'self'
ERROR 2025-07-10 13:26:09,763 basehttp 213 "GET /imagecode/?uuid=123 HTTP/1.1" 500 84485
INFO 2025-07-10 13:28:14,036 autoreload 265 D:\PythonCode\pythonProject4\7.8newBlog\blog\users\views.py changed, reloading.
INFO 2025-07-10 13:28:14,547 autoreload 667 Watching for file changes with StatReloader
INFO 2025-07-10 13:28:16,379 autoreload 667 Watching for file changes with StatReloader
WARNING 2025-07-10 13:28:20,173 log 253 Not Found: /
WARNING 2025-07-10 13:28:20,173 basehttp 213 "GET / HTTP/1.1" 404 2675
INFO 2025-07-10 13:28:38,146 basehttp 213 "GET /register/ HTTP/1.1" 200 5210
ERROR 2025-07-10 13:28:58,663 log 253 Internal Server Error: /imagecode/
Traceback (most recent call last):
  File "D:\anaconda3\envs\BYSJ\Lib\site-packages\django\core\handlers\exception.py", line 55, in inner
    response = get_response(request)
               ^^^^^^^^^^^^^^^^^^^^^
  File "D:\anaconda3\envs\BYSJ\Lib\site-packages\django\core\handlers\base.py", line 197, in _get_response
    response = wrapped_callback(request, *callback_args, **callback_kwargs)
               ^^^^^^^^^^^^^^^^^^^^^^^^^^^^^^^^^^^^^^^^^^^^^^^^^^^^^^^^^^^^
  File "D:\anaconda3\envs\BYSJ\Lib\site-packages\django\views\generic\base.py", line 105, in view
    return self.dispatch(request, *args, **kwargs)
           ^^^^^^^^^^^^^^^^^^^^^^^^^^^^^^^^^^^^^^^
  File "D:\anaconda3\envs\BYSJ\Lib\site-packages\django\views\generic\base.py", line 144, in dispatch
    return handler(request, *args, **kwargs)
           ^^^^^^^^^^^^^^^^^^^^^^^^^^^^^^^^^
  File "D:\PythonCode\pythonProject4\7.8newBlog\blog\users\views.py", line 25, in get
    text, image = Captcha.captcha().generate_captcha()
                  ^^^^^^^^^^^^^^^^^
TypeError: Captcha.captcha() missing 1 required positional argument: 'self'
ERROR 2025-07-10 13:28:58,664 basehttp 213 "GET /imagecode/?uuid=123 HTTP/1.1" 500 84314
INFO 2025-07-10 13:29:30,383 autoreload 667 Watching for file changes with StatReloader
WARNING 2025-07-10 13:29:42,432 log 253 Not Found: /
WARNING 2025-07-10 13:29:42,433 basehttp 213 "GET / HTTP/1.1" 404 2675
WARNING 2025-07-10 13:29:42,483 log 253 Not Found: /favicon.ico
WARNING 2025-07-10 13:29:42,486 basehttp 213 "GET /favicon.ico HTTP/1.1" 404 2726
ERROR 2025-07-10 13:30:44,483 log 253 Internal Server Error: /imagecode/
Traceback (most recent call last):
  File "D:\anaconda3\envs\BYSJ\Lib\site-packages\django\core\handlers\exception.py", line 55, in inner
    response = get_response(request)
               ^^^^^^^^^^^^^^^^^^^^^
  File "D:\anaconda3\envs\BYSJ\Lib\site-packages\django\core\handlers\base.py", line 197, in _get_response
    response = wrapped_callback(request, *callback_args, **callback_kwargs)
               ^^^^^^^^^^^^^^^^^^^^^^^^^^^^^^^^^^^^^^^^^^^^^^^^^^^^^^^^^^^^
  File "D:\anaconda3\envs\BYSJ\Lib\site-packages\django\views\generic\base.py", line 105, in view
    return self.dispatch(request, *args, **kwargs)
           ^^^^^^^^^^^^^^^^^^^^^^^^^^^^^^^^^^^^^^^
  File "D:\anaconda3\envs\BYSJ\Lib\site-packages\django\views\generic\base.py", line 144, in dispatch
    return handler(request, *args, **kwargs)
           ^^^^^^^^^^^^^^^^^^^^^^^^^^^^^^^^^
  File "D:\PythonCode\pythonProject4\7.8newBlog\blog\users\views.py", line 25, in get
    text, image = Captcha.captcha().generate_captcha()
                  ^^^^^^^^^^^^^^^^^
TypeError: Captcha.captcha() missing 1 required positional argument: 'self'
ERROR 2025-07-10 13:30:44,492 basehttp 213 "GET /imagecode/?uuid=123 HTTP/1.1" 500 104191
INFO 2025-07-10 13:32:34,144 autoreload 265 D:\PythonCode\pythonProject4\7.8newBlog\blog\users\views.py changed, reloading.
INFO 2025-07-10 13:32:37,417 autoreload 667 Watching for file changes with StatReloader
WARNING 2025-07-10 13:32:41,569 log 253 Not Found: /
WARNING 2025-07-10 13:32:41,569 basehttp 213 "GET / HTTP/1.1" 404 2675
INFO 2025-07-10 13:33:32,397 autoreload 667 Watching for file changes with StatReloader
INFO 2025-07-10 13:33:37,760 autoreload 667 Watching for file changes with StatReloader
WARNING 2025-07-10 13:33:41,280 log 253 Not Found: /
WARNING 2025-07-10 13:33:41,281 basehttp 213 "GET / HTTP/1.1" 404 2675
WARNING 2025-07-10 13:33:50,093 log 253 Not Found: /imagecode/uuid
WARNING 2025-07-10 13:33:50,094 basehttp 213 "GET /imagecode/uuid?=123 HTTP/1.1" 404 2740
INFO 2025-07-10 13:36:17,969 autoreload 265 D:\PythonCode\pythonProject4\7.8newBlog\blog\users\views.py changed, reloading.
INFO 2025-07-10 13:36:19,162 autoreload 667 Watching for file changes with StatReloader
INFO 2025-07-10 13:36:23,683 autoreload 667 Watching for file changes with StatReloader
ERROR 2025-07-10 13:36:33,964 log 253 Internal Server Error: /imagecode/
Traceback (most recent call last):
  File "D:\anaconda3\envs\BYSJ\Lib\site-packages\django\core\handlers\exception.py", line 55, in inner
    response = get_response(request)
               ^^^^^^^^^^^^^^^^^^^^^
  File "D:\anaconda3\envs\BYSJ\Lib\site-packages\django\core\handlers\base.py", line 197, in _get_response
    response = wrapped_callback(request, *callback_args, **callback_kwargs)
               ^^^^^^^^^^^^^^^^^^^^^^^^^^^^^^^^^^^^^^^^^^^^^^^^^^^^^^^^^^^^
  File "D:\anaconda3\envs\BYSJ\Lib\site-packages\django\views\generic\base.py", line 105, in view
    return self.dispatch(request, *args, **kwargs)
           ^^^^^^^^^^^^^^^^^^^^^^^^^^^^^^^^^^^^^^^
  File "D:\anaconda3\envs\BYSJ\Lib\site-packages\django\views\generic\base.py", line 144, in dispatch
    return handler(request, *args, **kwargs)
           ^^^^^^^^^^^^^^^^^^^^^^^^^^^^^^^^^
  File "D:\PythonCode\pythonProject4\7.8newBlog\blog\users\views.py", line 25, in get
    text, image = captcha.generate_captcha()
                  ^^^^^^^
NameError: name 'captcha' is not defined
ERROR 2025-07-10 13:36:33,973 basehttp 213 "GET /imagecode/?uuid=123 HTTP/1.1" 500 104148
INFO 2025-07-10 13:38:27,904 autoreload 265 D:\PythonCode\pythonProject4\7.8newBlog\blog\users\views.py changed, reloading.
INFO 2025-07-10 13:38:29,061 autoreload 667 Watching for file changes with StatReloader
WARNING 2025-07-10 13:38:35,575 log 253 Not Found: /
WARNING 2025-07-10 13:38:35,576 basehttp 213 "GET / HTTP/1.1" 404 2675
INFO 2025-07-10 13:39:18,345 autoreload 667 Watching for file changes with StatReloader
WARNING 2025-07-10 13:39:29,687 log 253 Not Found: /
WARNING 2025-07-10 13:39:29,688 basehttp 213 "GET / HTTP/1.1" 404 2675
INFO 2025-07-10 13:39:58,060 autoreload 667 Watching for file changes with StatReloader
WARNING 2025-07-10 13:39:59,512 log 253 Not Found: /
WARNING 2025-07-10 13:39:59,513 basehttp 213 "GET / HTTP/1.1" 404 2675
WARNING 2025-07-10 13:40:02,436 log 253 Not Found: /
WARNING 2025-07-10 13:40:02,436 basehttp 213 "GET / HTTP/1.1" 404 2675
WARNING 2025-07-10 13:40:02,487 log 253 Not Found: /favicon.ico
WARNING 2025-07-10 13:40:02,488 basehttp 213 "GET /favicon.ico HTTP/1.1" 404 2726
INFO 2025-07-10 13:43:42,204 autoreload 265 D:\PythonCode\pythonProject4\7.8newBlog\blog\users\views.py changed, reloading.
INFO 2025-07-10 13:43:43,333 autoreload 667 Watching for file changes with StatReloader
INFO 2025-07-10 13:44:26,639 autoreload 265 D:\PythonCode\pythonProject4\7.8newBlog\blog\users\views.py changed, reloading.
INFO 2025-07-10 13:44:27,779 autoreload 667 Watching for file changes with StatReloader
INFO 2025-07-10 13:58:04,966 autoreload 667 Watching for file changes with StatReloader
WARNING 2025-07-10 13:58:09,407 log 253 Not Found: /
WARNING 2025-07-10 13:58:09,407 basehttp 213 "GET / HTTP/1.1" 404 2675
WARNING 2025-07-10 13:58:13,013 log 253 Not Found: /
WARNING 2025-07-10 13:58:13,014 basehttp 213 "GET / HTTP/1.1" 404 2675
WARNING 2025-07-10 13:58:13,052 log 253 Not Found: /favicon.ico
WARNING 2025-07-10 13:58:13,052 basehttp 213 "GET /favicon.ico HTTP/1.1" 404 2726
ERROR 2025-07-10 13:58:24,355 log 253 Internal Server Error: /imagecode/
Traceback (most recent call last):
  File "D:\anaconda3\envs\BYSJ\Lib\site-packages\django\core\handlers\exception.py", line 55, in inner
    response = get_response(request)
               ^^^^^^^^^^^^^^^^^^^^^
  File "D:\anaconda3\envs\BYSJ\Lib\site-packages\django\core\handlers\base.py", line 197, in _get_response
    response = wrapped_callback(request, *callback_args, **callback_kwargs)
               ^^^^^^^^^^^^^^^^^^^^^^^^^^^^^^^^^^^^^^^^^^^^^^^^^^^^^^^^^^^^
  File "D:\anaconda3\envs\BYSJ\Lib\site-packages\django\views\generic\base.py", line 105, in view
    return self.dispatch(request, *args, **kwargs)
           ^^^^^^^^^^^^^^^^^^^^^^^^^^^^^^^^^^^^^^^
  File "D:\anaconda3\envs\BYSJ\Lib\site-packages\django\views\generic\base.py", line 144, in dispatch
    return handler(request, *args, **kwargs)
           ^^^^^^^^^^^^^^^^^^^^^^^^^^^^^^^^^
  File "D:\PythonCode\pythonProject4\7.8newBlog\blog\users\views.py", line 28, in get
    text, image = captcha.generate_captcha()
                  ^^^^^^^^^^^^^^^^^^^^^^^^^^
  File "D:\PythonCode\pythonProject4\7.8newBlog\blog\libs\captcha\captcha.py", line 215, in generate_captcha
    return self.captcha("")
           ^^^^^^^^^^^^^^^^
  File "D:\PythonCode\pythonProject4\7.8newBlog\blog\libs\captcha\captcha.py", line 204, in captcha
    image = self.text(image, self.fonts, drawings=['warp', 'rotate', 'offset'])
            ^^^^^^^^^^^^^^^^^^^^^^^^^^^^^^^^^^^^^^^^^^^^^^^^^^^^^^^^^^^^^^^^^^^
  File "D:\PythonCode\pythonProject4\7.8newBlog\blog\libs\captcha\captcha.py", line 132, in text
    c_width, c_height = draw.textsize(c, font=font)
                        ^^^^^^^^^^^^^
AttributeError: 'ImageDraw' object has no attribute 'textsize'
ERROR 2025-07-10 13:58:24,357 basehttp 213 "GET /imagecode/?uuid=123 HTTP/1.1" 500 98579
INFO 2025-07-10 14:02:45,372 autoreload 667 Watching for file changes with StatReloader
WARNING 2025-07-10 14:02:47,007 log 253 Not Found: /
WARNING 2025-07-10 14:02:47,007 basehttp 213 "GET / HTTP/1.1" 404 2675
ERROR 2025-07-10 14:02:58,619 log 253 Internal Server Error: /imagecode/
Traceback (most recent call last):
  File "D:\anaconda3\envs\BYSJ\Lib\site-packages\django\core\handlers\exception.py", line 55, in inner
    response = get_response(request)
               ^^^^^^^^^^^^^^^^^^^^^
  File "D:\anaconda3\envs\BYSJ\Lib\site-packages\django\core\handlers\base.py", line 197, in _get_response
    response = wrapped_callback(request, *callback_args, **callback_kwargs)
               ^^^^^^^^^^^^^^^^^^^^^^^^^^^^^^^^^^^^^^^^^^^^^^^^^^^^^^^^^^^^
  File "D:\anaconda3\envs\BYSJ\Lib\site-packages\django\views\generic\base.py", line 105, in view
    return self.dispatch(request, *args, **kwargs)
           ^^^^^^^^^^^^^^^^^^^^^^^^^^^^^^^^^^^^^^^
  File "D:\anaconda3\envs\BYSJ\Lib\site-packages\django\views\generic\base.py", line 144, in dispatch
    return handler(request, *args, **kwargs)
           ^^^^^^^^^^^^^^^^^^^^^^^^^^^^^^^^^
  File "D:\PythonCode\pythonProject4\7.8newBlog\blog\users\views.py", line 28, in get
    text, image = captcha.generate_captcha()
                  ^^^^^^^^^^^^^^^^^^^^^^^^^^
  File "D:\PythonCode\pythonProject4\7.8newBlog\blog\libs\captcha\captcha.py", line 215, in generate_captcha
    return self.captcha("")
           ^^^^^^^^^^^^^^^^
  File "D:\PythonCode\pythonProject4\7.8newBlog\blog\libs\captcha\captcha.py", line 204, in captcha
    image = self.text(image, self.fonts, drawings=['warp', 'rotate', 'offset'])
            ^^^^^^^^^^^^^^^^^^^^^^^^^^^^^^^^^^^^^^^^^^^^^^^^^^^^^^^^^^^^^^^^^^^
  File "D:\PythonCode\pythonProject4\7.8newBlog\blog\libs\captcha\captcha.py", line 132, in text
    c_width, c_height = draw.textsize(c, font=font)
                        ^^^^^^^^^^^^^
AttributeError: 'ImageDraw' object has no attribute 'textsize'
ERROR 2025-07-10 14:02:58,621 basehttp 213 "GET /imagecode/?uuid=123 HTTP/1.1" 500 98580
INFO 2025-07-10 14:10:54,630 autoreload 265 D:\anaconda3\envs\BYSJ\Lib\site-packages\PIL\_version.py changed, reloading.
INFO 2025-07-10 14:10:55,186 autoreload 667 Watching for file changes with StatReloader
WARNING 2025-07-10 14:11:00,396 log 253 Not Found: /
WARNING 2025-07-10 14:11:00,396 basehttp 213 "GET / HTTP/1.1" 404 2675
ERROR 2025-07-10 14:11:10,213 log 253 Internal Server Error: /imagecode/
Traceback (most recent call last):
  File "D:\anaconda3\envs\BYSJ\Lib\site-packages\django\core\handlers\exception.py", line 55, in inner
    response = get_response(request)
               ^^^^^^^^^^^^^^^^^^^^^
  File "D:\anaconda3\envs\BYSJ\Lib\site-packages\django\core\handlers\base.py", line 197, in _get_response
    response = wrapped_callback(request, *callback_args, **callback_kwargs)
               ^^^^^^^^^^^^^^^^^^^^^^^^^^^^^^^^^^^^^^^^^^^^^^^^^^^^^^^^^^^^
  File "D:\anaconda3\envs\BYSJ\Lib\site-packages\django\views\generic\base.py", line 105, in view
    return self.dispatch(request, *args, **kwargs)
           ^^^^^^^^^^^^^^^^^^^^^^^^^^^^^^^^^^^^^^^
  File "D:\anaconda3\envs\BYSJ\Lib\site-packages\django\views\generic\base.py", line 144, in dispatch
    return handler(request, *args, **kwargs)
           ^^^^^^^^^^^^^^^^^^^^^^^^^^^^^^^^^
  File "D:\PythonCode\pythonProject4\7.8newBlog\blog\users\views.py", line 28, in get
    text, image = captcha.generate_captcha()
                  ^^^^^^^^^^^^^^^^^^^^^^^^^^
  File "D:\PythonCode\pythonProject4\7.8newBlog\blog\libs\captcha\captcha.py", line 215, in generate_captcha
    return self.captcha("")
           ^^^^^^^^^^^^^^^^
  File "D:\PythonCode\pythonProject4\7.8newBlog\blog\libs\captcha\captcha.py", line 204, in captcha
    image = self.text(image, self.fonts, drawings=['warp', 'rotate', 'offset'])
            ^^^^^^^^^^^^^^^^^^^^^^^^^^^^^^^^^^^^^^^^^^^^^^^^^^^^^^^^^^^^^^^^^^^
  File "D:\PythonCode\pythonProject4\7.8newBlog\blog\libs\captcha\captcha.py", line 132, in text
    c_width, c_height = draw.textsize(c, font=font)
                        ^^^^^^^^^^^^^
AttributeError: 'ImageDraw' object has no attribute 'textsize'
ERROR 2025-07-10 14:11:10,217 basehttp 213 "GET /imagecode/?uuid=123 HTTP/1.1" 500 98580
INFO 2025-07-10 14:21:41,863 autoreload 265 D:\anaconda3\envs\BYSJ\Lib\site-packages\PIL\_util.py changed, reloading.
INFO 2025-07-10 14:21:42,776 autoreload 667 Watching for file changes with StatReloader
INFO 2025-07-10 14:22:23,082 autoreload 667 Watching for file changes with StatReloader
WARNING 2025-07-10 14:22:25,302 log 253 Not Found: /
WARNING 2025-07-10 14:22:25,303 basehttp 213 "GET / HTTP/1.1" 404 2675
WARNING 2025-07-10 14:22:25,310 log 253 Not Found: /
WARNING 2025-07-10 14:22:25,310 basehttp 213 "GET / HTTP/1.1" 404 2675
INFO 2025-07-10 14:22:33,635 basehttp 213 "GET /imagecode/?uuid=123 HTTP/1.1" 200 2944
INFO 2025-07-10 14:35:39,882 autoreload 667 Watching for file changes with StatReloader
WARNING 2025-07-10 14:35:41,776 log 253 Not Found: /
WARNING 2025-07-10 14:35:41,777 basehttp 213 "GET / HTTP/1.1" 404 2675
WARNING 2025-07-10 14:35:41,827 log 253 Not Found: /favicon.ico
WARNING 2025-07-10 14:35:41,828 basehttp 213 "GET /favicon.ico HTTP/1.1" 404 2726
INFO 2025-07-10 14:35:46,354 basehttp 213 "GET /register/ HTTP/1.1" 200 5198
WARNING 2025-07-10 14:35:46,360 log 253 Not Found: /register/image_code_url
WARNING 2025-07-10 14:35:46,361 basehttp 213 "GET /register/image_code_url HTTP/1.1" 404 2762
WARNING 2025-07-10 14:35:46,392 log 253 Not Found: /register/image_code_url
WARNING 2025-07-10 14:35:46,392 basehttp 213 "GET /register/image_code_url HTTP/1.1" 404 2762
WARNING 2025-07-10 14:35:52,309 log 253 Not Found: /.well-known/appspecific/com.chrome.devtools.json
WARNING 2025-07-10 14:35:52,309 basehttp 213 "GET /.well-known/appspecific/com.chrome.devtools.json HTTP/1.1" 404 2837
INFO 2025-07-10 14:35:52,418 basehttp 213 "GET /static/bootstrap/css/bootstrap.min.css.map HTTP/1.1" 200 562427
WARNING 2025-07-10 14:35:52,432 basehttp 213 "GET /static/js/axios.min.map HTTP/1.1" 404 1862
INFO 2025-07-10 14:36:01,885 basehttp 213 "GET /register/ HTTP/1.1" 200 5198
WARNING 2025-07-10 14:36:01,892 log 253 Not Found: /register/image_code_url
WARNING 2025-07-10 14:36:01,893 basehttp 213 "GET /register/image_code_url HTTP/1.1" 404 2762
WARNING 2025-07-10 14:36:01,902 log 253 Not Found: /.well-known/appspecific/com.chrome.devtools.json
WARNING 2025-07-10 14:36:01,903 basehttp 213 "GET /.well-known/appspecific/com.chrome.devtools.json HTTP/1.1" 404 2837
WARNING 2025-07-10 14:36:01,935 basehttp 213 "GET /static/js/axios.min.map HTTP/1.1" 404 1862
INFO 2025-07-10 14:36:02,440 basehttp 213 "GET /register/ HTTP/1.1" 200 5198
WARNING 2025-07-10 14:36:02,448 log 253 Not Found: /register/image_code_url
WARNING 2025-07-10 14:36:02,449 basehttp 213 "GET /register/image_code_url HTTP/1.1" 404 2762
WARNING 2025-07-10 14:36:02,456 log 253 Not Found: /.well-known/appspecific/com.chrome.devtools.json
WARNING 2025-07-10 14:36:02,457 basehttp 213 "GET /.well-known/appspecific/com.chrome.devtools.json HTTP/1.1" 404 2837
WARNING 2025-07-10 14:36:02,472 basehttp 213 "GET /static/js/axios.min.map HTTP/1.1" 404 1862
INFO 2025-07-10 14:36:02,752 basehttp 213 "GET /register/ HTTP/1.1" 200 5198
WARNING 2025-07-10 14:36:02,761 log 253 Not Found: /register/image_code_url
WARNING 2025-07-10 14:36:02,761 basehttp 213 "GET /register/image_code_url HTTP/1.1" 404 2762
WARNING 2025-07-10 14:36:02,769 log 253 Not Found: /.well-known/appspecific/com.chrome.devtools.json
WARNING 2025-07-10 14:36:02,769 basehttp 213 "GET /.well-known/appspecific/com.chrome.devtools.json HTTP/1.1" 404 2837
WARNING 2025-07-10 14:36:02,786 basehttp 213 "GET /static/js/axios.min.map HTTP/1.1" 404 1862
INFO 2025-07-10 14:36:11,417 basehttp 213 "GET /register/ HTTP/1.1" 200 5198
WARNING 2025-07-10 14:36:11,424 log 253 Not Found: /register/image_code_url
WARNING 2025-07-10 14:36:11,424 basehttp 213 "GET /register/image_code_url HTTP/1.1" 404 2762
WARNING 2025-07-10 14:36:11,430 log 253 Not Found: /.well-known/appspecific/com.chrome.devtools.json
WARNING 2025-07-10 14:36:11,430 basehttp 213 "GET /.well-known/appspecific/com.chrome.devtools.json HTTP/1.1" 404 2837
WARNING 2025-07-10 14:36:11,448 basehttp 213 "GET /static/js/axios.min.map HTTP/1.1" 404 1862
INFO 2025-07-10 14:36:11,850 basehttp 213 "GET /register/ HTTP/1.1" 200 5198
WARNING 2025-07-10 14:36:11,859 log 253 Not Found: /register/image_code_url
WARNING 2025-07-10 14:36:11,860 basehttp 213 "GET /register/image_code_url HTTP/1.1" 404 2762
WARNING 2025-07-10 14:36:11,869 log 253 Not Found: /.well-known/appspecific/com.chrome.devtools.json
WARNING 2025-07-10 14:36:11,869 basehttp 213 "GET /.well-known/appspecific/com.chrome.devtools.json HTTP/1.1" 404 2837
WARNING 2025-07-10 14:36:11,878 basehttp 213 "GET /static/js/axios.min.map HTTP/1.1" 404 1862
WARNING 2025-07-10 14:36:12,163 log 253 Not Found: /register/image_code_url
WARNING 2025-07-10 14:36:12,164 basehttp 213 "GET /register/image_code_url HTTP/1.1" 404 2762
INFO 2025-07-10 14:37:47,661 autoreload 667 Watching for file changes with StatReloader
INFO 2025-07-10 14:37:50,182 autoreload 667 Watching for file changes with StatReloader
WARNING 2025-07-10 14:37:52,972 log 253 Not Found: /
WARNING 2025-07-10 14:37:52,972 basehttp 213 "GET / HTTP/1.1" 404 2675
WARNING 2025-07-10 14:37:53,010 log 253 Not Found: /favicon.ico
WARNING 2025-07-10 14:37:53,010 basehttp 213 "GET /favicon.ico HTTP/1.1" 404 2726
INFO 2025-07-10 14:38:00,673 basehttp 213 "GET /register/ HTTP/1.1" 200 5199
INFO 2025-07-10 14:38:11,098 basehttp 213 "GET /imagecode/?uuid=f38bf623-8348-43e5-a092-3491e4b6c3b4 HTTP/1.1" 200 3321
INFO 2025-07-10 14:38:14,526 autoreload 667 Watching for file changes with StatReloader
WARNING 2025-07-10 14:38:16,357 log 253 Not Found: /
WARNING 2025-07-10 14:38:16,357 basehttp 213 "GET / HTTP/1.1" 404 2675
INFO 2025-07-10 14:38:21,102 basehttp 213 "GET /register/ HTTP/1.1" 200 5199
INFO 2025-07-10 14:38:21,148 basehttp 213 "GET /imagecode/?uuid=669b8e86-8825-4413-abb3-7129e4190bd3 HTTP/1.1" 200 3188
INFO 2025-07-10 14:38:22,787 basehttp 213 "GET /imagecode/?uuid=fa9c8cac-447a-4973-b101-88c9f577d17a HTTP/1.1" 200 3143
INFO 2025-07-10 14:38:23,374 basehttp 213 "GET /imagecode/?uuid=51be3e27-9304-4fbd-a844-88431ba8e87f HTTP/1.1" 200 3435
INFO 2025-07-10 14:38:24,006 basehttp 213 "GET /imagecode/?uuid=46ca8907-06a0-456e-957e-a4237595fb63 HTTP/1.1" 200 3277
INFO 2025-07-10 14:38:26,588 basehttp 213 "GET /imagecode/?uuid=d55bc119-3969-4f6e-82aa-343f30d4b661 HTTP/1.1" 200 3390
INFO 2025-07-10 14:38:28,229 basehttp 213 "GET /imagecode/?uuid=47e7beef-0c75-4f06-b965-c157d486ab97 HTTP/1.1" 200 3557
INFO 2025-07-10 14:38:28,606 basehttp 213 "GET /imagecode/?uuid=f92c1afe-07c9-4e1d-852d-b274464b2fa1 HTTP/1.1" 200 3041
INFO 2025-07-10 14:38:28,899 basehttp 213 "GET /imagecode/?uuid=99bca657-ffb7-44bc-97e1-a33d9d08e73a HTTP/1.1" 200 2711
INFO 2025-07-10 14:38:29,167 basehttp 213 "GET /imagecode/?uuid=0457ac6f-6651-4d6e-a132-b2e80c03c400 HTTP/1.1" 200 3345
INFO 2025-07-10 14:38:31,991 basehttp 213 "GET /imagecode/?uuid=e4066db0-b4cc-4e86-8b72-6ca6d7dbd8c3 HTTP/1.1" 200 3178
INFO 2025-07-10 14:38:32,554 basehttp 213 "GET /imagecode/?uuid=d4f7ad65-e34e-441f-904f-92d5eec38ff4 HTTP/1.1" 200 3278
INFO 2025-07-10 14:38:32,912 basehttp 213 "GET /imagecode/?uuid=a8a88bea-a8f6-4fda-915b-8e666ff2774d HTTP/1.1" 200 3137
INFO 2025-07-10 14:38:33,262 basehttp 213 "GET /imagecode/?uuid=2d5b28a7-7edc-4522-b988-6fc7f0ea28c1 HTTP/1.1" 200 3192
INFO 2025-07-10 14:38:33,611 basehttp 213 "GET /imagecode/?uuid=508c1ed4-e695-436f-881f-428f49a8a049 HTTP/1.1" 200 3094
INFO 2025-07-10 15:36:32,484 autoreload 667 Watching for file changes with StatReloader
WARNING 2025-07-10 15:36:34,947 log 253 Not Found: /
WARNING 2025-07-10 15:36:34,947 basehttp 213 "GET / HTTP/1.1" 404 2675
WARNING 2025-07-10 15:36:34,982 log 253 Not Found: /favicon.ico
WARNING 2025-07-10 15:36:34,983 basehttp 213 "GET /favicon.ico HTTP/1.1" 404 2726
INFO 2025-07-10 15:36:39,367 basehttp 213 "GET /register/ HTTP/1.1" 200 5199
INFO 2025-07-10 15:36:39,409 basehttp 213 "GET /imagecode/?uuid=6a93f32f-39b1-4460-adaa-34d19ef8e909 HTTP/1.1" 200 2834
WARNING 2025-07-10 15:37:31,185 log 253 Not Found: /smscode/
WARNING 2025-07-10 15:37:31,186 basehttp 213 "GET /smscode/?mobile=18327042196&image_code=t3ej&uuid=6a93f32f-39b1-4460-adaa-34d19ef8e909 HTTP/1.1" 404 2802
WARNING 2025-07-10 15:37:54,948 log 253 Not Found: /smscode/
WARNING 2025-07-10 15:37:54,949 basehttp 213 "GET /smscode/?mobile=18327042196&image_code=t3ej&uuid=6a93f32f-39b1-4460-adaa-34d19ef8e909 HTTP/1.1" 404 2802
INFO 2025-07-10 15:38:34,946 autoreload 265 D:\PythonCode\pythonProject4\7.8newBlog\blog\users\urls.py changed, reloading.
INFO 2025-07-10 15:38:35,484 autoreload 667 Watching for file changes with StatReloader
INFO 2025-07-10 15:38:53,822 autoreload 265 D:\PythonCode\pythonProject4\7.8newBlog\blog\users\urls.py changed, reloading.
INFO 2025-07-10 15:38:54,341 autoreload 667 Watching for file changes with StatReloader
INFO 2025-07-10 15:39:02,552 autoreload 265 D:\PythonCode\pythonProject4\7.8newBlog\blog\users\urls.py changed, reloading.
INFO 2025-07-10 15:39:03,043 autoreload 667 Watching for file changes with StatReloader
INFO 2025-07-10 15:39:48,026 autoreload 667 Watching for file changes with StatReloader
INFO 2025-07-10 15:41:59,271 autoreload 667 Watching for file changes with StatReloader
WARNING 2025-07-10 15:42:00,732 log 253 Not Found: /
WARNING 2025-07-10 15:42:00,732 basehttp 213 "GET / HTTP/1.1" 404 2934
INFO 2025-07-10 15:42:04,137 basehttp 213 "GET /register/ HTTP/1.1" 200 5199
INFO 2025-07-10 15:42:04,177 basehttp 213 "GET /imagecode/?uuid=66e00ecd-a83a-44eb-abb5-18a19dc4e8b6 HTTP/1.1" 200 2970
WARNING 2025-07-10 15:42:23,106 log 253 Not Found: /smscode/
WARNING 2025-07-10 15:42:23,106 basehttp 213 "GET /smscode/?mobile=18327042196&image_code=4ac7&uuid=66e00ecd-a83a-44eb-abb5-18a19dc4e8b6 HTTP/1.1" 404 3061
INFO 2025-07-10 15:43:19,025 autoreload 265 D:\PythonCode\pythonProject4\7.8newBlog\blog\users\urls.py changed, reloading.
INFO 2025-07-10 15:43:19,521 autoreload 667 Watching for file changes with StatReloader
INFO 2025-07-10 15:43:37,057 autoreload 265 D:\PythonCode\pythonProject4\7.8newBlog\blog\users\urls.py changed, reloading.
INFO 2025-07-10 15:43:37,571 autoreload 667 Watching for file changes with StatReloader
INFO 2025-07-10 15:43:42,105 autoreload 667 Watching for file changes with StatReloader
WARNING 2025-07-10 15:43:46,998 log 253 Not Found: /
WARNING 2025-07-10 15:43:46,999 basehttp 213 "GET / HTTP/1.1" 404 2932
INFO 2025-07-10 15:43:50,743 basehttp 213 "GET /register/ HTTP/1.1" 200 5199
INFO 2025-07-10 15:43:50,783 basehttp 213 "GET /imagecode/?uuid=d92dbf40-b3be-49bc-97a7-6ab158e9944f HTTP/1.1" 200 3380
INFO 2025-07-10 15:44:37,067 basehttp 213 "GET /smscode/?mobile=18327042196&image_code=cya0&uuid=d92dbf40-b3be-49bc-97a7-6ab158e9944f HTTP/1.1" 200 72
INFO 2025-07-10 15:44:38,217 basehttp 213 "GET /register/ HTTP/1.1" 200 5199
INFO 2025-07-10 15:44:38,236 basehttp 213 "GET /imagecode/?uuid=74149c03-d462-4cb3-94c5-5d0caef3aef8 HTTP/1.1" 200 2857
INFO 2025-07-10 15:44:39,106 basehttp 213 "GET /imagecode/?uuid=a051f71f-2e47-46da-bd03-c1926552a0c2 HTTP/1.1" 200 2906
INFO 2025-07-10 15:44:52,634 basehttp 213 "GET /imagecode/?uuid=bf1bb7d1-f6d4-4626-a230-1b1a1ecd049d HTTP/1.1" 200 3283
INFO 2025-07-10 15:44:53,220 basehttp 213 "GET /imagecode/?uuid=15c40194-2881-4258-af07-56fd92ef3041 HTTP/1.1" 200 2962
INFO 2025-07-10 15:44:57,929 basehttp 213 "GET /smscode/?mobile=18327042196&image_code=pu40&uuid=15c40194-2881-4258-af07-56fd92ef3041 HTTP/1.1" 200 72
INFO 2025-07-10 15:44:59,506 basehttp 213 "GET /smscode/?mobile=18327042196&image_code=pu40&uuid=15c40194-2881-4258-af07-56fd92ef3041 HTTP/1.1" 200 78
INFO 2025-07-10 15:44:59,677 basehttp 213 "GET /smscode/?mobile=18327042196&image_code=pu40&uuid=15c40194-2881-4258-af07-56fd92ef3041 HTTP/1.1" 200 78
INFO 2025-07-10 15:46:14,083 autoreload 667 Watching for file changes with StatReloader
WARNING 2025-07-10 15:46:18,179 log 253 Not Found: /
WARNING 2025-07-10 15:46:18,180 basehttp 213 "GET / HTTP/1.1" 404 2932
INFO 2025-07-10 15:46:21,599 basehttp 213 "GET /register/ HTTP/1.1" 200 5199
INFO 2025-07-10 15:46:21,644 basehttp 213 "GET /imagecode/?uuid=879e2906-2566-4942-bb38-28deb8ef402f HTTP/1.1" 200 3018
INFO 2025-07-10 15:46:41,206 basehttp 213 "GET /imagecode/?uuid=639517fc-9622-4afd-82bc-f777e6ba25ea HTTP/1.1" 200 3345
INFO 2025-07-10 15:46:57,061 basehttp 213 "GET /imagecode/?uuid=a66c69c2-2d5d-49f6-8b2c-94d0d3702839 HTTP/1.1" 200 2975
INFO 2025-07-10 15:46:59,512 basehttp 213 "GET /imagecode/?uuid=06ffab3f-e88d-4acb-afaf-e28c957897f7 HTTP/1.1" 200 2841
INFO 2025-07-10 15:48:49,702 views 75 549686
INFO 2025-07-10 15:50:35,605 autoreload 667 Watching for file changes with StatReloader
WARNING 2025-07-10 15:50:37,115 log 253 Not Found: /
WARNING 2025-07-10 15:50:37,115 basehttp 213 "GET / HTTP/1.1" 404 2932
INFO 2025-07-10 15:50:41,327 basehttp 213 "GET /register/ HTTP/1.1" 200 5199
INFO 2025-07-10 15:50:41,365 basehttp 213 "GET /imagecode/?uuid=630481ba-ca6b-46f5-8ca8-5bab60ae2a01 HTTP/1.1" 200 3245
INFO 2025-07-10 15:50:53,199 basehttp 213 "GET /imagecode/?uuid=03c588bc-a87f-4093-9df3-de09bbdf7a27 HTTP/1.1" 200 3265
INFO 2025-07-10 15:50:53,729 basehttp 213 "GET /imagecode/?uuid=cc119424-2eec-4052-bff7-630bbe60a84d HTTP/1.1" 200 3061
INFO 2025-07-10 15:50:54,930 basehttp 213 "GET /imagecode/?uuid=b4fed54c-ae45-4599-a700-f81a5fe3f383 HTTP/1.1" 200 3304
INFO 2025-07-10 15:51:01,070 views 75 509161
INFO 2025-07-10 15:51:01,285 basehttp 213 "GET /smscode/?mobile=18327042196&image_code=cs36&uuid=b4fed54c-ae45-4599-a700-f81a5fe3f383 HTTP/1.1" 200 63
INFO 2025-07-10 15:51:02,731 basehttp 213 "GET /smscode/?mobile=18327042196&image_code=cs36&uuid=b4fed54c-ae45-4599-a700-f81a5fe3f383 HTTP/1.1" 200 78
INFO 2025-07-10 15:51:57,377 autoreload 265 D:\PythonCode\pythonProject4\7.8newBlog\blog\users\views.py changed, reloading.
INFO 2025-07-10 15:51:57,888 autoreload 667 Watching for file changes with StatReloader
INFO 2025-07-10 15:52:16,445 autoreload 265 D:\PythonCode\pythonProject4\7.8newBlog\blog\users\views.py changed, reloading.
INFO 2025-07-10 15:52:16,965 autoreload 667 Watching for file changes with StatReloader
INFO 2025-07-10 15:54:49,532 autoreload 265 D:\PythonCode\pythonProject4\7.8newBlog\blog\users\views.py changed, reloading.
INFO 2025-07-10 15:54:50,025 autoreload 667 Watching for file changes with StatReloader
WARNING 2025-07-10 15:54:56,402 log 253 Not Found: /
WARNING 2025-07-10 15:54:56,402 basehttp 213 "GET / HTTP/1.1" 404 2932
INFO 2025-07-10 15:55:00,486 basehttp 213 "GET /register/ HTTP/1.1" 200 5199
INFO 2025-07-10 15:55:00,524 basehttp 213 "GET /imagecode/?uuid=e9912ba3-aec0-4c11-b7ae-bf84e63b67a0 HTTP/1.1" 200 3242
INFO 2025-07-10 15:55:10,640 basehttp 213 "GET /imagecode/?uuid=0275071e-7bba-46b7-a756-5c931629cbab HTTP/1.1" 200 3129
INFO 2025-07-10 15:55:11,118 basehttp 213 "GET /imagecode/?uuid=54894dcb-567c-4eef-8369-1fa93b19501b HTTP/1.1" 200 3658
INFO 2025-07-10 15:55:15,911 views 75 331820
INFO 2025-07-10 15:55:16,125 basehttp 213 "GET /smscode/?mobile=18327042196&image_code=lsom&uuid=54894dcb-567c-4eef-8369-1fa93b19501b HTTP/1.1" 200 63
INFO 2025-07-10 15:55:17,727 basehttp 213 "GET /smscode/?mobile=18327042196&image_code=lsom&uuid=54894dcb-567c-4eef-8369-1fa93b19501b HTTP/1.1" 200 78
INFO 2025-07-10 15:55:17,920 basehttp 213 "GET /smscode/?mobile=18327042196&image_code=lsom&uuid=54894dcb-567c-4eef-8369-1fa93b19501b HTTP/1.1" 200 78
INFO 2025-07-10 15:55:18,063 basehttp 213 "GET /smscode/?mobile=18327042196&image_code=lsom&uuid=54894dcb-567c-4eef-8369-1fa93b19501b HTTP/1.1" 200 78
INFO 2025-07-10 15:59:44,068 autoreload 265 D:\PythonCode\pythonProject4\7.8newBlog\blog\users\views.py changed, reloading.
INFO 2025-07-10 15:59:44,587 autoreload 667 Watching for file changes with StatReloader
INFO 2025-07-10 15:59:47,920 autoreload 265 D:\PythonCode\pythonProject4\7.8newBlog\blog\users\views.py changed, reloading.
INFO 2025-07-10 15:59:48,424 autoreload 667 Watching for file changes with StatReloader
INFO 2025-07-10 16:00:04,133 autoreload 667 Watching for file changes with StatReloader
WARNING 2025-07-10 16:00:05,434 log 253 Not Found: /
WARNING 2025-07-10 16:00:05,434 basehttp 213 "GET / HTTP/1.1" 404 2932
INFO 2025-07-10 16:00:09,991 basehttp 213 "GET /register/ HTTP/1.1" 200 5199
INFO 2025-07-10 16:00:10,030 basehttp 213 "GET /imagecode/?uuid=da526490-20f6-4b8c-a351-7b6cd8e9e0e1 HTTP/1.1" 200 3050
INFO 2025-07-10 16:00:20,903 basehttp 213 "GET /imagecode/?uuid=689f9d59-703c-4bb2-a23b-8d2f61d75b64 HTTP/1.1" 200 3538
INFO 2025-07-10 16:00:26,069 views 75 2386
INFO 2025-07-10 16:00:26,252 basehttp 213 "GET /smscode/?mobile=18327042196&image_code=PWVJ&uuid=689f9d59-703c-4bb2-a23b-8d2f61d75b64 HTTP/1.1" 200 63
INFO 2025-07-10 16:00:27,920 basehttp 213 "GET /smscode/?mobile=18327042196&image_code=PWVJ&uuid=689f9d59-703c-4bb2-a23b-8d2f61d75b64 HTTP/1.1" 200 78
INFO 2025-07-10 16:00:28,101 basehttp 213 "GET /smscode/?mobile=18327042196&image_code=PWVJ&uuid=689f9d59-703c-4bb2-a23b-8d2f61d75b64 HTTP/1.1" 200 78
INFO 2025-07-10 16:00:28,283 basehttp 213 "GET /smscode/?mobile=18327042196&image_code=PWVJ&uuid=689f9d59-703c-4bb2-a23b-8d2f61d75b64 HTTP/1.1" 200 78
INFO 2025-07-10 16:00:28,447 basehttp 213 "GET /smscode/?mobile=18327042196&image_code=PWVJ&uuid=689f9d59-703c-4bb2-a23b-8d2f61d75b64 HTTP/1.1" 200 78
INFO 2025-07-10 16:00:28,614 basehttp 213 "GET /smscode/?mobile=18327042196&image_code=PWVJ&uuid=689f9d59-703c-4bb2-a23b-8d2f61d75b64 HTTP/1.1" 200 78
WARNING 2025-07-10 16:00:31,323 log 253 Not Found: /.well-known/appspecific/com.chrome.devtools.json
WARNING 2025-07-10 16:00:31,323 basehttp 213 "GET /.well-known/appspecific/com.chrome.devtools.json HTTP/1.1" 404 3094
WARNING 2025-07-10 16:00:31,396 basehttp 213 "GET /static/js/axios.min.map HTTP/1.1" 404 1862
INFO 2025-07-10 16:00:42,958 basehttp 213 "GET /smscode/?mobile=18327042196&image_code=PWVJ&uuid=689f9d59-703c-4bb2-a23b-8d2f61d75b64 HTTP/1.1" 200 78
INFO 2025-07-10 16:00:51,510 basehttp 213 "GET /smscode/?mobile=18327042196&image_code=PWVJ&uuid=689f9d59-703c-4bb2-a23b-8d2f61d75b64 HTTP/1.1" 200 78
WARNING 2025-07-10 16:00:51,579 log 253 Not Found: /favicon.ico
WARNING 2025-07-10 16:00:51,579 basehttp 213 "GET /favicon.ico HTTP/1.1" 404 2983
INFO 2025-07-10 16:01:25,161 basehttp 213 "GET /smscode/?mobile=18327042196&image_code=PWVJ&uuid=689f9d59-703c-4bb2-a23b-8d2f61d75b64 HTTP/1.1" 200 78
INFO 2025-07-10 16:05:01,406 autoreload 667 Watching for file changes with StatReloader
WARNING 2025-07-10 16:05:03,101 log 253 Not Found: /
WARNING 2025-07-10 16:05:03,101 basehttp 213 "GET / HTTP/1.1" 404 2932
WARNING 2025-07-10 16:05:03,134 log 253 Not Found: /favicon.ico
WARNING 2025-07-10 16:05:03,134 basehttp 213 "GET /favicon.ico HTTP/1.1" 404 2983
INFO 2025-07-10 16:05:07,268 basehttp 213 "GET /register/ HTTP/1.1" 200 5341
INFO 2025-07-10 16:05:07,309 basehttp 213 "GET /imagecode/?uuid=1bf43474-c6c4-4edd-9af4-9bf088212c00 HTTP/1.1" 200 3109
INFO 2025-07-10 16:05:23,879 basehttp 213 "GET /smscode/?mobile=18327042196&image_code=EJD9&uuid=1bf43474-c6c4-4edd-9af4-9bf088212c00 HTTP/1.1" 200 72
WARNING 2025-07-10 16:05:25,983 log 253 Not Found: /.well-known/appspecific/com.chrome.devtools.json
WARNING 2025-07-10 16:05:25,984 basehttp 213 "GET /.well-known/appspecific/com.chrome.devtools.json HTTP/1.1" 404 3094
WARNING 2025-07-10 16:05:26,052 basehttp 213 "GET /static/js/axios.min.map HTTP/1.1" 404 1862
INFO 2025-07-10 16:07:18,364 autoreload 667 Watching for file changes with StatReloader
WARNING 2025-07-10 16:07:23,087 log 253 Not Found: /
WARNING 2025-07-10 16:07:23,087 basehttp 213 "GET / HTTP/1.1" 404 2932
INFO 2025-07-10 16:07:27,150 basehttp 213 "GET /register/ HTTP/1.1" 200 5199
INFO 2025-07-10 16:07:27,190 basehttp 213 "GET /imagecode/?uuid=f948f4ef-4db9-4b6e-9b46-90c056fd0574 HTTP/1.1" 200 3173
INFO 2025-07-10 16:09:03,602 autoreload 667 Watching for file changes with StatReloader
WARNING 2025-07-10 16:09:07,010 log 253 Not Found: /
WARNING 2025-07-10 16:09:07,010 basehttp 213 "GET / HTTP/1.1" 404 2932
INFO 2025-07-10 16:09:10,355 basehttp 213 "GET /register/ HTTP/1.1" 200 5199
INFO 2025-07-10 16:09:10,398 basehttp 213 "GET /imagecode/?uuid=d3b08003-9663-471e-a9e5-8eef77c19b77 HTTP/1.1" 200 3158
INFO 2025-07-10 16:09:56,448 autoreload 667 Watching for file changes with StatReloader
INFO 2025-07-10 16:10:03,670 autoreload 667 Watching for file changes with StatReloader
WARNING 2025-07-10 16:10:06,482 log 253 Not Found: /
WARNING 2025-07-10 16:10:06,482 basehttp 213 "GET / HTTP/1.1" 404 2932
INFO 2025-07-10 16:10:11,538 basehttp 213 "GET /register/ HTTP/1.1" 200 5199
INFO 2025-07-10 16:10:11,582 basehttp 213 "GET /imagecode/?uuid=502a9aa6-e0eb-4bbd-89d2-e445e4961e23 HTTP/1.1" 200 3254
INFO 2025-07-10 16:10:26,920 basehttp 213 "GET /imagecode/?uuid=214217a4-9b67-4a2e-b100-aafda124c9a4 HTTP/1.1" 200 3228
INFO 2025-07-12 11:49:59,087 autoreload 667 Watching for file changes with StatReloader
WARNING 2025-07-12 11:50:01,382 log 253 Not Found: /
WARNING 2025-07-12 11:50:01,382 basehttp 213 "GET / HTTP/1.1" 404 2932
WARNING 2025-07-12 11:50:01,460 log 253 Not Found: /favicon.ico
WARNING 2025-07-12 11:50:01,460 basehttp 213 "GET /favicon.ico HTTP/1.1" 404 2983
INFO 2025-07-12 11:50:17,412 basehttp 213 "GET /register HTTP/1.1" 301 0
INFO 2025-07-12 11:50:17,418 basehttp 213 "GET /register/ HTTP/1.1" 200 5199
INFO 2025-07-12 11:50:17,510 basehttp 213 "GET /static/bootstrap/css/bootstrap.min.css HTTP/1.1" 200 140942
INFO 2025-07-12 11:50:17,512 basehttp 213 "GET /static/js/vue-2.5.16.js HTTP/1.1" 200 289307
INFO 2025-07-12 11:50:17,513 basehttp 213 "GET /static/js/axios-0.18.0.min.js HTTP/1.1" 200 12941
INFO 2025-07-12 11:50:17,514 basehttp 213 "GET /static/js/host.js HTTP/1.1" 200 35
INFO 2025-07-12 11:50:17,515 basehttp 213 "GET /static/js/common.js HTTP/1.1" 200 891
INFO 2025-07-12 11:50:17,516 basehttp 213 "GET /static/js/register.js HTTP/1.1" 200 6407
ERROR 2025-07-12 11:50:19,709 log 253 Internal Server Error: /imagecode/
Traceback (most recent call last):
  File "D:\anaconda3\envs\BYSJ\Lib\site-packages\redis\connection.py", line 385, in connect_check_health
    sock = self.retry.call_with_retry(
           ^^^^^^^^^^^^^^^^^^^^^^^^^^^
  File "D:\anaconda3\envs\BYSJ\Lib\site-packages\redis\retry.py", line 87, in call_with_retry
    return do()
           ^^^^
  File "D:\anaconda3\envs\BYSJ\Lib\site-packages\redis\connection.py", line 386, in <lambda>
    lambda: self._connect(), lambda error: self.disconnect(error)
            ^^^^^^^^^^^^^^^
  File "D:\anaconda3\envs\BYSJ\Lib\site-packages\redis\connection.py", line 797, in _connect
    raise err
  File "D:\anaconda3\envs\BYSJ\Lib\site-packages\redis\connection.py", line 781, in _connect
    sock.connect(socket_address)
ConnectionRefusedError: [WinError 10061] 由于目标计算机积极拒绝，无法连接。

During handling of the above exception, another exception occurred:

Traceback (most recent call last):
  File "D:\anaconda3\envs\BYSJ\Lib\site-packages\django\core\handlers\exception.py", line 55, in inner
    response = get_response(request)
               ^^^^^^^^^^^^^^^^^^^^^
  File "D:\anaconda3\envs\BYSJ\Lib\site-packages\django\core\handlers\base.py", line 197, in _get_response
    response = wrapped_callback(request, *callback_args, **callback_kwargs)
               ^^^^^^^^^^^^^^^^^^^^^^^^^^^^^^^^^^^^^^^^^^^^^^^^^^^^^^^^^^^^
  File "D:\anaconda3\envs\BYSJ\Lib\site-packages\django\views\generic\base.py", line 105, in view
    return self.dispatch(request, *args, **kwargs)
           ^^^^^^^^^^^^^^^^^^^^^^^^^^^^^^^^^^^^^^^
  File "D:\anaconda3\envs\BYSJ\Lib\site-packages\django\views\generic\base.py", line 144, in dispatch
    return handler(request, *args, **kwargs)
           ^^^^^^^^^^^^^^^^^^^^^^^^^^^^^^^^^
  File "D:\PythonCode\pythonProject4\7.8newBlog\blog\users\views.py", line 40, in get
    redis_conn.setex('img:%s' % uuid, 300, text)
  File "D:\anaconda3\envs\BYSJ\Lib\site-packages\redis\commands\core.py", line 2330, in setex
    return self.execute_command("SETEX", name, time, value)
           ^^^^^^^^^^^^^^^^^^^^^^^^^^^^^^^^^^^^^^^^^^^^^^^^
  File "D:\anaconda3\envs\BYSJ\Lib\site-packages\redis\client.py", line 623, in execute_command
    return self._execute_command(*args, **options)
           ^^^^^^^^^^^^^^^^^^^^^^^^^^^^^^^^^^^^^^^
  File "D:\anaconda3\envs\BYSJ\Lib\site-packages\redis\client.py", line 629, in _execute_command
    conn = self.connection or pool.get_connection()
                              ^^^^^^^^^^^^^^^^^^^^^
  File "D:\anaconda3\envs\BYSJ\Lib\site-packages\redis\utils.py", line 191, in wrapper
    return func(*args, **kwargs)
           ^^^^^^^^^^^^^^^^^^^^^
  File "D:\anaconda3\envs\BYSJ\Lib\site-packages\redis\connection.py", line 1530, in get_connection
    connection.connect()
  File "D:\anaconda3\envs\BYSJ\Lib\site-packages\redis\connection.py", line 379, in connect
    self.connect_check_health(check_health=True)
  File "D:\anaconda3\envs\BYSJ\Lib\site-packages\redis\connection.py", line 391, in connect_check_health
    raise ConnectionError(self._error_message(e))
redis.exceptions.ConnectionError: Error 10061 connecting to 127.0.0.1:6379. 由于目标计算机积极拒绝，无法连接。.
ERROR 2025-07-12 11:50:19,711 basehttp 213 "GET /imagecode/?uuid=f5e17c1c-e6b8-45c7-97f9-5da2700ac81c HTTP/1.1" 500 143458
INFO 2025-07-12 11:54:04,642 autoreload 667 Watching for file changes with StatReloader
WARNING 2025-07-12 11:54:06,455 log 253 Not Found: /
WARNING 2025-07-12 11:54:06,456 basehttp 213 "GET / HTTP/1.1" 404 2932
INFO 2025-07-12 11:54:11,836 basehttp 213 "GET /register/ HTTP/1.1" 200 5199
INFO 2025-07-12 11:54:11,878 basehttp 213 "GET /imagecode/?uuid=c743818f-624b-46db-863f-2e760fcc56ca HTTP/1.1" 200 3053
INFO 2025-07-12 11:54:35,805 basehttp 213 "GET /imagecode/?uuid=c70fe601-e02f-4075-b107-b14e5a19634f HTTP/1.1" 200 3120
INFO 2025-07-12 11:54:44,497 views 75 7198
INFO 2025-07-12 11:54:44,709 basehttp 213 "GET /smscode/?mobile=18671977848&image_code=do9h&uuid=c70fe601-e02f-4075-b107-b14e5a19634f HTTP/1.1" 200 63
INFO 2025-07-12 11:54:50,459 basehttp 213 "GET /smscode/?mobile=18671977848&image_code=do9h&uuid=c70fe601-e02f-4075-b107-b14e5a19634f HTTP/1.1" 200 78
INFO 2025-07-12 11:57:22,050 autoreload 667 Watching for file changes with StatReloader
WARNING 2025-07-12 11:57:24,220 log 253 Not Found: /
WARNING 2025-07-12 11:57:24,220 basehttp 213 "GET / HTTP/1.1" 404 2932
WARNING 2025-07-12 11:57:24,274 log 253 Not Found: /favicon.ico
WARNING 2025-07-12 11:57:24,275 basehttp 213 "GET /favicon.ico HTTP/1.1" 404 2983
INFO 2025-07-12 11:57:28,382 basehttp 213 "GET /register/ HTTP/1.1" 200 5199
INFO 2025-07-12 11:57:28,427 basehttp 213 "GET /imagecode/?uuid=324e445f-76e7-4bc1-8688-0694cc61ec04 HTTP/1.1" 200 3979
INFO 2025-07-12 11:57:49,117 basehttp 213 "GET /imagecode/?uuid=16b81226-ab66-4465-a3d0-cedfab32b54c HTTP/1.1" 200 2918
INFO 2025-07-12 11:57:50,970 basehttp 213 "GET /imagecode/?uuid=71bac057-d084-4d15-924e-146d35565c22 HTTP/1.1" 200 3373
INFO 2025-07-12 11:59:48,931 views 75 6945
INFO 2025-07-12 12:01:37,359 autoreload 265 D:\PythonCode\pythonProject4\7.8newBlog\blog\libs\yuntongxun\sms.py changed, reloading.
INFO 2025-07-12 12:01:38,582 autoreload 667 Watching for file changes with StatReloader
INFO 2025-07-12 12:01:48,880 autoreload 667 Watching for file changes with StatReloader
WARNING 2025-07-12 12:01:50,868 log 253 Not Found: /
WARNING 2025-07-12 12:01:50,868 basehttp 213 "GET / HTTP/1.1" 404 2932
INFO 2025-07-12 12:01:54,661 basehttp 213 "GET /register/ HTTP/1.1" 200 5199
INFO 2025-07-12 12:01:54,708 basehttp 213 "GET /imagecode/?uuid=4f45e433-2249-4eef-8b82-5298e632225c HTTP/1.1" 200 3526
INFO 2025-07-12 12:02:04,801 basehttp 213 "GET /imagecode/?uuid=2eb812ef-6566-49e2-af93-a190bb7ef552 HTTP/1.1" 200 3491
INFO 2025-07-12 12:02:30,112 views 75 2443
INFO 2025-07-12 12:03:26,088 autoreload 667 Watching for file changes with StatReloader
WARNING 2025-07-12 12:03:27,797 log 253 Not Found: /
WARNING 2025-07-12 12:03:27,797 basehttp 213 "GET / HTTP/1.1" 404 2932
INFO 2025-07-12 12:03:31,588 basehttp 213 "GET /register/ HTTP/1.1" 200 5199
INFO 2025-07-12 12:03:31,626 basehttp 213 "GET /imagecode/?uuid=3bd1f72a-e521-4cce-81bf-87ca67cd0365 HTTP/1.1" 200 3354
INFO 2025-07-12 12:03:42,742 basehttp 213 "GET /imagecode/?uuid=fe620c50-9b27-4ffa-96ce-e3beb0bcc443 HTTP/1.1" 200 3295
INFO 2025-07-12 12:03:44,382 basehttp 213 "GET /imagecode/?uuid=d5ed9cf8-0fb4-4427-949d-52352dde948e HTTP/1.1" 200 3368
INFO 2025-07-12 12:03:51,849 views 75 8234
INFO 2025-07-12 12:03:52,033 basehttp 213 "GET /smscode/?mobile=18671977848&image_code=ytii&uuid=d5ed9cf8-0fb4-4427-949d-52352dde948e HTTP/1.1" 200 63
WARNING 2025-07-12 12:03:57,720 log 253 Not Found: /.well-known/appspecific/com.chrome.devtools.json
WARNING 2025-07-12 12:03:57,720 basehttp 213 "GET /.well-known/appspecific/com.chrome.devtools.json HTTP/1.1" 404 3094
WARNING 2025-07-12 12:03:57,836 basehttp 213 "GET /static/js/axios.min.map HTTP/1.1" 404 1862
INFO 2025-07-12 12:03:57,838 basehttp 213 "GET /static/bootstrap/css/bootstrap.min.css.map HTTP/1.1" 200 562427
INFO 2025-07-12 12:26:19,487 autoreload 667 Watching for file changes with StatReloader
WARNING 2025-07-12 12:26:22,635 log 253 Not Found: /
WARNING 2025-07-12 12:26:22,636 basehttp 213 "GET / HTTP/1.1" 404 2932
WARNING 2025-07-12 12:26:22,666 log 253 Not Found: /favicon.ico
WARNING 2025-07-12 12:26:22,666 basehttp 213 "GET /favicon.ico HTTP/1.1" 404 2983
INFO 2025-07-12 12:26:38,979 basehttp 213 "GET /register HTTP/1.1" 301 0
INFO 2025-07-12 12:26:38,989 basehttp 213 "GET /register/ HTTP/1.1" 200 5199
INFO 2025-07-12 12:26:39,086 basehttp 213 "GET /static/bootstrap/css/bootstrap.min.css HTTP/1.1" 200 140942
INFO 2025-07-12 12:26:39,088 basehttp 213 "GET /static/js/vue-2.5.16.js HTTP/1.1" 200 289307
INFO 2025-07-12 12:26:39,089 basehttp 213 "GET /static/js/axios-0.18.0.min.js HTTP/1.1" 200 12941
INFO 2025-07-12 12:26:39,091 basehttp 213 "GET /static/js/host.js HTTP/1.1" 200 35
INFO 2025-07-12 12:26:39,092 basehttp 213 "GET /static/js/common.js HTTP/1.1" 200 891
INFO 2025-07-12 12:26:39,093 basehttp 213 "GET /static/js/register.js HTTP/1.1" 200 6407
INFO 2025-07-12 12:26:39,136 basehttp 213 "GET /imagecode/?uuid=65fe68f0-635f-4127-af9b-1705b9a4971a HTTP/1.1" 200 3474
INFO 2025-07-12 12:26:57,237 basehttp 213 "GET /imagecode/?uuid=0633933d-f9c1-4ebe-a3d9-8d2a9711f8df HTTP/1.1" 200 3406
INFO 2025-07-12 12:26:58,494 basehttp 213 "GET /imagecode/?uuid=003b59f8-71cf-4e58-9599-09e4a0c4e17c HTTP/1.1" 200 3092
INFO 2025-07-12 12:26:59,230 basehttp 213 "GET /imagecode/?uuid=d396b0de-99cc-41da-bc61-e0379d7c5417 HTTP/1.1" 200 3051
INFO 2025-07-12 12:27:03,506 views 75 5223
INFO 2025-07-12 12:27:03,722 basehttp 213 "GET /smscode/?mobile=18162429192&image_code=jyem&uuid=d396b0de-99cc-41da-bc61-e0379d7c5417 HTTP/1.1" 200 63
WARNING 2025-07-12 12:27:11,000 log 253 Not Found: /.well-known/appspecific/com.chrome.devtools.json
WARNING 2025-07-12 12:27:11,000 basehttp 213 "GET /.well-known/appspecific/com.chrome.devtools.json HTTP/1.1" 404 3094
WARNING 2025-07-12 12:27:11,023 basehttp 213 "GET /static/js/axios.min.map HTTP/1.1" 404 1862
INFO 2025-07-12 12:27:11,028 basehttp 213 "GET /static/bootstrap/css/bootstrap.min.css.map HTTP/1.1" 200 562427
WARNING 2025-07-12 12:27:16,320 log 253 Not Found: /
WARNING 2025-07-12 12:27:16,320 basehttp 213 "GET / HTTP/1.1" 404 2932
WARNING 2025-07-12 12:27:16,375 log 253 Not Found: /favicon.ico
WARNING 2025-07-12 12:27:16,375 basehttp 213 "GET /favicon.ico HTTP/1.1" 404 2983
INFO 2025-07-12 12:27:20,600 basehttp 213 "GET /register/ HTTP/1.1" 200 5199
INFO 2025-07-12 12:27:20,628 basehttp 213 "GET /imagecode/?uuid=21413a4d-4af8-43e9-8d8b-c45b7b263440 HTTP/1.1" 200 3452
INFO 2025-07-12 12:27:42,468 basehttp 213 "GET /imagecode/?uuid=0c613838-57d8-44b4-951c-f10127f1f571 HTTP/1.1" 200 3324
WARNING 2025-07-12 12:27:50,669 log 253 Not Found: /.well-known/appspecific/com.chrome.devtools.json
WARNING 2025-07-12 12:27:50,669 basehttp 213 "GET /.well-known/appspecific/com.chrome.devtools.json HTTP/1.1" 404 3094
WARNING 2025-07-12 12:27:50,693 basehttp 213 "GET /static/js/axios.min.map HTTP/1.1" 404 1862
WARNING 2025-07-12 12:28:20,025 log 253 Not Found: /.well-known/appspecific/com.chrome.devtools.json
WARNING 2025-07-12 12:28:20,027 basehttp 213 "GET /.well-known/appspecific/com.chrome.devtools.json HTTP/1.1" 404 3094
WARNING 2025-07-12 12:28:20,027 basehttp 213 "GET /static/js/axios.min.map HTTP/1.1" 404 1862
WARNING 2025-07-12 12:42:11,526 log 253 Not Found: /.well-known/appspecific/com.chrome.devtools.json
WARNING 2025-07-12 12:42:11,526 basehttp 213 "GET /static/js/axios.min.map HTTP/1.1" 404 1862
WARNING 2025-07-12 12:42:11,526 basehttp 213 "GET /.well-known/appspecific/com.chrome.devtools.json HTTP/1.1" 404 3094
INFO 2025-07-12 12:45:39,329 basehttp 213 "GET /register/ HTTP/1.1" 200 5199
WARNING 2025-07-12 12:45:39,343 log 253 Not Found: /.well-known/appspecific/com.chrome.devtools.json
WARNING 2025-07-12 12:45:39,344 basehttp 213 "GET /.well-known/appspecific/com.chrome.devtools.json HTTP/1.1" 404 3094
WARNING 2025-07-12 12:45:39,354 basehttp 213 "GET /static/js/axios.min.map HTTP/1.1" 404 1862
INFO 2025-07-12 12:45:39,364 basehttp 213 "GET /imagecode/?uuid=e0d0852e-4d16-491c-a201-28abe7316e15 HTTP/1.1" 200 3370
INFO 2025-07-12 12:46:56,090 basehttp 213 "GET /register/ HTTP/1.1" 200 5199
WARNING 2025-07-12 12:46:56,107 log 253 Not Found: /.well-known/appspecific/com.chrome.devtools.json
WARNING 2025-07-12 12:46:56,107 basehttp 213 "GET /.well-known/appspecific/com.chrome.devtools.json HTTP/1.1" 404 3094
WARNING 2025-07-12 12:46:56,114 basehttp 213 "GET /static/js/axios.min.map HTTP/1.1" 404 1862
INFO 2025-07-12 12:46:56,124 basehttp 213 "GET /imagecode/?uuid=c36e72ad-54dd-4f1d-9ca2-d2237c9295d7 HTTP/1.1" 200 3560
INFO 2025-07-12 12:47:01,041 basehttp 213 "GET /register/ HTTP/1.1" 200 5199
WARNING 2025-07-12 12:47:01,053 log 253 Not Found: /.well-known/appspecific/com.chrome.devtools.json
WARNING 2025-07-12 12:47:01,053 basehttp 213 "GET /.well-known/appspecific/com.chrome.devtools.json HTTP/1.1" 404 3094
WARNING 2025-07-12 12:47:01,064 basehttp 213 "GET /static/js/axios.min.map HTTP/1.1" 404 1862
INFO 2025-07-12 12:47:01,066 basehttp 213 "GET /imagecode/?uuid=bf81f70c-a947-4244-93cc-ecc164e2766d HTTP/1.1" 200 3436
INFO 2025-07-12 12:47:01,449 basehttp 213 "GET /register/ HTTP/1.1" 200 5199
WARNING 2025-07-12 12:47:01,460 log 253 Not Found: /.well-known/appspecific/com.chrome.devtools.json
WARNING 2025-07-12 12:47:01,461 basehttp 213 "GET /.well-known/appspecific/com.chrome.devtools.json HTTP/1.1" 404 3094
WARNING 2025-07-12 12:47:01,472 basehttp 213 "GET /static/js/axios.min.map HTTP/1.1" 404 1862
INFO 2025-07-12 12:47:01,475 basehttp 213 "GET /imagecode/?uuid=1230b5a7-22f9-466f-b93d-c92ff8689d6b HTTP/1.1" 200 3494
INFO 2025-07-12 12:47:01,971 basehttp 213 "GET /register/ HTTP/1.1" 200 5199
WARNING 2025-07-12 12:47:01,980 log 253 Not Found: /.well-known/appspecific/com.chrome.devtools.json
WARNING 2025-07-12 12:47:01,982 basehttp 213 "GET /.well-known/appspecific/com.chrome.devtools.json HTTP/1.1" 404 3094
WARNING 2025-07-12 12:47:01,992 basehttp 213 "GET /static/js/axios.min.map HTTP/1.1" 404 1862
INFO 2025-07-12 12:47:01,994 basehttp 213 "GET /imagecode/?uuid=fe83232e-a4df-4514-b5d9-2e6711a62564 HTTP/1.1" 200 3137
INFO 2025-07-12 12:47:02,737 basehttp 213 "GET /register/ HTTP/1.1" 200 5199
WARNING 2025-07-12 12:47:02,747 log 253 Not Found: /.well-known/appspecific/com.chrome.devtools.json
WARNING 2025-07-12 12:47:02,747 basehttp 213 "GET /.well-known/appspecific/com.chrome.devtools.json HTTP/1.1" 404 3094
WARNING 2025-07-12 12:47:02,754 basehttp 213 "GET /static/js/axios.min.map HTTP/1.1" 404 1862
INFO 2025-07-12 12:47:02,758 basehttp 213 "GET /imagecode/?uuid=7d6dbe0b-6bf0-4b47-81c9-08e8785a379f HTTP/1.1" 200 3112
INFO 2025-07-12 12:47:19,894 views 75 7094
INFO 2025-07-12 12:47:20,093 basehttp 213 "GET /smscode/?mobile=18162429192&image_code=ckdu&uuid=7d6dbe0b-6bf0-4b47-81c9-08e8785a379f HTTP/1.1" 200 63
INFO 2025-07-12 12:50:29,046 basehttp 213 "GET /register/ HTTP/1.1" 200 5199
WARNING 2025-07-12 12:50:29,064 log 253 Not Found: /.well-known/appspecific/com.chrome.devtools.json
WARNING 2025-07-12 12:50:29,064 basehttp 213 "GET /.well-known/appspecific/com.chrome.devtools.json HTTP/1.1" 404 3094
INFO 2025-07-12 12:50:29,070 basehttp 213 "GET /imagecode/?uuid=3605ec9d-215a-44d8-b364-87cce5b58220 HTTP/1.1" 200 3283
WARNING 2025-07-12 12:50:29,074 basehttp 213 "GET /static/js/axios.min.map HTTP/1.1" 404 1862
INFO 2025-07-12 12:50:46,812 basehttp 213 "GET /imagecode/?uuid=c369c0ab-0138-42f4-a509-5cd48ac62e6d HTTP/1.1" 200 3185
INFO 2025-07-12 12:50:51,872 views 75 0173
INFO 2025-07-12 12:50:52,035 basehttp 213 "GET /smscode/?mobile=18162429192&image_code=fohr&uuid=c369c0ab-0138-42f4-a509-5cd48ac62e6d HTTP/1.1" 200 63
INFO 2025-07-12 12:51:25,481 basehttp 213 "GET /smscode/?mobile=18162429192&image_code=fohr&uuid=c369c0ab-0138-42f4-a509-5cd48ac62e6d HTTP/1.1" 200 78
INFO 2025-07-12 12:52:20,803 basehttp 213 "GET /register/ HTTP/1.1" 200 5199
WARNING 2025-07-12 12:52:20,815 log 253 Not Found: /.well-known/appspecific/com.chrome.devtools.json
WARNING 2025-07-12 12:52:20,815 basehttp 213 "GET /.well-known/appspecific/com.chrome.devtools.json HTTP/1.1" 404 3094
WARNING 2025-07-12 12:52:20,821 basehttp 213 "GET /static/js/axios.min.map HTTP/1.1" 404 1862
INFO 2025-07-12 12:52:20,825 basehttp 213 "GET /imagecode/?uuid=214c7da8-29ae-4433-b5bc-436830c1254a HTTP/1.1" 200 2820
INFO 2025-07-12 12:52:30,317 basehttp 213 "GET /register/ HTTP/1.1" 200 5199
WARNING 2025-07-12 12:52:30,327 log 253 Not Found: /.well-known/appspecific/com.chrome.devtools.json
WARNING 2025-07-12 12:52:30,327 basehttp 213 "GET /.well-known/appspecific/com.chrome.devtools.json HTTP/1.1" 404 3094
WARNING 2025-07-12 12:52:30,339 basehttp 213 "GET /static/js/axios.min.map HTTP/1.1" 404 1862
INFO 2025-07-12 12:52:30,342 basehttp 213 "GET /imagecode/?uuid=15b9d00e-02f0-4f5b-a8fc-43dfcadb5029 HTTP/1.1" 200 3169
INFO 2025-07-12 15:05:57,157 autoreload 667 Watching for file changes with StatReloader
WARNING 2025-07-12 15:05:59,413 log 253 Not Found: /
WARNING 2025-07-12 15:05:59,413 basehttp 213 "GET / HTTP/1.1" 404 2932
WARNING 2025-07-12 15:05:59,467 log 253 Not Found: /favicon.ico
WARNING 2025-07-12 15:05:59,468 basehttp 213 "GET /favicon.ico HTTP/1.1" 404 2983
INFO 2025-07-12 15:06:03,125 basehttp 213 "GET /register/ HTTP/1.1" 200 5199
INFO 2025-07-12 15:06:03,160 basehttp 213 "GET /imagecode/?uuid=7432722a-a9ca-4f89-9985-5ffad5340ed3 HTTP/1.1" 200 3213
WARNING 2025-07-12 15:06:04,908 log 253 Not Found: /.well-known/appspecific/com.chrome.devtools.json
WARNING 2025-07-12 15:06:04,909 basehttp 213 "GET /.well-known/appspecific/com.chrome.devtools.json HTTP/1.1" 404 3094
WARNING 2025-07-12 15:06:04,913 basehttp 213 "GET /static/js/axios.min.map HTTP/1.1" 404 1862
INFO 2025-07-12 15:06:49,883 basehttp 213 "GET /register/ HTTP/1.1" 200 5199
WARNING 2025-07-12 15:06:49,896 log 253 Not Found: /.well-known/appspecific/com.chrome.devtools.json
WARNING 2025-07-12 15:06:49,897 basehttp 213 "GET /.well-known/appspecific/com.chrome.devtools.json HTTP/1.1" 404 3094
WARNING 2025-07-12 15:06:49,902 basehttp 213 "GET /static/js/axios.min.map HTTP/1.1" 404 1862
INFO 2025-07-12 15:06:49,905 basehttp 213 "GET /imagecode/?uuid=731f8160-17cf-4aff-a658-7262caa2c810 HTTP/1.1" 200 3173
INFO 2025-07-12 15:07:01,657 basehttp 213 "GET /imagecode/?uuid=0ee8a2a2-38e5-4587-a821-2b6f4ae7abc6 HTTP/1.1" 200 3027
INFO 2025-07-12 15:07:04,277 basehttp 213 "GET /imagecode/?uuid=781de86d-4884-4875-9626-a6a1c992fe07 HTTP/1.1" 200 3527
INFO 2025-07-12 15:07:09,320 views 75 5201
INFO 2025-07-12 15:07:09,503 basehttp 213 "GET /smscode/?mobile=18162429192&image_code=4unb&uuid=781de86d-4884-4875-9626-a6a1c992fe07 HTTP/1.1" 200 63
INFO 2025-07-12 15:15:52,076 autoreload 265 D:\PythonCode\pythonProject4\7.8newBlog\blog\libs\yuntongxun\sms.py changed, reloading.
INFO 2025-07-12 15:15:53,343 autoreload 667 Watching for file changes with StatReloader
INFO 2025-07-12 15:16:22,153 autoreload 265 D:\PythonCode\pythonProject4\7.8newBlog\blog\libs\yuntongxun\sms.py changed, reloading.
INFO 2025-07-12 15:16:22,687 autoreload 667 Watching for file changes with StatReloader
INFO 2025-07-12 15:16:39,206 autoreload 265 D:\PythonCode\pythonProject4\7.8newBlog\blog\libs\yuntongxun\sms.py changed, reloading.
INFO 2025-07-12 15:16:39,733 autoreload 667 Watching for file changes with StatReloader
INFO 2025-07-12 15:20:44,394 autoreload 265 D:\PythonCode\pythonProject4\7.8newBlog\blog\blog\settings.py changed, reloading.
INFO 2025-07-12 15:20:44,964 autoreload 667 Watching for file changes with StatReloader
INFO 2025-07-12 15:20:47,288 autoreload 265 D:\PythonCode\pythonProject4\7.8newBlog\blog\blog\settings.py changed, reloading.
INFO 2025-07-12 15:20:47,822 autoreload 667 Watching for file changes with StatReloader
INFO 2025-07-12 15:20:51,699 basehttp 213 "GET /register/ HTTP/1.1" 200 5199
WARNING 2025-07-12 15:20:51,736 log 253 Not Found: /.well-known/appspecific/com.chrome.devtools.json
WARNING 2025-07-12 15:20:51,736 basehttp 213 "GET /static/js/axios.min.map HTTP/1.1" 404 1862
WARNING 2025-07-12 15:20:51,737 basehttp 213 "GET /.well-known/appspecific/com.chrome.devtools.json HTTP/1.1" 404 3094
INFO 2025-07-12 15:20:51,743 basehttp 213 "GET /imagecode/?uuid=551b99b6-c605-4c69-8add-09810ea79ba0 HTTP/1.1" 200 3033
INFO 2025-07-12 15:21:08,215 basehttp 213 "GET /imagecode/?uuid=b017b401-7c65-4a75-b4c1-4fef32ec1e45 HTTP/1.1" 200 3791
INFO 2025-07-12 15:21:15,787 views 75 2376
INFO 2025-07-12 15:21:15,990 basehttp 213 "GET /smscode/?mobile=18162429192&image_code=XBWU&uuid=b017b401-7c65-4a75-b4c1-4fef32ec1e45 HTTP/1.1" 200 63
INFO 2025-07-12 15:21:44,864 basehttp 213 "GET /register/ HTTP/1.1" 200 5199
WARNING 2025-07-12 15:21:44,876 log 253 Not Found: /.well-known/appspecific/com.chrome.devtools.json
WARNING 2025-07-12 15:21:44,877 basehttp 213 "GET /.well-known/appspecific/com.chrome.devtools.json HTTP/1.1" 404 3094
WARNING 2025-07-12 15:21:44,889 basehttp 213 "GET /static/js/axios.min.map HTTP/1.1" 404 1862
INFO 2025-07-12 15:21:44,894 basehttp 213 "GET /imagecode/?uuid=34b39da8-f77f-46ed-87cd-69e0d0de89a2 HTTP/1.1" 200 3069
INFO 2025-07-12 15:22:22,106 views 75 6306
INFO 2025-07-12 15:22:22,286 basehttp 213 "GET /smscode/?mobile=18327042196&image_code=AYK9&uuid=34b39da8-f77f-46ed-87cd-69e0d0de89a2 HTTP/1.1" 200 63
WARNING 2025-07-12 15:22:33,066 log 253 Forbidden (CSRF cookie not set.): /register/
WARNING 2025-07-12 15:22:33,066 basehttp 213 "POST /register/ HTTP/1.1" 403 2855
WARNING 2025-07-12 15:22:33,087 log 253 Not Found: /.well-known/appspecific/com.chrome.devtools.json
WARNING 2025-07-12 15:22:33,089 basehttp 213 "GET /.well-known/appspecific/com.chrome.devtools.json HTTP/1.1" 404 3094
INFO 2025-07-12 15:28:56,755 autoreload 265 D:\PythonCode\pythonProject4\7.8newBlog\blog\users\views.py changed, reloading.
INFO 2025-07-12 15:28:57,301 autoreload 667 Watching for file changes with StatReloader
INFO 2025-07-12 15:29:01,650 autoreload 265 D:\PythonCode\pythonProject4\7.8newBlog\blog\users\views.py changed, reloading.
INFO 2025-07-12 15:29:02,157 autoreload 667 Watching for file changes with StatReloader
INFO 2025-07-12 15:29:11,586 autoreload 265 D:\PythonCode\pythonProject4\7.8newBlog\blog\users\views.py changed, reloading.
INFO 2025-07-12 15:29:12,114 autoreload 667 Watching for file changes with StatReloader
INFO 2025-07-12 15:29:18,508 autoreload 265 D:\PythonCode\pythonProject4\7.8newBlog\blog\users\views.py changed, reloading.
INFO 2025-07-12 15:29:19,009 autoreload 667 Watching for file changes with StatReloader
INFO 2025-07-12 15:29:28,446 autoreload 265 D:\PythonCode\pythonProject4\7.8newBlog\blog\users\views.py changed, reloading.
INFO 2025-07-12 15:29:28,980 autoreload 667 Watching for file changes with StatReloader
INFO 2025-07-12 15:29:31,116 autoreload 265 D:\PythonCode\pythonProject4\7.8newBlog\blog\users\views.py changed, reloading.
INFO 2025-07-12 15:29:31,617 autoreload 667 Watching for file changes with StatReloader
INFO 2025-07-12 15:29:50,182 autoreload 265 D:\PythonCode\pythonProject4\7.8newBlog\blog\users\views.py changed, reloading.
INFO 2025-07-12 15:29:50,712 autoreload 667 Watching for file changes with StatReloader
INFO 2025-07-12 15:30:39,766 autoreload 265 D:\PythonCode\pythonProject4\7.8newBlog\blog\users\views.py changed, reloading.
INFO 2025-07-12 15:30:40,392 autoreload 667 Watching for file changes with StatReloader
INFO 2025-07-12 15:31:50,736 autoreload 265 D:\PythonCode\pythonProject4\7.8newBlog\blog\users\views.py changed, reloading.
INFO 2025-07-12 15:31:51,248 autoreload 667 Watching for file changes with StatReloader
INFO 2025-07-12 15:32:12,878 autoreload 265 D:\PythonCode\pythonProject4\7.8newBlog\blog\users\views.py changed, reloading.
INFO 2025-07-12 15:32:13,398 autoreload 667 Watching for file changes with StatReloader
INFO 2025-07-12 15:32:49,228 autoreload 265 D:\PythonCode\pythonProject4\7.8newBlog\blog\users\views.py changed, reloading.
INFO 2025-07-12 15:32:49,739 autoreload 667 Watching for file changes with StatReloader
INFO 2025-07-12 15:33:29,621 autoreload 265 D:\PythonCode\pythonProject4\7.8newBlog\blog\users\views.py changed, reloading.
INFO 2025-07-12 15:33:30,142 autoreload 667 Watching for file changes with StatReloader
INFO 2025-07-12 15:33:45,651 autoreload 265 D:\PythonCode\pythonProject4\7.8newBlog\blog\users\views.py changed, reloading.
INFO 2025-07-12 15:33:46,156 autoreload 667 Watching for file changes with StatReloader
INFO 2025-07-12 15:34:28,082 autoreload 265 D:\PythonCode\pythonProject4\7.8newBlog\blog\users\views.py changed, reloading.
INFO 2025-07-12 15:34:28,587 autoreload 667 Watching for file changes with StatReloader
INFO 2025-07-12 15:35:24,709 autoreload 265 D:\PythonCode\pythonProject4\7.8newBlog\blog\users\views.py changed, reloading.
INFO 2025-07-12 15:35:25,215 autoreload 667 Watching for file changes with StatReloader
INFO 2025-07-12 15:35:33,438 autoreload 265 D:\PythonCode\pythonProject4\7.8newBlog\blog\users\views.py changed, reloading.
INFO 2025-07-12 15:35:33,972 autoreload 667 Watching for file changes with StatReloader
INFO 2025-07-12 15:36:11,552 autoreload 265 D:\PythonCode\pythonProject4\7.8newBlog\blog\users\views.py changed, reloading.
INFO 2025-07-12 15:36:12,056 autoreload 667 Watching for file changes with StatReloader
INFO 2025-07-12 15:36:22,507 autoreload 265 D:\PythonCode\pythonProject4\7.8newBlog\blog\users\views.py changed, reloading.
INFO 2025-07-12 15:36:23,045 autoreload 667 Watching for file changes with StatReloader
INFO 2025-07-12 15:36:52,779 autoreload 265 D:\PythonCode\pythonProject4\7.8newBlog\blog\users\views.py changed, reloading.
INFO 2025-07-12 15:36:53,304 autoreload 667 Watching for file changes with StatReloader
INFO 2025-07-12 15:37:38,270 autoreload 265 D:\PythonCode\pythonProject4\7.8newBlog\blog\users\views.py changed, reloading.
INFO 2025-07-12 15:37:38,778 autoreload 667 Watching for file changes with StatReloader
INFO 2025-07-12 15:37:54,315 autoreload 265 D:\PythonCode\pythonProject4\7.8newBlog\blog\users\views.py changed, reloading.
INFO 2025-07-12 15:37:54,876 autoreload 667 Watching for file changes with StatReloader
INFO 2025-07-12 15:38:44,929 autoreload 265 D:\PythonCode\pythonProject4\7.8newBlog\blog\users\views.py changed, reloading.
INFO 2025-07-12 15:38:45,473 autoreload 667 Watching for file changes with StatReloader
INFO 2025-07-12 15:39:02,023 autoreload 265 D:\PythonCode\pythonProject4\7.8newBlog\blog\users\views.py changed, reloading.
INFO 2025-07-12 15:39:02,559 autoreload 667 Watching for file changes with StatReloader
INFO 2025-07-12 15:39:28,232 autoreload 265 D:\PythonCode\pythonProject4\7.8newBlog\blog\users\views.py changed, reloading.
INFO 2025-07-12 15:39:28,741 autoreload 667 Watching for file changes with StatReloader
INFO 2025-07-12 15:39:49,333 autoreload 265 D:\PythonCode\pythonProject4\7.8newBlog\blog\users\views.py changed, reloading.
INFO 2025-07-12 15:39:49,847 autoreload 667 Watching for file changes with StatReloader
INFO 2025-07-12 15:40:13,491 autoreload 265 D:\PythonCode\pythonProject4\7.8newBlog\blog\users\views.py changed, reloading.
INFO 2025-07-12 15:40:14,044 autoreload 667 Watching for file changes with StatReloader
INFO 2025-07-12 15:40:20,165 autoreload 667 Watching for file changes with StatReloader
WARNING 2025-07-12 15:40:21,640 log 253 Not Found: /
WARNING 2025-07-12 15:40:21,641 basehttp 213 "GET / HTTP/1.1" 404 2932
WARNING 2025-07-12 15:40:21,691 log 253 Not Found: /favicon.ico
WARNING 2025-07-12 15:40:21,692 basehttp 213 "GET /favicon.ico HTTP/1.1" 404 2983
WARNING 2025-07-12 15:40:30,819 log 253 Not Found: /
WARNING 2025-07-12 15:40:30,820 basehttp 213 "GET / HTTP/1.1" 404 2932
INFO 2025-07-12 15:40:51,196 basehttp 213 "GET /register/ HTTP/1.1" 200 5199
INFO 2025-07-12 15:40:51,228 basehttp 213 "GET /imagecode/?uuid=204de23b-5f35-4a0d-af9e-95c5f3279286 HTTP/1.1" 200 3011
WARNING 2025-07-12 15:40:51,250 log 253 Not Found: /favicon.ico
WARNING 2025-07-12 15:40:51,251 basehttp 213 "GET /favicon.ico HTTP/1.1" 404 2983
INFO 2025-07-12 15:42:24,809 basehttp 213 "GET /static/login.html HTTP/1.1" 200 3106
INFO 2025-07-12 15:42:24,817 basehttp 213 "GET /static/js/login.js HTTP/1.1" 200 677
WARNING 2025-07-12 15:42:27,046 log 253 Not Found: /templates/register.html
WARNING 2025-07-12 15:42:27,047 basehttp 213 "GET /templates/register.html HTTP/1.1" 404 3019
INFO 2025-07-12 15:42:34,493 views 116 9222
INFO 2025-07-12 15:42:34,683 basehttp 213 "GET /smscode/?mobile=18327042196&image_code=zdpm&uuid=204de23b-5f35-4a0d-af9e-95c5f3279286 HTTP/1.1" 200 63
WARNING 2025-07-12 15:42:44,327 log 253 Forbidden (CSRF cookie not set.): /register/
WARNING 2025-07-12 15:42:44,327 basehttp 213 "POST /register/ HTTP/1.1" 403 2855
INFO 2025-07-12 15:44:33,880 autoreload 667 Watching for file changes with StatReloader
INFO 2025-07-12 15:44:36,718 basehttp 213 "GET /imagecode/?uuid=2ec91f8e-761e-4b4b-a910-cda917de80f3 HTTP/1.1" 200 2934
INFO 2025-07-12 15:44:39,296 basehttp 213 "GET /register/ HTTP/1.1" 200 5341
INFO 2025-07-12 15:44:39,310 basehttp 213 "GET /imagecode/?uuid=04fff971-b2f7-4ccd-b0c9-81b1a5183a6b HTTP/1.1" 200 3347
INFO 2025-07-12 15:44:52,445 views 116 1665
INFO 2025-07-12 15:44:52,607 basehttp 213 "GET /smscode/?mobile=18327042196&image_code=4bj3&uuid=04fff971-b2f7-4ccd-b0c9-81b1a5183a6b HTTP/1.1" 200 63
INFO 2025-07-12 15:45:22,348 basehttp 213 "POST /register/ HTTP/1.1" 200 12
INFO 2025-07-12 15:58:23,205 autoreload 667 Watching for file changes with StatReloader
INFO 2025-07-12 15:58:24,533 basehttp 213 "GET / HTTP/1.1" 200 11726
WARNING 2025-07-12 15:58:24,572 log 253 Not Found: /bootstrap/css/bootstrap.min.css
WARNING 2025-07-12 15:58:24,572 log 253 Not Found: /md_css/monokai.css
WARNING 2025-07-12 15:58:24,572 basehttp 213 "GET /bootstrap/css/bootstrap.min.css HTTP/1.1" 404 3290
WARNING 2025-07-12 15:58:24,572 basehttp 213 "GET /md_css/monokai.css HTTP/1.1" 404 3251
WARNING 2025-07-12 15:58:24,578 log 253 Not Found: /common/jquery.pagination.css
WARNING 2025-07-12 15:58:24,580 log 253 Not Found: /common/common.css
WARNING 2025-07-12 15:58:24,580 basehttp 213 "GET /common/jquery.pagination.css HTTP/1.1" 404 3281
WARNING 2025-07-12 15:58:24,581 basehttp 213 "GET /common/common.css HTTP/1.1" 404 3248
WARNING 2025-07-12 15:58:24,583 log 253 Not Found: /js/vue-2.5.16.js
WARNING 2025-07-12 15:58:24,585 log 253 Not Found: /js/axios-0.18.0.min.js
WARNING 2025-07-12 15:58:24,586 basehttp 213 "GET /js/vue-2.5.16.js HTTP/1.1" 404 3245
WARNING 2025-07-12 15:58:24,586 basehttp 213 "GET /js/axios-0.18.0.min.js HTTP/1.1" 404 3263
WARNING 2025-07-12 15:58:24,590 log 253 Not Found: /js/jquery-1.12.4.min.js
WARNING 2025-07-12 15:58:24,591 log 253 Not Found: /img/1.jpg
WARNING 2025-07-12 15:58:24,591 basehttp 213 "GET /js/jquery-1.12.4.min.js HTTP/1.1" 404 3266
WARNING 2025-07-12 15:58:24,592 basehttp 213 "GET /img/1.jpg HTTP/1.1" 404 3224
WARNING 2025-07-12 15:58:24,595 log 253 Not Found: /js/host.js
WARNING 2025-07-12 15:58:24,597 log 253 Not Found: /js/common.js
WARNING 2025-07-12 15:58:24,597 basehttp 213 "GET /js/host.js HTTP/1.1" 404 3227
WARNING 2025-07-12 15:58:24,598 basehttp 213 "GET /js/common.js HTTP/1.1" 404 3233
WARNING 2025-07-12 15:58:24,601 log 253 Not Found: /js/index.js
WARNING 2025-07-12 15:58:24,603 log 253 Not Found: /js/jquery.pagination.min.js
WARNING 2025-07-12 15:58:24,604 basehttp 213 "GET /js/index.js HTTP/1.1" 404 3230
WARNING 2025-07-12 15:58:24,604 basehttp 213 "GET /js/jquery.pagination.min.js HTTP/1.1" 404 3278
WARNING 2025-07-12 15:58:25,455 log 253 Not Found: /img/1.jpg
WARNING 2025-07-12 15:58:25,456 basehttp 213 "GET /img/1.jpg HTTP/1.1" 404 3224
INFO 2025-07-12 15:58:31,648 basehttp 213 "GET / HTTP/1.1" 200 11726
WARNING 2025-07-12 15:58:31,657 log 253 Not Found: /bootstrap/css/bootstrap.min.css
WARNING 2025-07-12 15:58:31,658 basehttp 213 "GET /bootstrap/css/bootstrap.min.css HTTP/1.1" 404 3290
WARNING 2025-07-12 15:58:31,661 log 253 Not Found: /md_css/monokai.css
WARNING 2025-07-12 15:58:31,662 basehttp 213 "GET /md_css/monokai.css HTTP/1.1" 404 3251
WARNING 2025-07-12 15:58:31,665 log 253 Not Found: /common/common.css
WARNING 2025-07-12 15:58:31,666 basehttp 213 "GET /common/common.css HTTP/1.1" 404 3248
WARNING 2025-07-12 15:58:31,671 log 253 Not Found: /common/jquery.pagination.css
WARNING 2025-07-12 15:58:31,672 log 253 Not Found: /bootstrap/css/bootstrap.min.css
WARNING 2025-07-12 15:58:31,672 basehttp 213 "GET /common/jquery.pagination.css HTTP/1.1" 404 3281
WARNING 2025-07-12 15:58:31,673 basehttp 213 "GET /bootstrap/css/bootstrap.min.css HTTP/1.1" 404 3290
WARNING 2025-07-12 15:58:31,676 log 253 Not Found: /md_css/monokai.css
WARNING 2025-07-12 15:58:31,679 log 253 Not Found: /js/vue-2.5.16.js
WARNING 2025-07-12 15:58:31,679 basehttp 213 "GET /md_css/monokai.css HTTP/1.1" 404 3251
WARNING 2025-07-12 15:58:31,679 basehttp 213 "GET /js/vue-2.5.16.js HTTP/1.1" 404 3245
WARNING 2025-07-12 15:58:31,682 log 253 Not Found: /js/axios-0.18.0.min.js
WARNING 2025-07-12 15:58:31,684 log 253 Not Found: /js/jquery-1.12.4.min.js
WARNING 2025-07-12 15:58:31,684 basehttp 213 "GET /js/axios-0.18.0.min.js HTTP/1.1" 404 3263
WARNING 2025-07-12 15:58:31,684 basehttp 213 "GET /js/jquery-1.12.4.min.js HTTP/1.1" 404 3266
WARNING 2025-07-12 15:58:31,687 log 253 Not Found: /img/1.jpg
WARNING 2025-07-12 15:58:31,689 log 253 Not Found: /js/host.js
WARNING 2025-07-12 15:58:31,689 basehttp 213 "GET /img/1.jpg HTTP/1.1" 404 3224
WARNING 2025-07-12 15:58:31,690 basehttp 213 "GET /js/host.js HTTP/1.1" 404 3227
WARNING 2025-07-12 15:58:31,692 log 253 Not Found: /js/common.js
WARNING 2025-07-12 15:58:31,694 log 253 Not Found: /js/index.js
WARNING 2025-07-12 15:58:31,694 basehttp 213 "GET /js/common.js HTTP/1.1" 404 3233
WARNING 2025-07-12 15:58:31,694 basehttp 213 "GET /js/index.js HTTP/1.1" 404 3230
WARNING 2025-07-12 15:58:31,698 log 253 Not Found: /js/jquery.pagination.min.js
WARNING 2025-07-12 15:58:31,698 basehttp 213 "GET /js/jquery.pagination.min.js HTTP/1.1" 404 3278
WARNING 2025-07-12 15:58:32,423 log 253 Not Found: /img/1.jpg
WARNING 2025-07-12 15:58:32,423 basehttp 213 "GET /img/1.jpg HTTP/1.1" 404 3224
WARNING 2025-07-12 15:58:33,045 log 253 Not Found: /favicon.ico
WARNING 2025-07-12 15:58:33,045 basehttp 213 "GET /favicon.ico HTTP/1.1" 404 3230
INFO 2025-07-12 15:59:04,464 basehttp 213 "GET / HTTP/1.1" 200 11726
WARNING 2025-07-12 15:59:04,474 log 253 Not Found: /bootstrap/css/bootstrap.min.css
WARNING 2025-07-12 15:59:04,474 basehttp 213 "GET /bootstrap/css/bootstrap.min.css HTTP/1.1" 404 3290
WARNING 2025-07-12 15:59:04,478 log 253 Not Found: /md_css/monokai.css
WARNING 2025-07-12 15:59:04,480 log 253 Not Found: /common/common.css
WARNING 2025-07-12 15:59:04,480 basehttp 213 "GET /md_css/monokai.css HTTP/1.1" 404 3251
WARNING 2025-07-12 15:59:04,481 basehttp 213 "GET /common/common.css HTTP/1.1" 404 3248
WARNING 2025-07-12 15:59:04,483 log 253 Not Found: /common/jquery.pagination.css
WARNING 2025-07-12 15:59:04,486 log 253 Not Found: /js/vue-2.5.16.js
WARNING 2025-07-12 15:59:04,486 basehttp 213 "GET /common/jquery.pagination.css HTTP/1.1" 404 3281
WARNING 2025-07-12 15:59:04,486 basehttp 213 "GET /js/vue-2.5.16.js HTTP/1.1" 404 3245
WARNING 2025-07-12 15:59:04,490 log 253 Not Found: /js/axios-0.18.0.min.js
WARNING 2025-07-12 15:59:04,492 log 253 Not Found: /js/jquery-1.12.4.min.js
WARNING 2025-07-12 15:59:04,493 basehttp 213 "GET /js/axios-0.18.0.min.js HTTP/1.1" 404 3263
WARNING 2025-07-12 15:59:04,493 basehttp 213 "GET /js/jquery-1.12.4.min.js HTTP/1.1" 404 3266
WARNING 2025-07-12 15:59:04,496 log 253 Not Found: /img/1.jpg
WARNING 2025-07-12 15:59:04,499 log 253 Not Found: /js/host.js
WARNING 2025-07-12 15:59:04,499 basehttp 213 "GET /img/1.jpg HTTP/1.1" 404 3224
WARNING 2025-07-12 15:59:04,499 basehttp 213 "GET /js/host.js HTTP/1.1" 404 3227
WARNING 2025-07-12 15:59:04,504 log 253 Not Found: /js/common.js
WARNING 2025-07-12 15:59:04,507 log 253 Not Found: /js/index.js
WARNING 2025-07-12 15:59:04,507 basehttp 213 "GET /js/common.js HTTP/1.1" 404 3233
WARNING 2025-07-12 15:59:04,507 basehttp 213 "GET /js/index.js HTTP/1.1" 404 3230
WARNING 2025-07-12 15:59:04,511 log 253 Not Found: /js/jquery.pagination.min.js
WARNING 2025-07-12 15:59:04,513 basehttp 213 "GET /js/jquery.pagination.min.js HTTP/1.1" 404 3278
WARNING 2025-07-12 15:59:05,245 log 253 Not Found: /img/1.jpg
WARNING 2025-07-12 15:59:05,245 basehttp 213 "GET /img/1.jpg HTTP/1.1" 404 3224
INFO 2025-07-12 16:04:06,892 autoreload 667 Watching for file changes with StatReloader
ERROR 2025-07-12 16:04:08,760 log 253 Internal Server Error: /
Traceback (most recent call last):
  File "D:\anaconda3\envs\BYSJ\Lib\site-packages\django\template\defaulttags.py", line 1035, in find_library
    return parser.libraries[name]
           ~~~~~~~~~~~~~~~~^^^^^^
KeyError: 'staticfiles'

During handling of the above exception, another exception occurred:

Traceback (most recent call last):
  File "D:\anaconda3\envs\BYSJ\Lib\site-packages\django\core\handlers\exception.py", line 55, in inner
    response = get_response(request)
               ^^^^^^^^^^^^^^^^^^^^^
  File "D:\anaconda3\envs\BYSJ\Lib\site-packages\django\core\handlers\base.py", line 197, in _get_response
    response = wrapped_callback(request, *callback_args, **callback_kwargs)
               ^^^^^^^^^^^^^^^^^^^^^^^^^^^^^^^^^^^^^^^^^^^^^^^^^^^^^^^^^^^^
  File "D:\anaconda3\envs\BYSJ\Lib\site-packages\django\views\generic\base.py", line 105, in view
    return self.dispatch(request, *args, **kwargs)
           ^^^^^^^^^^^^^^^^^^^^^^^^^^^^^^^^^^^^^^^
  File "D:\anaconda3\envs\BYSJ\Lib\site-packages\django\views\generic\base.py", line 144, in dispatch
    return handler(request, *args, **kwargs)
           ^^^^^^^^^^^^^^^^^^^^^^^^^^^^^^^^^
  File "D:\PythonCode\pythonProject4\7.8newBlog\blog\home\views.py", line 7, in get
    return render(request, 'index.html')
           ^^^^^^^^^^^^^^^^^^^^^^^^^^^^^
  File "D:\anaconda3\envs\BYSJ\Lib\site-packages\django\shortcuts.py", line 25, in render
    content = loader.render_to_string(template_name, context, request, using=using)
              ^^^^^^^^^^^^^^^^^^^^^^^^^^^^^^^^^^^^^^^^^^^^^^^^^^^^^^^^^^^^^^^^^^^^^
  File "D:\anaconda3\envs\BYSJ\Lib\site-packages\django\template\loader.py", line 61, in render_to_string
    template = get_template(template_name, using=using)
               ^^^^^^^^^^^^^^^^^^^^^^^^^^^^^^^^^^^^^^^^
  File "D:\anaconda3\envs\BYSJ\Lib\site-packages\django\template\loader.py", line 15, in get_template
    return engine.get_template(template_name)
           ^^^^^^^^^^^^^^^^^^^^^^^^^^^^^^^^^^
  File "D:\anaconda3\envs\BYSJ\Lib\site-packages\django\template\backends\django.py", line 79, in get_template
    return Template(self.engine.get_template(template_name), self)
                    ^^^^^^^^^^^^^^^^^^^^^^^^^^^^^^^^^^^^^^^
  File "D:\anaconda3\envs\BYSJ\Lib\site-packages\django\template\engine.py", line 177, in get_template
    template, origin = self.find_template(template_name)
                       ^^^^^^^^^^^^^^^^^^^^^^^^^^^^^^^^^
  File "D:\anaconda3\envs\BYSJ\Lib\site-packages\django\template\engine.py", line 159, in find_template
    template = loader.get_template(name, skip=skip)
               ^^^^^^^^^^^^^^^^^^^^^^^^^^^^^^^^^^^^
  File "D:\anaconda3\envs\BYSJ\Lib\site-packages\django\template\loaders\cached.py", line 57, in get_template
    template = super().get_template(template_name, skip)
               ^^^^^^^^^^^^^^^^^^^^^^^^^^^^^^^^^^^^^^^^^
  File "D:\anaconda3\envs\BYSJ\Lib\site-packages\django\template\loaders\base.py", line 28, in get_template
    return Template(
           ^^^^^^^^^
  File "D:\anaconda3\envs\BYSJ\Lib\site-packages\django\template\base.py", line 154, in __init__
    self.nodelist = self.compile_nodelist()
                    ^^^^^^^^^^^^^^^^^^^^^^^
  File "D:\anaconda3\envs\BYSJ\Lib\site-packages\django\template\base.py", line 196, in compile_nodelist
    nodelist = parser.parse()
               ^^^^^^^^^^^^^^
  File "D:\anaconda3\envs\BYSJ\Lib\site-packages\django\template\base.py", line 518, in parse
    raise self.error(token, e)
  File "D:\anaconda3\envs\BYSJ\Lib\site-packages\django\template\base.py", line 516, in parse
    compiled_result = compile_func(self, token)
                      ^^^^^^^^^^^^^^^^^^^^^^^^^
  File "D:\anaconda3\envs\BYSJ\Lib\site-packages\django\template\defaulttags.py", line 1097, in load
    lib = find_library(parser, name)
          ^^^^^^^^^^^^^^^^^^^^^^^^^^
  File "D:\anaconda3\envs\BYSJ\Lib\site-packages\django\template\defaulttags.py", line 1037, in find_library
    raise TemplateSyntaxError(
django.template.exceptions.TemplateSyntaxError: 'staticfiles' is not a registered tag library. Must be one of:
admin_list
admin_modify
admin_urls
cache
i18n
l10n
log
static
tz
ERROR 2025-07-12 16:04:08,766 basehttp 213 "GET / HTTP/1.1" 500 206455
INFO 2025-07-12 16:04:50,440 autoreload 667 Watching for file changes with StatReloader
ERROR 2025-07-12 16:04:52,030 log 253 Internal Server Error: /
Traceback (most recent call last):
  File "D:\anaconda3\envs\BYSJ\Lib\site-packages\django\core\handlers\exception.py", line 55, in inner
    response = get_response(request)
               ^^^^^^^^^^^^^^^^^^^^^
  File "D:\anaconda3\envs\BYSJ\Lib\site-packages\django\core\handlers\base.py", line 197, in _get_response
    response = wrapped_callback(request, *callback_args, **callback_kwargs)
               ^^^^^^^^^^^^^^^^^^^^^^^^^^^^^^^^^^^^^^^^^^^^^^^^^^^^^^^^^^^^
  File "D:\anaconda3\envs\BYSJ\Lib\site-packages\django\views\generic\base.py", line 105, in view
    return self.dispatch(request, *args, **kwargs)
           ^^^^^^^^^^^^^^^^^^^^^^^^^^^^^^^^^^^^^^^
  File "D:\anaconda3\envs\BYSJ\Lib\site-packages\django\views\generic\base.py", line 144, in dispatch
    return handler(request, *args, **kwargs)
           ^^^^^^^^^^^^^^^^^^^^^^^^^^^^^^^^^
  File "D:\PythonCode\pythonProject4\7.8newBlog\blog\home\views.py", line 7, in get
    return render(request, 'index.html')
           ^^^^^^^^^^^^^^^^^^^^^^^^^^^^^
  File "D:\anaconda3\envs\BYSJ\Lib\site-packages\django\shortcuts.py", line 25, in render
    content = loader.render_to_string(template_name, context, request, using=using)
              ^^^^^^^^^^^^^^^^^^^^^^^^^^^^^^^^^^^^^^^^^^^^^^^^^^^^^^^^^^^^^^^^^^^^^
  File "D:\anaconda3\envs\BYSJ\Lib\site-packages\django\template\loader.py", line 62, in render_to_string
    return template.render(context, request)
           ^^^^^^^^^^^^^^^^^^^^^^^^^^^^^^^^^
  File "D:\anaconda3\envs\BYSJ\Lib\site-packages\django\template\backends\django.py", line 107, in render
    return self.template.render(context)
           ^^^^^^^^^^^^^^^^^^^^^^^^^^^^^
  File "D:\anaconda3\envs\BYSJ\Lib\site-packages\django\template\base.py", line 171, in render
    return self._render(context)
           ^^^^^^^^^^^^^^^^^^^^^
  File "D:\anaconda3\envs\BYSJ\Lib\site-packages\django\template\base.py", line 163, in _render
    return self.nodelist.render(context)
           ^^^^^^^^^^^^^^^^^^^^^^^^^^^^^
  File "D:\anaconda3\envs\BYSJ\Lib\site-packages\django\template\base.py", line 1016, in render
    return SafeString("".join([node.render_annotated(context) for node in self]))
                              ^^^^^^^^^^^^^^^^^^^^^^^^^^^^^^^^^^^^^^^^^^^^^^^^^
  File "D:\anaconda3\envs\BYSJ\Lib\site-packages\django\template\base.py", line 1016, in <listcomp>
    return SafeString("".join([node.render_annotated(context) for node in self]))
                               ^^^^^^^^^^^^^^^^^^^^^^^^^^^^^^
  File "D:\anaconda3\envs\BYSJ\Lib\site-packages\django\template\base.py", line 977, in render_annotated
    return self.render(context)
           ^^^^^^^^^^^^^^^^^^^^
  File "D:\anaconda3\envs\BYSJ\Lib\site-packages\django\template\defaulttags.py", line 480, in render
    url = reverse(view_name, args=args, kwargs=kwargs, current_app=current_app)
          ^^^^^^^^^^^^^^^^^^^^^^^^^^^^^^^^^^^^^^^^^^^^^^^^^^^^^^^^^^^^^^^^^^^^^
  File "D:\anaconda3\envs\BYSJ\Lib\site-packages\django\urls\base.py", line 98, in reverse
    resolved_url = resolver._reverse_with_prefix(view, prefix, *args, **kwargs)
                   ^^^^^^^^^^^^^^^^^^^^^^^^^^^^^^^^^^^^^^^^^^^^^^^^^^^^^^^^^^^^
  File "D:\anaconda3\envs\BYSJ\Lib\site-packages\django\urls\resolvers.py", line 831, in _reverse_with_prefix
    raise NoReverseMatch(msg)
django.urls.exceptions.NoReverseMatch: Reverse for 'writeblog' not found. 'writeblog' is not a valid view function or pattern name.
ERROR 2025-07-12 16:04:52,033 basehttp 213 "GET / HTTP/1.1" 500 142094
INFO 2025-07-12 16:06:12,440 autoreload 667 Watching for file changes with StatReloader
ERROR 2025-07-12 16:06:13,892 log 253 Internal Server Error: /
Traceback (most recent call last):
  File "D:\anaconda3\envs\BYSJ\Lib\site-packages\django\core\handlers\exception.py", line 55, in inner
    response = get_response(request)
               ^^^^^^^^^^^^^^^^^^^^^
  File "D:\anaconda3\envs\BYSJ\Lib\site-packages\django\core\handlers\base.py", line 197, in _get_response
    response = wrapped_callback(request, *callback_args, **callback_kwargs)
               ^^^^^^^^^^^^^^^^^^^^^^^^^^^^^^^^^^^^^^^^^^^^^^^^^^^^^^^^^^^^
  File "D:\anaconda3\envs\BYSJ\Lib\site-packages\django\views\generic\base.py", line 105, in view
    return self.dispatch(request, *args, **kwargs)
           ^^^^^^^^^^^^^^^^^^^^^^^^^^^^^^^^^^^^^^^
  File "D:\anaconda3\envs\BYSJ\Lib\site-packages\django\views\generic\base.py", line 144, in dispatch
    return handler(request, *args, **kwargs)
           ^^^^^^^^^^^^^^^^^^^^^^^^^^^^^^^^^
  File "D:\PythonCode\pythonProject4\7.8newBlog\blog\home\views.py", line 7, in get
    return render(request, 'index.html')
           ^^^^^^^^^^^^^^^^^^^^^^^^^^^^^
  File "D:\anaconda3\envs\BYSJ\Lib\site-packages\django\shortcuts.py", line 25, in render
    content = loader.render_to_string(template_name, context, request, using=using)
              ^^^^^^^^^^^^^^^^^^^^^^^^^^^^^^^^^^^^^^^^^^^^^^^^^^^^^^^^^^^^^^^^^^^^^
  File "D:\anaconda3\envs\BYSJ\Lib\site-packages\django\template\loader.py", line 62, in render_to_string
    return template.render(context, request)
           ^^^^^^^^^^^^^^^^^^^^^^^^^^^^^^^^^
  File "D:\anaconda3\envs\BYSJ\Lib\site-packages\django\template\backends\django.py", line 107, in render
    return self.template.render(context)
           ^^^^^^^^^^^^^^^^^^^^^^^^^^^^^
  File "D:\anaconda3\envs\BYSJ\Lib\site-packages\django\template\base.py", line 171, in render
    return self._render(context)
           ^^^^^^^^^^^^^^^^^^^^^
  File "D:\anaconda3\envs\BYSJ\Lib\site-packages\django\template\base.py", line 163, in _render
    return self.nodelist.render(context)
           ^^^^^^^^^^^^^^^^^^^^^^^^^^^^^
  File "D:\anaconda3\envs\BYSJ\Lib\site-packages\django\template\base.py", line 1016, in render
    return SafeString("".join([node.render_annotated(context) for node in self]))
                              ^^^^^^^^^^^^^^^^^^^^^^^^^^^^^^^^^^^^^^^^^^^^^^^^^
  File "D:\anaconda3\envs\BYSJ\Lib\site-packages\django\template\base.py", line 1016, in <listcomp>
    return SafeString("".join([node.render_annotated(context) for node in self]))
                               ^^^^^^^^^^^^^^^^^^^^^^^^^^^^^^
  File "D:\anaconda3\envs\BYSJ\Lib\site-packages\django\template\base.py", line 977, in render_annotated
    return self.render(context)
           ^^^^^^^^^^^^^^^^^^^^
  File "D:\anaconda3\envs\BYSJ\Lib\site-packages\django\template\defaulttags.py", line 480, in render
    url = reverse(view_name, args=args, kwargs=kwargs, current_app=current_app)
          ^^^^^^^^^^^^^^^^^^^^^^^^^^^^^^^^^^^^^^^^^^^^^^^^^^^^^^^^^^^^^^^^^^^^^
  File "D:\anaconda3\envs\BYSJ\Lib\site-packages\django\urls\base.py", line 98, in reverse
    resolved_url = resolver._reverse_with_prefix(view, prefix, *args, **kwargs)
                   ^^^^^^^^^^^^^^^^^^^^^^^^^^^^^^^^^^^^^^^^^^^^^^^^^^^^^^^^^^^^
  File "D:\anaconda3\envs\BYSJ\Lib\site-packages\django\urls\resolvers.py", line 831, in _reverse_with_prefix
    raise NoReverseMatch(msg)
django.urls.exceptions.NoReverseMatch: Reverse for '#' not found. '#' is not a valid view function or pattern name.
ERROR 2025-07-12 16:06:13,894 basehttp 213 "GET / HTTP/1.1" 500 140867
INFO 2025-07-12 16:06:42,710 autoreload 667 Watching for file changes with StatReloader
ERROR 2025-07-12 16:06:43,880 log 253 Internal Server Error: /
Traceback (most recent call last):
  File "D:\anaconda3\envs\BYSJ\Lib\site-packages\django\core\handlers\exception.py", line 55, in inner
    response = get_response(request)
               ^^^^^^^^^^^^^^^^^^^^^
  File "D:\anaconda3\envs\BYSJ\Lib\site-packages\django\core\handlers\base.py", line 197, in _get_response
    response = wrapped_callback(request, *callback_args, **callback_kwargs)
               ^^^^^^^^^^^^^^^^^^^^^^^^^^^^^^^^^^^^^^^^^^^^^^^^^^^^^^^^^^^^
  File "D:\anaconda3\envs\BYSJ\Lib\site-packages\django\views\generic\base.py", line 105, in view
    return self.dispatch(request, *args, **kwargs)
           ^^^^^^^^^^^^^^^^^^^^^^^^^^^^^^^^^^^^^^^
  File "D:\anaconda3\envs\BYSJ\Lib\site-packages\django\views\generic\base.py", line 144, in dispatch
    return handler(request, *args, **kwargs)
           ^^^^^^^^^^^^^^^^^^^^^^^^^^^^^^^^^
  File "D:\PythonCode\pythonProject4\7.8newBlog\blog\home\views.py", line 7, in get
    return render(request, 'index.html')
           ^^^^^^^^^^^^^^^^^^^^^^^^^^^^^
  File "D:\anaconda3\envs\BYSJ\Lib\site-packages\django\shortcuts.py", line 25, in render
    content = loader.render_to_string(template_name, context, request, using=using)
              ^^^^^^^^^^^^^^^^^^^^^^^^^^^^^^^^^^^^^^^^^^^^^^^^^^^^^^^^^^^^^^^^^^^^^
  File "D:\anaconda3\envs\BYSJ\Lib\site-packages\django\template\loader.py", line 62, in render_to_string
    return template.render(context, request)
           ^^^^^^^^^^^^^^^^^^^^^^^^^^^^^^^^^
  File "D:\anaconda3\envs\BYSJ\Lib\site-packages\django\template\backends\django.py", line 107, in render
    return self.template.render(context)
           ^^^^^^^^^^^^^^^^^^^^^^^^^^^^^
  File "D:\anaconda3\envs\BYSJ\Lib\site-packages\django\template\base.py", line 171, in render
    return self._render(context)
           ^^^^^^^^^^^^^^^^^^^^^
  File "D:\anaconda3\envs\BYSJ\Lib\site-packages\django\template\base.py", line 163, in _render
    return self.nodelist.render(context)
           ^^^^^^^^^^^^^^^^^^^^^^^^^^^^^
  File "D:\anaconda3\envs\BYSJ\Lib\site-packages\django\template\base.py", line 1016, in render
    return SafeString("".join([node.render_annotated(context) for node in self]))
                              ^^^^^^^^^^^^^^^^^^^^^^^^^^^^^^^^^^^^^^^^^^^^^^^^^
  File "D:\anaconda3\envs\BYSJ\Lib\site-packages\django\template\base.py", line 1016, in <listcomp>
    return SafeString("".join([node.render_annotated(context) for node in self]))
                               ^^^^^^^^^^^^^^^^^^^^^^^^^^^^^^
  File "D:\anaconda3\envs\BYSJ\Lib\site-packages\django\template\base.py", line 977, in render_annotated
    return self.render(context)
           ^^^^^^^^^^^^^^^^^^^^
  File "D:\anaconda3\envs\BYSJ\Lib\site-packages\django\template\defaulttags.py", line 480, in render
    url = reverse(view_name, args=args, kwargs=kwargs, current_app=current_app)
          ^^^^^^^^^^^^^^^^^^^^^^^^^^^^^^^^^^^^^^^^^^^^^^^^^^^^^^^^^^^^^^^^^^^^^
  File "D:\anaconda3\envs\BYSJ\Lib\site-packages\django\urls\base.py", line 98, in reverse
    resolved_url = resolver._reverse_with_prefix(view, prefix, *args, **kwargs)
                   ^^^^^^^^^^^^^^^^^^^^^^^^^^^^^^^^^^^^^^^^^^^^^^^^^^^^^^^^^^^^
  File "D:\anaconda3\envs\BYSJ\Lib\site-packages\django\urls\resolvers.py", line 831, in _reverse_with_prefix
    raise NoReverseMatch(msg)
django.urls.exceptions.NoReverseMatch: Reverse for 'login' not found. 'login' is not a valid view function or pattern name.
ERROR 2025-07-12 16:06:43,882 basehttp 213 "GET / HTTP/1.1" 500 140989
INFO 2025-07-12 16:07:01,041 autoreload 667 Watching for file changes with StatReloader
INFO 2025-07-12 16:07:02,429 basehttp 213 "GET / HTTP/1.1" 200 3642
INFO 2025-07-12 16:07:02,587 basehttp 213 "GET /static/md_css/monokai.css HTTP/1.1" 200 4118
INFO 2025-07-12 16:07:02,588 basehttp 213 "GET /static/common/jquery.pagination.css HTTP/1.1" 200 523
INFO 2025-07-12 16:07:02,589 basehttp 213 "GET /static/js/jquery-1.12.4.min.js HTTP/1.1" 200 97163
INFO 2025-07-12 16:07:02,590 basehttp 213 "GET /static/js/index.js HTTP/1.1" 200 530
INFO 2025-07-12 16:07:02,592 basehttp 213 "GET /static/js/jquery.pagination.min.js HTTP/1.1" 200 2935
INFO 2025-07-12 16:07:02,595 basehttp 213 "GET /static/common/common.css HTTP/1.1" 200 381
INFO 2025-07-12 16:07:06,775 basehttp 213 "GET / HTTP/1.1" 200 3642
INFO 2025-07-12 16:07:07,475 basehttp 213 "GET / HTTP/1.1" 200 3642
INFO 2025-07-12 16:07:07,674 basehttp 213 "GET / HTTP/1.1" 200 3642
INFO 2025-07-12 16:07:17,285 basehttp 213 "GET / HTTP/1.1" 200 3642
WARNING 2025-07-12 16:07:17,332 log 253 Not Found: /favicon.ico
WARNING 2025-07-12 16:07:17,333 basehttp 213 "GET /favicon.ico HTTP/1.1" 404 3230
WARNING 2025-07-12 16:07:18,901 log 253 Not Found: /.well-known/appspecific/com.chrome.devtools.json
WARNING 2025-07-12 16:07:18,901 basehttp 213 "GET /.well-known/appspecific/com.chrome.devtools.json HTTP/1.1" 404 3341
WARNING 2025-07-12 16:07:18,956 basehttp 213 "GET /static/js/axios.min.map HTTP/1.1" 404 1862
INFO 2025-07-12 16:07:19,569 basehttp 213 "GET /static/bootstrap/css/bootstrap.min.css.map HTTP/1.1" 200 562427
INFO 2025-07-12 16:08:37,166 basehttp 213 "GET / HTTP/1.1" 200 3642
INFO 2025-07-12 16:08:37,175 basehttp 213 "GET /static/common/common.css HTTP/1.1" 200 381
INFO 2025-07-12 16:08:37,175 basehttp 213 "GET /static/md_css/monokai.css HTTP/1.1" 200 4118
INFO 2025-07-12 16:08:37,176 basehttp 213 "GET /static/common/jquery.pagination.css HTTP/1.1" 200 523
INFO 2025-07-12 16:08:37,177 basehttp 213 "GET /static/js/index.js HTTP/1.1" 200 530
INFO 2025-07-12 16:08:37,177 basehttp 213 "GET /static/js/jquery-1.12.4.min.js HTTP/1.1" 200 97163
INFO 2025-07-12 16:08:37,178 basehttp 213 "GET /static/js/jquery.pagination.min.js HTTP/1.1" 200 2935
WARNING 2025-07-12 16:08:51,944 log 253 Not Found: /.well-known/appspecific/com.chrome.devtools.json
WARNING 2025-07-12 16:08:51,944 basehttp 213 "GET /.well-known/appspecific/com.chrome.devtools.json HTTP/1.1" 404 3341
WARNING 2025-07-12 16:08:51,947 basehttp 213 "GET /static/js/axios.min.map HTTP/1.1" 404 1862
INFO 2025-07-12 16:21:01,476 basehttp 213 "GET / HTTP/1.1" 200 11726
WARNING 2025-07-12 16:21:01,483 log 253 Not Found: /bootstrap/css/bootstrap.min.css
WARNING 2025-07-12 16:21:01,485 log 253 Not Found: /md_css/monokai.css
WARNING 2025-07-12 16:21:01,485 basehttp 213 "GET /bootstrap/css/bootstrap.min.css HTTP/1.1" 404 3290
WARNING 2025-07-12 16:21:01,485 basehttp 213 "GET /md_css/monokai.css HTTP/1.1" 404 3251
WARNING 2025-07-12 16:21:01,489 log 253 Not Found: /common/common.css
WARNING 2025-07-12 16:21:01,491 log 253 Not Found: /common/jquery.pagination.css
WARNING 2025-07-12 16:21:01,491 basehttp 213 "GET /common/common.css HTTP/1.1" 404 3248
WARNING 2025-07-12 16:21:01,492 basehttp 213 "GET /common/jquery.pagination.css HTTP/1.1" 404 3281
WARNING 2025-07-12 16:21:01,495 log 253 Not Found: /js/vue-2.5.16.js
WARNING 2025-07-12 16:21:01,497 log 253 Not Found: /js/axios-0.18.0.min.js
WARNING 2025-07-12 16:21:01,497 basehttp 213 "GET /js/vue-2.5.16.js HTTP/1.1" 404 3245
WARNING 2025-07-12 16:21:01,497 basehttp 213 "GET /js/axios-0.18.0.min.js HTTP/1.1" 404 3263
WARNING 2025-07-12 16:21:01,500 log 253 Not Found: /js/jquery-1.12.4.min.js
WARNING 2025-07-12 16:21:01,502 log 253 Not Found: /img/1.jpg
WARNING 2025-07-12 16:21:01,502 basehttp 213 "GET /js/jquery-1.12.4.min.js HTTP/1.1" 404 3266
WARNING 2025-07-12 16:21:01,503 basehttp 213 "GET /img/1.jpg HTTP/1.1" 404 3224
WARNING 2025-07-12 16:21:01,506 log 253 Not Found: /js/host.js
WARNING 2025-07-12 16:21:01,508 log 253 Not Found: /.well-known/appspecific/com.chrome.devtools.json
WARNING 2025-07-12 16:21:01,508 basehttp 213 "GET /js/host.js HTTP/1.1" 404 3227
WARNING 2025-07-12 16:21:01,508 basehttp 213 "GET /.well-known/appspecific/com.chrome.devtools.json HTTP/1.1" 404 3341
WARNING 2025-07-12 16:21:01,512 log 253 Not Found: /js/common.js
WARNING 2025-07-12 16:21:01,514 log 253 Not Found: /js/index.js
WARNING 2025-07-12 16:21:01,514 basehttp 213 "GET /js/common.js HTTP/1.1" 404 3233
WARNING 2025-07-12 16:21:01,514 basehttp 213 "GET /js/index.js HTTP/1.1" 404 3230
WARNING 2025-07-12 16:21:01,517 log 253 Not Found: /js/jquery.pagination.min.js
WARNING 2025-07-12 16:21:01,517 basehttp 213 "GET /js/jquery.pagination.min.js HTTP/1.1" 404 3278
WARNING 2025-07-12 16:21:07,883 log 253 Not Found: /write_blog.html
WARNING 2025-07-12 16:21:07,883 basehttp 213 "GET /write_blog.html HTTP/1.1" 404 3242
WARNING 2025-07-12 16:21:07,901 log 253 Not Found: /.well-known/appspecific/com.chrome.devtools.json
WARNING 2025-07-12 16:21:07,901 basehttp 213 "GET /.well-known/appspecific/com.chrome.devtools.json HTTP/1.1" 404 3341
WARNING 2025-07-12 16:21:09,099 log 253 Not Found: /.well-known/appspecific/com.chrome.devtools.json
WARNING 2025-07-12 16:21:09,100 basehttp 213 "GET /.well-known/appspecific/com.chrome.devtools.json HTTP/1.1" 404 3341
WARNING 2025-07-12 16:21:09,110 log 253 Not Found: /md_css/monokai.css
WARNING 2025-07-12 16:21:09,112 log 253 Not Found: /bootstrap/css/bootstrap.min.css
WARNING 2025-07-12 16:21:09,115 log 253 Not Found: /common/common.css
WARNING 2025-07-12 16:21:09,118 log 253 Not Found: /common/jquery.pagination.css
WARNING 2025-07-12 16:21:09,120 log 253 Not Found: /.well-known/appspecific/com.chrome.devtools.json
WARNING 2025-07-12 16:21:09,120 basehttp 213 "GET /md_css/monokai.css HTTP/1.1" 404 3251
WARNING 2025-07-12 16:21:09,120 basehttp 213 "GET /bootstrap/css/bootstrap.min.css HTTP/1.1" 404 3290
WARNING 2025-07-12 16:21:09,121 basehttp 213 "GET /common/common.css HTTP/1.1" 404 3248
WARNING 2025-07-12 16:21:09,121 basehttp 213 "GET /common/jquery.pagination.css HTTP/1.1" 404 3281
WARNING 2025-07-12 16:21:09,121 basehttp 213 "GET /.well-known/appspecific/com.chrome.devtools.json HTTP/1.1" 404 3341
INFO 2025-07-12 16:21:12,883 basehttp 213 "GET / HTTP/1.1" 200 11726
WARNING 2025-07-12 16:21:12,896 log 253 Not Found: /bootstrap/css/bootstrap.min.css
WARNING 2025-07-12 16:21:12,898 log 253 Not Found: /common/common.css
WARNING 2025-07-12 16:21:12,901 log 253 Not Found: /js/vue-2.5.16.js
WARNING 2025-07-12 16:21:12,903 log 253 Not Found: /md_css/monokai.css
WARNING 2025-07-12 16:21:12,905 log 253 Not Found: /js/axios-0.18.0.min.js
WARNING 2025-07-12 16:21:12,907 log 253 Not Found: /common/jquery.pagination.css
WARNING 2025-07-12 16:21:12,907 basehttp 213 "GET /bootstrap/css/bootstrap.min.css HTTP/1.1" 404 3290
WARNING 2025-07-12 16:21:12,908 basehttp 213 "GET /common/common.css HTTP/1.1" 404 3248
WARNING 2025-07-12 16:21:12,908 basehttp 213 "GET /js/vue-2.5.16.js HTTP/1.1" 404 3245
WARNING 2025-07-12 16:21:12,908 basehttp 213 "GET /md_css/monokai.css HTTP/1.1" 404 3251
WARNING 2025-07-12 16:21:12,908 basehttp 213 "GET /js/axios-0.18.0.min.js HTTP/1.1" 404 3263
WARNING 2025-07-12 16:21:12,910 basehttp 213 "GET /common/jquery.pagination.css HTTP/1.1" 404 3281
WARNING 2025-07-12 16:21:12,912 log 253 Not Found: /js/jquery-1.12.4.min.js
WARNING 2025-07-12 16:21:12,915 log 253 Not Found: /.well-known/appspecific/com.chrome.devtools.json
WARNING 2025-07-12 16:21:12,916 log 253 Not Found: /img/1.jpg
WARNING 2025-07-12 16:21:12,920 log 253 Not Found: /js/host.js
WARNING 2025-07-12 16:21:12,920 basehttp 213 "GET /js/jquery-1.12.4.min.js HTTP/1.1" 404 3266
WARNING 2025-07-12 16:21:12,921 basehttp 213 "GET /.well-known/appspecific/com.chrome.devtools.json HTTP/1.1" 404 3341
WARNING 2025-07-12 16:21:12,921 basehttp 213 "GET /img/1.jpg HTTP/1.1" 404 3224
WARNING 2025-07-12 16:21:12,922 basehttp 213 "GET /js/host.js HTTP/1.1" 404 3227
WARNING 2025-07-12 16:21:12,926 log 253 Not Found: /js/index.js
WARNING 2025-07-12 16:21:12,928 log 253 Not Found: /js/jquery.pagination.min.js
WARNING 2025-07-12 16:21:12,930 log 253 Not Found: /js/common.js
WARNING 2025-07-12 16:21:12,930 basehttp 213 "GET /js/index.js HTTP/1.1" 404 3230
WARNING 2025-07-12 16:21:12,931 basehttp 213 "GET /js/jquery.pagination.min.js HTTP/1.1" 404 3278
WARNING 2025-07-12 16:21:12,931 basehttp 213 "GET /js/common.js HTTP/1.1" 404 3233
INFO 2025-07-12 16:22:01,053 autoreload 667 Watching for file changes with StatReloader
INFO 2025-07-12 16:22:02,927 basehttp 213 "GET / HTTP/1.1" 200 11731
WARNING 2025-07-12 16:22:02,942 log 253 Not Found: /bootstrap/css/bootstrap.min.css
WARNING 2025-07-12 16:22:02,943 basehttp 213 "GET /bootstrap/css/bootstrap.min.css HTTP/1.1" 404 3290
WARNING 2025-07-12 16:22:02,946 log 253 Not Found: /md_css/monokai.css
WARNING 2025-07-12 16:22:02,947 basehttp 213 "GET /md_css/monokai.css HTTP/1.1" 404 3251
WARNING 2025-07-12 16:22:02,950 log 253 Not Found: /common/common.css
WARNING 2025-07-12 16:22:02,950 basehttp 213 "GET /common/common.css HTTP/1.1" 404 3248
WARNING 2025-07-12 16:22:02,955 log 253 Not Found: /common/jquery.pagination.css
WARNING 2025-07-12 16:22:02,956 log 253 Not Found: /bootstrap/css/bootstrap.min.css
WARNING 2025-07-12 16:22:02,957 basehttp 213 "GET /common/jquery.pagination.css HTTP/1.1" 404 3281
WARNING 2025-07-12 16:22:02,957 basehttp 213 "GET /bootstrap/css/bootstrap.min.css HTTP/1.1" 404 3290
WARNING 2025-07-12 16:22:02,960 log 253 Not Found: /js/vue-2.5.16.js
WARNING 2025-07-12 16:22:02,962 log 253 Not Found: /js/axios-0.18.0.min.js
WARNING 2025-07-12 16:22:02,963 basehttp 213 "GET /js/vue-2.5.16.js HTTP/1.1" 404 3245
WARNING 2025-07-12 16:22:02,964 basehttp 213 "GET /js/axios-0.18.0.min.js HTTP/1.1" 404 3263
WARNING 2025-07-12 16:22:02,966 log 253 Not Found: /js/jquery-1.12.4.min.js
WARNING 2025-07-12 16:22:02,968 log 253 Not Found: /img/1.jpg
WARNING 2025-07-12 16:22:02,968 basehttp 213 "GET /js/jquery-1.12.4.min.js HTTP/1.1" 404 3266
WARNING 2025-07-12 16:22:02,968 basehttp 213 "GET /img/1.jpg HTTP/1.1" 404 3224
WARNING 2025-07-12 16:22:02,972 log 253 Not Found: /js/host.js
WARNING 2025-07-12 16:22:02,974 log 253 Not Found: /js/common.js
WARNING 2025-07-12 16:22:02,975 basehttp 213 "GET /js/host.js HTTP/1.1" 404 3227
WARNING 2025-07-12 16:22:02,975 basehttp 213 "GET /js/common.js HTTP/1.1" 404 3233
WARNING 2025-07-12 16:22:02,978 log 253 Not Found: /js/index.js
WARNING 2025-07-12 16:22:02,979 log 253 Not Found: /js/jquery.pagination.min.js
WARNING 2025-07-12 16:22:02,980 basehttp 213 "GET /js/index.js HTTP/1.1" 404 3230
WARNING 2025-07-12 16:22:02,980 basehttp 213 "GET /js/jquery.pagination.min.js HTTP/1.1" 404 3278
WARNING 2025-07-12 16:22:04,965 log 253 Not Found: /common/common.css
WARNING 2025-07-12 16:22:04,967 log 253 Not Found: /bootstrap/css/bootstrap.min.css
WARNING 2025-07-12 16:22:04,969 log 253 Not Found: /common/jquery.pagination.css
WARNING 2025-07-12 16:22:04,971 log 253 Not Found: /md_css/monokai.css
WARNING 2025-07-12 16:22:04,972 basehttp 213 "GET /common/common.css HTTP/1.1" 404 3248
WARNING 2025-07-12 16:22:04,972 basehttp 213 "GET /bootstrap/css/bootstrap.min.css HTTP/1.1" 404 3290
WARNING 2025-07-12 16:22:04,972 basehttp 213 "GET /common/jquery.pagination.css HTTP/1.1" 404 3281
WARNING 2025-07-12 16:22:04,973 basehttp 213 "GET /md_css/monokai.css HTTP/1.1" 404 3251
WARNING 2025-07-12 16:22:04,976 log 253 Not Found: /.well-known/appspecific/com.chrome.devtools.json
WARNING 2025-07-12 16:22:04,977 basehttp 213 "GET /.well-known/appspecific/com.chrome.devtools.json HTTP/1.1" 404 3341
INFO 2025-07-12 16:24:13,299 autoreload 667 Watching for file changes with StatReloader
INFO 2025-07-12 16:24:17,192 basehttp 213 "GET / HTTP/1.1" 200 11773
WARNING 2025-07-12 16:24:17,209 log 253 Not Found: /img/1.jpg
WARNING 2025-07-12 16:24:17,209 log 253 Not Found: /js/host.js
WARNING 2025-07-12 16:24:17,209 basehttp 213 "GET /img/1.jpg HTTP/1.1" 404 3224
WARNING 2025-07-12 16:24:17,210 basehttp 213 "GET /js/host.js HTTP/1.1" 404 3227
WARNING 2025-07-12 16:24:17,217 log 253 Not Found: /.well-known/appspecific/com.chrome.devtools.json
WARNING 2025-07-12 16:24:17,218 basehttp 213 "GET /.well-known/appspecific/com.chrome.devtools.json HTTP/1.1" 404 3341
WARNING 2025-07-12 16:24:17,227 log 253 Not Found: /js/common.js
WARNING 2025-07-12 16:24:17,229 log 253 Not Found: /js/index.js
WARNING 2025-07-12 16:24:17,229 basehttp 213 "GET /js/common.js HTTP/1.1" 404 3233
WARNING 2025-07-12 16:24:17,229 basehttp 213 "GET /js/index.js HTTP/1.1" 404 3230
WARNING 2025-07-12 16:24:17,233 log 253 Not Found: /js/jquery.pagination.min.js
WARNING 2025-07-12 16:24:17,236 basehttp 213 "GET /static/js/axios.min.map HTTP/1.1" 404 1862
WARNING 2025-07-12 16:24:17,236 basehttp 213 "GET /js/jquery.pagination.min.js HTTP/1.1" 404 3278
WARNING 2025-07-12 16:24:17,240 log 253 Not Found: /img/1.jpg
WARNING 2025-07-12 16:24:17,241 basehttp 213 "GET /img/1.jpg HTTP/1.1" 404 3224
INFO 2025-07-12 16:25:38,272 autoreload 667 Watching for file changes with StatReloader
INFO 2025-07-12 16:25:41,894 basehttp 213 "GET / HTTP/1.1" 200 11779
WARNING 2025-07-12 16:25:41,906 log 253 Not Found: /img/1.jpg
WARNING 2025-07-12 16:25:41,906 basehttp 213 "GET /img/1.jpg HTTP/1.1" 404 3224
WARNING 2025-07-12 16:25:41,916 log 253 Not Found: /js/host.js
WARNING 2025-07-12 16:25:41,916 basehttp 213 "GET /js/host.js HTTP/1.1" 404 3227
WARNING 2025-07-12 16:25:41,919 log 253 Not Found: /js/common.js
WARNING 2025-07-12 16:25:41,921 basehttp 213 "GET /js/common.js HTTP/1.1" 404 3233
WARNING 2025-07-12 16:25:41,924 log 253 Not Found: /js/index.js
WARNING 2025-07-12 16:25:41,924 basehttp 213 "GET /js/index.js HTTP/1.1" 404 3230
WARNING 2025-07-12 16:25:41,927 log 253 Not Found: /js/jquery.pagination.min.js
WARNING 2025-07-12 16:25:41,927 basehttp 213 "GET /js/jquery.pagination.min.js HTTP/1.1" 404 3278
WARNING 2025-07-12 16:25:41,930 log 253 Not Found: /img/1.jpg
WARNING 2025-07-12 16:25:41,930 basehttp 213 "GET /img/1.jpg HTTP/1.1" 404 3224
INFO 2025-07-12 16:25:41,989 basehttp 213 "GET /static/img/1.jpg HTTP/1.1" 200 78682
INFO 2025-07-12 16:26:23,857 autoreload 667 Watching for file changes with StatReloader
INFO 2025-07-12 16:26:27,126 basehttp 213 "GET / HTTP/1.1" 200 11803
WARNING 2025-07-12 16:26:27,139 log 253 Not Found: /js/host.js
WARNING 2025-07-12 16:26:27,139 log 253 Not Found: /js/common.js
WARNING 2025-07-12 16:26:27,140 basehttp 213 "GET /js/host.js HTTP/1.1" 404 3227
WARNING 2025-07-12 16:26:27,140 basehttp 213 "GET /js/common.js HTTP/1.1" 404 3233
WARNING 2025-07-12 16:26:27,143 log 253 Not Found: /js/index.js
WARNING 2025-07-12 16:26:27,146 log 253 Not Found: /js/jquery.pagination.min.js
WARNING 2025-07-12 16:26:27,147 basehttp 213 "GET /js/index.js HTTP/1.1" 404 3230
WARNING 2025-07-12 16:26:27,147 basehttp 213 "GET /js/jquery.pagination.min.js HTTP/1.1" 404 3278
INFO 2025-07-12 16:27:41,098 autoreload 667 Watching for file changes with StatReloader
INFO 2025-07-12 16:27:42,572 basehttp 213 "GET / HTTP/1.1" 200 11827
INFO 2025-07-12 16:27:42,682 basehttp 213 "GET /static/img/1.jpg HTTP/1.1" 200 78682
INFO 2025-07-12 16:27:54,171 basehttp 213 "GET / HTTP/1.1" 200 11827
INFO 2025-07-12 16:28:01,611 basehttp 213 "GET / HTTP/1.1" 200 11827
INFO 2025-07-12 16:28:02,891 basehttp 213 "GET / HTTP/1.1" 200 11827
INFO 2025-07-12 16:28:04,323 basehttp 213 "GET / HTTP/1.1" 200 11827
INFO 2025-07-12 16:31:52,316 autoreload 265 D:\PythonCode\pythonProject4\7.8newBlog\blog\users\views.py changed, reloading.
INFO 2025-07-12 16:31:52,873 autoreload 667 Watching for file changes with StatReloader
INFO 2025-07-12 16:31:54,409 basehttp 213 "GET / HTTP/1.1" 200 11827
INFO 2025-07-12 16:31:58,481 basehttp 213 "GET /register/ HTTP/1.1" 200 5341
INFO 2025-07-12 16:31:58,508 basehttp 213 "GET /imagecode/?uuid=009efea0-9443-46f2-8e23-f659821d2940 HTTP/1.1" 200 3258
INFO 2025-07-12 16:32:08,541 basehttp 213 "GET /imagecode/?uuid=9783dc42-efda-41a5-b824-e389db1a9eaa HTTP/1.1" 200 3480
INFO 2025-07-12 16:32:14,070 views 116 0913
INFO 2025-07-12 16:32:14,253 basehttp 213 "GET /smscode/?mobile=18671977848&image_code=n3x8&uuid=9783dc42-efda-41a5-b824-e389db1a9eaa HTTP/1.1" 200 63
ERROR 2025-07-12 16:32:32,754 log 253 Internal Server Error: /register/
Traceback (most recent call last):
  File "D:\anaconda3\envs\BYSJ\Lib\site-packages\django\core\handlers\exception.py", line 55, in inner
    response = get_response(request)
               ^^^^^^^^^^^^^^^^^^^^^
  File "D:\anaconda3\envs\BYSJ\Lib\site-packages\django\core\handlers\base.py", line 197, in _get_response
    response = wrapped_callback(request, *callback_args, **callback_kwargs)
               ^^^^^^^^^^^^^^^^^^^^^^^^^^^^^^^^^^^^^^^^^^^^^^^^^^^^^^^^^^^^
  File "D:\anaconda3\envs\BYSJ\Lib\site-packages\django\views\generic\base.py", line 105, in view
    return self.dispatch(request, *args, **kwargs)
           ^^^^^^^^^^^^^^^^^^^^^^^^^^^^^^^^^^^^^^^
  File "D:\anaconda3\envs\BYSJ\Lib\site-packages\django\views\generic\base.py", line 144, in dispatch
    return handler(request, *args, **kwargs)
           ^^^^^^^^^^^^^^^^^^^^^^^^^^^^^^^^^
  File "D:\PythonCode\pythonProject4\7.8newBlog\blog\users\views.py", line 62, in post
    return redirect(reverse('home/index'))
           ^^^^^^^^
NameError: name 'redirect' is not defined
ERROR 2025-07-12 16:32:32,757 basehttp 213 "POST /register/ HTTP/1.1" 500 87321
INFO 2025-07-12 16:34:09,675 autoreload 265 D:\PythonCode\pythonProject4\7.8newBlog\blog\users\views.py changed, reloading.
INFO 2025-07-12 16:34:10,239 autoreload 667 Watching for file changes with StatReloader
INFO 2025-07-12 16:34:20,675 autoreload 265 D:\PythonCode\pythonProject4\7.8newBlog\blog\users\views.py changed, reloading.
INFO 2025-07-12 16:34:21,253 autoreload 667 Watching for file changes with StatReloader
INFO 2025-07-12 16:35:05,227 autoreload 265 D:\PythonCode\pythonProject4\7.8newBlog\blog\users\views.py changed, reloading.
INFO 2025-07-12 16:35:05,756 autoreload 667 Watching for file changes with StatReloader
INFO 2025-07-12 16:35:08,880 basehttp 213 "GET / HTTP/1.1" 200 11827
INFO 2025-07-12 16:35:15,268 basehttp 213 "GET /register/ HTTP/1.1" 200 5341
INFO 2025-07-12 16:35:15,305 basehttp 213 "GET /imagecode/?uuid=7fb3ce69-0e0b-4118-b157-6d3ceee5deca HTTP/1.1" 200 3014
INFO 2025-07-12 16:35:24,596 basehttp 213 "GET /imagecode/?uuid=d1895fcf-a9c2-4268-8f2d-0291c04b4955 HTTP/1.1" 200 3258
INFO 2025-07-12 16:35:29,208 views 120 9573
INFO 2025-07-12 16:35:29,377 basehttp 213 "GET /smscode/?mobile=18327042196&image_code=vcrl&uuid=d1895fcf-a9c2-4268-8f2d-0291c04b4955 HTTP/1.1" 200 63
ERROR 2025-07-12 16:35:33,377 views 60 (1062, "Duplicate entry '18327042196' for key 'username'")
WARNING 2025-07-12 16:35:33,378 log 253 Bad Request: /register/
WARNING 2025-07-12 16:35:33,379 basehttp 213 "POST /register/ HTTP/1.1" 400 12
INFO 2025-07-12 16:35:46,467 basehttp 213 "GET /imagecode/?uuid=f4cd4222-2475-43a6-81b5-ff0f2c9e7a6b HTTP/1.1" 200 2984
INFO 2025-07-12 16:36:20,534 basehttp 213 "GET /register/ HTTP/1.1" 200 5341
INFO 2025-07-12 16:36:20,547 basehttp 213 "GET /imagecode/?uuid=a6fa61fc-f665-4548-a716-f6ecc232d55d HTTP/1.1" 200 2999
INFO 2025-07-12 16:36:35,488 basehttp 213 "GET /smscode/?mobile=18327042196&image_code=xloy&uuid=a6fa61fc-f665-4548-a716-f6ecc232d55d HTTP/1.1" 200 72
INFO 2025-07-12 16:36:35,491 basehttp 213 "GET /imagecode/?uuid=92a24d73-74b0-41ab-8070-494196407aaf HTTP/1.1" 200 3018
INFO 2025-07-12 16:36:41,957 views 120 4755
INFO 2025-07-12 16:36:42,134 basehttp 213 "GET /smscode/?mobile=18327042196&image_code=l96t&uuid=92a24d73-74b0-41ab-8070-494196407aaf HTTP/1.1" 200 63
ERROR 2025-07-12 16:36:48,524 views 60 (1062, "Duplicate entry '18327042196' for key 'username'")
WARNING 2025-07-12 16:36:48,525 log 253 Bad Request: /register/
WARNING 2025-07-12 16:36:48,525 basehttp 213 "POST /register/ HTTP/1.1" 400 12
INFO 2025-07-12 16:37:47,277 basehttp 213 "GET /imagecode/?uuid=09907091-e3e0-4dd9-ab18-784de72ce892 HTTP/1.1" 200 3164
INFO 2025-07-12 16:38:07,439 basehttp 213 "GET /imagecode/?uuid=f1628966-b242-4698-80c9-dbc48dcf1af5 HTTP/1.1" 200 3478
INFO 2025-07-12 16:39:07,516 basehttp 213 "GET /register/ HTTP/1.1" 200 5341
INFO 2025-07-12 16:39:07,530 basehttp 213 "GET /imagecode/?uuid=d76030d0-c27d-45e5-b268-4e1b654dbe3b HTTP/1.1" 200 3310
INFO 2025-07-12 16:39:35,020 views 120 4064
INFO 2025-07-12 16:39:35,231 basehttp 213 "GET /smscode/?mobile=18563214561&image_code=pa8d&uuid=d76030d0-c27d-45e5-b268-4e1b654dbe3b HTTP/1.1" 200 63
ERROR 2025-07-12 16:39:39,808 log 253 Internal Server Error: /register/
Traceback (most recent call last):
  File "D:\anaconda3\envs\BYSJ\Lib\site-packages\django\core\handlers\exception.py", line 55, in inner
    response = get_response(request)
               ^^^^^^^^^^^^^^^^^^^^^
  File "D:\anaconda3\envs\BYSJ\Lib\site-packages\django\core\handlers\base.py", line 197, in _get_response
    response = wrapped_callback(request, *callback_args, **callback_kwargs)
               ^^^^^^^^^^^^^^^^^^^^^^^^^^^^^^^^^^^^^^^^^^^^^^^^^^^^^^^^^^^^
  File "D:\anaconda3\envs\BYSJ\Lib\site-packages\django\views\generic\base.py", line 105, in view
    return self.dispatch(request, *args, **kwargs)
           ^^^^^^^^^^^^^^^^^^^^^^^^^^^^^^^^^^^^^^^
  File "D:\anaconda3\envs\BYSJ\Lib\site-packages\django\views\generic\base.py", line 144, in dispatch
    return handler(request, *args, **kwargs)
           ^^^^^^^^^^^^^^^^^^^^^^^^^^^^^^^^^
  File "D:\PythonCode\pythonProject4\7.8newBlog\blog\users\views.py", line 66, in post
    return redirect(reverse('home/index'))
                    ^^^^^^^^^^^^^^^^^^^^^
  File "D:\anaconda3\envs\BYSJ\Lib\site-packages\django\urls\base.py", line 98, in reverse
    resolved_url = resolver._reverse_with_prefix(view, prefix, *args, **kwargs)
                   ^^^^^^^^^^^^^^^^^^^^^^^^^^^^^^^^^^^^^^^^^^^^^^^^^^^^^^^^^^^^
  File "D:\anaconda3\envs\BYSJ\Lib\site-packages\django\urls\resolvers.py", line 831, in _reverse_with_prefix
    raise NoReverseMatch(msg)
django.urls.exceptions.NoReverseMatch: Reverse for 'home/index' not found. 'home/index' is not a valid view function or pattern name.
ERROR 2025-07-12 16:39:39,810 basehttp 213 "POST /register/ HTTP/1.1" 500 98195
INFO 2025-07-12 16:43:01,933 autoreload 265 D:\PythonCode\pythonProject4\7.8newBlog\blog\users\views.py changed, reloading.
INFO 2025-07-12 16:43:02,463 autoreload 667 Watching for file changes with StatReloader
INFO 2025-07-12 16:43:04,419 autoreload 667 Watching for file changes with StatReloader
INFO 2025-07-12 16:43:06,005 basehttp 213 "GET / HTTP/1.1" 200 11827
WARNING 2025-07-12 16:43:06,083 log 253 Not Found: /favicon.ico
WARNING 2025-07-12 16:43:06,084 basehttp 213 "GET /favicon.ico HTTP/1.1" 404 3230
INFO 2025-07-12 16:43:13,628 basehttp 213 "GET / HTTP/1.1" 200 11827
WARNING 2025-07-12 16:43:13,703 log 253 Not Found: /favicon.ico
WARNING 2025-07-12 16:43:13,704 basehttp 213 "GET /favicon.ico HTTP/1.1" 404 3230
INFO 2025-07-12 16:43:25,262 basehttp 213 "GET /register/ HTTP/1.1" 200 5341
INFO 2025-07-12 16:43:25,284 basehttp 213 "GET /imagecode/?uuid=7aecb6fb-81d9-4e6c-ab7f-ad78849be6ca HTTP/1.1" 200 3173
INFO 2025-07-12 16:43:41,159 basehttp 213 "GET /imagecode/?uuid=7c32bb61-2b45-4ee3-800b-ce2fed2138de HTTP/1.1" 200 3120
INFO 2025-07-12 16:43:41,973 basehttp 213 "GET /imagecode/?uuid=a356cfe4-f39c-427b-bcd1-1dd12aefa183 HTTP/1.1" 200 2820
INFO 2025-07-12 16:43:48,882 views 120 4646
INFO 2025-07-12 16:43:49,117 basehttp 213 "GET /smscode/?mobile=18671977845&image_code=iyaj&uuid=a356cfe4-f39c-427b-bcd1-1dd12aefa183 HTTP/1.1" 200 63
INFO 2025-07-12 16:44:00,598 basehttp 213 "POST /register/ HTTP/1.1" 302 0
INFO 2025-07-12 16:44:00,601 basehttp 213 "GET / HTTP/1.1" 200 11827
INFO 2025-07-12 16:46:14,881 autoreload 265 D:\PythonCode\pythonProject4\7.8newBlog\blog\users\views.py changed, reloading.
INFO 2025-07-12 16:46:15,387 autoreload 667 Watching for file changes with StatReloader
INFO 2025-07-12 16:47:53,148 autoreload 265 D:\PythonCode\pythonProject4\7.8newBlog\blog\users\views.py changed, reloading.
INFO 2025-07-12 16:47:53,651 autoreload 667 Watching for file changes with StatReloader
INFO 2025-07-12 16:48:43,369 autoreload 667 Watching for file changes with StatReloader
INFO 2025-07-12 16:48:44,595 basehttp 213 "GET / HTTP/1.1" 200 11827
INFO 2025-07-12 16:48:51,611 basehttp 213 "GET /register/ HTTP/1.1" 200 5341
INFO 2025-07-12 16:48:51,634 basehttp 213 "GET /imagecode/?uuid=e81ea6b5-6488-4b94-8e06-69e26fe3f823 HTTP/1.1" 200 3176
INFO 2025-07-12 16:49:08,209 views 122 5064
INFO 2025-07-12 16:49:08,421 basehttp 213 "GET /smscode/?mobile=18671977844&image_code=TB4M&uuid=e81ea6b5-6488-4b94-8e06-69e26fe3f823 HTTP/1.1" 200 63
INFO 2025-07-12 16:49:23,050 basehttp 213 "POST /register/ HTTP/1.1" 302 0
INFO 2025-07-12 16:49:23,053 basehttp 213 "GET / HTTP/1.1" 200 11827
INFO 2025-07-12 16:52:40,673 autoreload 265 D:\PythonCode\pythonProject4\7.8newBlog\blog\users\views.py changed, reloading.
INFO 2025-07-12 16:52:41,188 autoreload 667 Watching for file changes with StatReloader
INFO 2025-07-12 16:53:32,236 autoreload 265 D:\PythonCode\pythonProject4\7.8newBlog\blog\users\views.py changed, reloading.
INFO 2025-07-12 16:53:32,770 autoreload 667 Watching for file changes with StatReloader
INFO 2025-07-12 16:53:36,114 autoreload 265 D:\PythonCode\pythonProject4\7.8newBlog\blog\users\views.py changed, reloading.
INFO 2025-07-12 16:53:36,635 autoreload 667 Watching for file changes with StatReloader
INFO 2025-07-12 16:53:54,171 autoreload 265 D:\PythonCode\pythonProject4\7.8newBlog\blog\users\views.py changed, reloading.
INFO 2025-07-12 16:53:54,680 autoreload 667 Watching for file changes with StatReloader
INFO 2025-07-12 16:54:19,744 autoreload 667 Watching for file changes with StatReloader
INFO 2025-07-12 16:56:28,403 basehttp 213 "GET / HTTP/1.1" 200 11827
INFO 2025-07-12 16:56:31,232 basehttp 213 "GET /register/ HTTP/1.1" 200 5341
INFO 2025-07-12 16:56:31,254 basehttp 213 "GET /imagecode/?uuid=52a6484d-46f6-4831-89de-97670cde7344 HTTP/1.1" 200 3434
INFO 2025-07-12 16:56:54,118 basehttp 213 "GET /imagecode/?uuid=a790131e-6024-454f-bc21-d76b43a2e9c7 HTTP/1.1" 200 3230
INFO 2025-07-12 16:56:59,225 basehttp 213 "GET /smscode/?mobile=18671977843&image_code=savb&uuid=a790131e-6024-454f-bc21-d76b43a2e9c7 HTTP/1.1" 200 72
INFO 2025-07-12 16:56:59,229 basehttp 213 "GET /imagecode/?uuid=fbcce885-35ed-4e00-b783-25bac63584d8 HTTP/1.1" 200 3201
INFO 2025-07-12 16:57:05,716 views 124 2870
INFO 2025-07-12 16:57:05,942 basehttp 213 "GET /smscode/?mobile=18671977843&image_code=pz4s&uuid=fbcce885-35ed-4e00-b783-25bac63584d8 HTTP/1.1" 200 63
INFO 2025-07-12 16:57:16,715 basehttp 213 "POST /register/ HTTP/1.1" 302 0
INFO 2025-07-12 16:57:16,719 basehttp 213 "GET / HTTP/1.1" 200 11827
INFO 2025-07-12 16:57:34,251 basehttp 213 "GET / HTTP/1.1" 200 11827
INFO 2025-07-12 16:58:24,978 autoreload 265 D:\PythonCode\pythonProject4\7.8newBlog\blog\users\views.py changed, reloading.
INFO 2025-07-12 16:58:25,543 autoreload 667 Watching for file changes with StatReloader
INFO 2025-07-12 16:58:27,282 autoreload 667 Watching for file changes with StatReloader
INFO 2025-07-12 16:58:30,019 basehttp 213 "GET / HTTP/1.1" 200 11827
WARNING 2025-07-12 16:58:30,102 log 253 Not Found: /favicon.ico
WARNING 2025-07-12 16:58:30,102 basehttp 213 "GET /favicon.ico HTTP/1.1" 404 3230
INFO 2025-07-12 16:58:48,415 basehttp 213 "GET /register/ HTTP/1.1" 200 5341
INFO 2025-07-12 16:58:48,438 basehttp 213 "GET /imagecode/?uuid=24756c39-b4d4-46f5-b2fb-28744a7ca966 HTTP/1.1" 200 3076
INFO 2025-07-12 16:59:51,359 basehttp 213 "GET /register/ HTTP/1.1" 200 5341
INFO 2025-07-12 16:59:51,376 basehttp 213 "GET /imagecode/?uuid=89d77841-abb5-4bee-bf53-38fc2dabb1fd HTTP/1.1" 200 2869
INFO 2025-07-12 17:00:17,325 views 123 0732
INFO 2025-07-12 17:00:17,498 basehttp 213 "GET /smscode/?mobile=18671977847&image_code=qaij&uuid=89d77841-abb5-4bee-bf53-38fc2dabb1fd HTTP/1.1" 200 63
INFO 2025-07-12 17:00:22,548 basehttp 213 "POST /register/ HTTP/1.1" 302 0
INFO 2025-07-12 17:00:22,551 basehttp 213 "GET / HTTP/1.1" 200 11827
INFO 2025-07-13 12:10:08,701 autoreload 667 Watching for file changes with StatReloader
INFO 2025-07-13 12:11:24,074 autoreload 265 D:\PythonCode\pythonProject4\7.8newBlog\blog\users\urls.py changed, reloading.
INFO 2025-07-13 12:11:24,604 autoreload 667 Watching for file changes with StatReloader
INFO 2025-07-13 12:11:33,631 autoreload 667 Watching for file changes with StatReloader
INFO 2025-07-13 12:11:37,278 basehttp 213 "GET / HTTP/1.1" 200 11827
INFO 2025-07-13 12:11:37,284 basehttp 213 "GET / HTTP/1.1" 200 11827
INFO 2025-07-13 12:11:37,396 basehttp 213 "GET /static/bootstrap/css/bootstrap.min.css HTTP/1.1" 200 140942
INFO 2025-07-13 12:11:37,396 basehttp 213 "GET /static/md_css/monokai.css HTTP/1.1" 200 4118
INFO 2025-07-13 12:11:37,398 basehttp 213 "GET /static/common/common.css HTTP/1.1" 200 381
INFO 2025-07-13 12:11:37,399 basehttp 213 "GET /static/common/jquery.pagination.css HTTP/1.1" 200 523
INFO 2025-07-13 12:11:37,402 basehttp 213 "GET /static/js/vue-2.5.16.js HTTP/1.1" 200 289307
INFO 2025-07-13 12:11:37,403 basehttp 213 "GET /static/js/axios-0.18.0.min.js HTTP/1.1" 200 12941
INFO 2025-07-13 12:11:37,404 basehttp 213 "GET /static/js/jquery-1.12.4.min.js HTTP/1.1" 200 97163
INFO 2025-07-13 12:11:37,407 basehttp 213 "GET /static/img/1.jpg HTTP/1.1" 200 78682
INFO 2025-07-13 12:11:37,408 basehttp 213 "GET /static/js/host.js HTTP/1.1" 200 35
INFO 2025-07-13 12:11:37,409 basehttp 213 "GET /static/js/common.js HTTP/1.1" 200 891
INFO 2025-07-13 12:11:37,415 basehttp 213 "GET /static/js/index.js HTTP/1.1" 200 530
INFO 2025-07-13 12:11:37,416 basehttp 213 "GET /static/js/jquery.pagination.min.js HTTP/1.1" 200 2935
WARNING 2025-07-13 12:11:37,535 log 253 Not Found: /favicon.ico
WARNING 2025-07-13 12:11:37,535 basehttp 213 "GET /favicon.ico HTTP/1.1" 404 3483
WARNING 2025-07-13 12:11:37,542 log 253 Not Found: /favicon.ico
WARNING 2025-07-13 12:11:37,542 basehttp 213 "GET /favicon.ico HTTP/1.1" 404 3483
INFO 2025-07-13 12:11:45,062 basehttp 213 "GET /login HTTP/1.1" 301 0
INFO 2025-07-13 12:11:45,066 basehttp 213 "GET /login/ HTTP/1.1" 200 3031
WARNING 2025-07-13 12:11:45,088 log 253 Not Found: /login/bootstrap/css/bootstrap.min.css
WARNING 2025-07-13 12:11:45,088 basehttp 213 "GET /login/bootstrap/css/bootstrap.min.css HTTP/1.1" 404 3561
WARNING 2025-07-13 12:11:45,093 log 253 Not Found: /login/js/vue-2.5.16.js
WARNING 2025-07-13 12:11:45,094 basehttp 213 "GET /login/js/vue-2.5.16.js HTTP/1.1" 404 3516
WARNING 2025-07-13 12:11:45,096 log 253 Not Found: /login/js/axios-0.18.0.min.js
WARNING 2025-07-13 12:11:45,096 basehttp 213 "GET /login/js/axios-0.18.0.min.js HTTP/1.1" 404 3534
WARNING 2025-07-13 12:11:45,098 log 253 Not Found: /login/js/host.js
WARNING 2025-07-13 12:11:45,100 basehttp 213 "GET /login/js/host.js HTTP/1.1" 404 3498
WARNING 2025-07-13 12:11:45,102 log 253 Not Found: /login/js/common.js
WARNING 2025-07-13 12:11:45,103 basehttp 213 "GET /login/js/common.js HTTP/1.1" 404 3504
WARNING 2025-07-13 12:11:45,106 log 253 Not Found: /login/js/login.js
WARNING 2025-07-13 12:11:45,106 basehttp 213 "GET /login/js/login.js HTTP/1.1" 404 3501
INFO 2025-07-13 12:14:28,268 basehttp 213 "GET /login/ HTTP/1.1" 200 3072
INFO 2025-07-13 12:14:28,285 basehttp 213 "GET /static/js/login.js HTTP/1.1" 200 677
INFO 2025-07-13 12:14:35,597 autoreload 667 Watching for file changes with StatReloader
INFO 2025-07-13 12:14:38,943 basehttp 213 "GET / HTTP/1.1" 200 11827
WARNING 2025-07-13 12:14:39,054 log 253 Not Found: /favicon.ico
WARNING 2025-07-13 12:14:39,055 basehttp 213 "GET /favicon.ico HTTP/1.1" 404 3483
WARNING 2025-07-13 12:16:41,531 log 253 Not Found: /.well-known/appspecific/com.chrome.devtools.json
WARNING 2025-07-13 12:16:41,531 basehttp 213 "GET /.well-known/appspecific/com.chrome.devtools.json HTTP/1.1" 404 3594
WARNING 2025-07-13 12:16:41,636 basehttp 213 "GET /static/js/axios.min.map HTTP/1.1" 404 1862
INFO 2025-07-13 12:16:42,671 basehttp 213 "GET /static/bootstrap/css/bootstrap.min.css.map HTTP/1.1" 200 562427
WARNING 2025-07-13 12:16:53,233 log 253 Not Found: /favicon.ico
WARNING 2025-07-13 12:16:53,234 basehttp 213 "GET /favicon.ico HTTP/1.1" 404 3483
WARNING 2025-07-13 12:18:00,695 log 253 Not Found: /favicon.ico
WARNING 2025-07-13 12:18:00,696 basehttp 213 "GET /favicon.ico HTTP/1.1" 404 3483
INFO 2025-07-13 12:29:19,961 basehttp 213 "GET /login HTTP/1.1" 301 0
INFO 2025-07-13 12:29:19,964 basehttp 213 "GET /login/ HTTP/1.1" 200 3072
INFO 2025-07-13 12:29:19,993 basehttp 213 "GET /static/bootstrap/css/bootstrap.min.css HTTP/1.1" 200 140942
INFO 2025-07-13 12:29:19,995 basehttp 213 "GET /static/js/vue-2.5.16.js HTTP/1.1" 200 289307
INFO 2025-07-13 12:29:19,997 basehttp 213 "GET /static/js/axios-0.18.0.min.js HTTP/1.1" 200 12941
INFO 2025-07-13 12:29:19,998 basehttp 213 "GET /static/js/host.js HTTP/1.1" 200 35
INFO 2025-07-13 12:29:19,998 basehttp 213 "GET /static/js/common.js HTTP/1.1" 200 891
INFO 2025-07-13 12:29:20,000 basehttp 213 "GET /static/js/login.js HTTP/1.1" 200 677
WARNING 2025-07-13 12:29:20,003 log 253 Not Found: /.well-known/appspecific/com.chrome.devtools.json
WARNING 2025-07-13 12:29:20,003 basehttp 213 "GET /.well-known/appspecific/com.chrome.devtools.json HTTP/1.1" 404 3594
INFO 2025-07-13 12:29:20,011 basehttp 213 "GET /static/bootstrap/css/bootstrap.min.css.map HTTP/1.1" 200 562427
WARNING 2025-07-13 12:29:20,029 basehttp 213 "GET /static/js/axios.min.map HTTP/1.1" 404 1862
INFO 2025-07-13 12:34:35,766 autoreload 667 Watching for file changes with StatReloader
INFO 2025-07-13 12:34:37,249 basehttp 213 "GET / HTTP/1.1" 200 11827
INFO 2025-07-13 12:34:42,957 basehttp 213 "GET /login/ HTTP/1.1" 200 3073
INFO 2025-07-13 12:34:54,528 basehttp 213 "GET / HTTP/1.1" 200 11827
WARNING 2025-07-13 12:34:54,657 log 253 Not Found: /favicon.ico
WARNING 2025-07-13 12:34:54,657 basehttp 213 "GET /favicon.ico HTTP/1.1" 404 3483
INFO 2025-07-13 12:34:57,231 basehttp 213 "GET /login/ HTTP/1.1" 200 3073
INFO 2025-07-13 12:44:12,538 autoreload 667 Watching for file changes with StatReloader
INFO 2025-07-13 12:44:13,895 basehttp 213 "GET / HTTP/1.1" 200 11813
INFO 2025-07-13 12:44:20,745 basehttp 213 "GET /login/ HTTP/1.1" 200 3073
INFO 2025-07-13 12:47:52,432 autoreload 667 Watching for file changes with StatReloader
INFO 2025-07-13 12:47:54,232 basehttp 213 "GET / HTTP/1.1" 200 11813
INFO 2025-07-13 12:47:59,236 basehttp 213 "GET /login/ HTTP/1.1" 200 3067
WARNING 2025-07-13 12:48:03,822 log 253 Not Found: /register/,
WARNING 2025-07-13 12:48:03,823 basehttp 213 "GET /register/, HTTP/1.1" 404 3480
INFO 2025-07-13 12:49:53,366 autoreload 667 Watching for file changes with StatReloader
INFO 2025-07-13 12:49:54,681 basehttp 213 "GET / HTTP/1.1" 200 11813
INFO 2025-07-13 12:49:57,773 basehttp 213 "GET /login/ HTTP/1.1" 200 3069
INFO 2025-07-13 12:49:59,106 basehttp 213 "GET /register/ HTTP/1.1" 200 5341
INFO 2025-07-13 12:49:59,213 basehttp 213 "GET /static/js/register.js HTTP/1.1" 200 6407
INFO 2025-07-13 12:49:59,240 basehttp 213 "GET /imagecode/?uuid=8ea37880-97da-4da5-983b-1fe7ee661821 HTTP/1.1" 200 3283
INFO 2025-07-13 12:55:00,635 autoreload 265 D:\PythonCode\pythonProject4\7.8newBlog\blog\users\views.py changed, reloading.
INFO 2025-07-13 12:55:01,226 autoreload 667 Watching for file changes with StatReloader
INFO 2025-07-13 12:55:23,610 autoreload 265 D:\PythonCode\pythonProject4\7.8newBlog\blog\users\views.py changed, reloading.
INFO 2025-07-13 12:55:24,127 autoreload 667 Watching for file changes with StatReloader
INFO 2025-07-13 12:55:26,273 autoreload 265 D:\PythonCode\pythonProject4\7.8newBlog\blog\users\views.py changed, reloading.
INFO 2025-07-13 12:55:26,778 autoreload 667 Watching for file changes with StatReloader
INFO 2025-07-13 12:56:15,471 autoreload 265 D:\PythonCode\pythonProject4\7.8newBlog\blog\users\views.py changed, reloading.
INFO 2025-07-13 12:56:15,984 autoreload 667 Watching for file changes with StatReloader
INFO 2025-07-13 12:57:25,943 autoreload 265 D:\PythonCode\pythonProject4\7.8newBlog\blog\users\views.py changed, reloading.
INFO 2025-07-13 12:57:26,471 autoreload 667 Watching for file changes with StatReloader
INFO 2025-07-13 12:58:11,454 autoreload 265 D:\PythonCode\pythonProject4\7.8newBlog\blog\users\views.py changed, reloading.
INFO 2025-07-13 12:58:12,011 autoreload 667 Watching for file changes with StatReloader
INFO 2025-07-13 12:59:55,916 autoreload 265 D:\PythonCode\pythonProject4\7.8newBlog\blog\users\views.py changed, reloading.
INFO 2025-07-13 12:59:56,448 autoreload 667 Watching for file changes with StatReloader
INFO 2025-07-13 13:00:25,180 autoreload 265 D:\PythonCode\pythonProject4\7.8newBlog\blog\users\views.py changed, reloading.
INFO 2025-07-13 13:00:25,726 autoreload 667 Watching for file changes with StatReloader
INFO 2025-07-13 13:01:04,609 autoreload 265 D:\PythonCode\pythonProject4\7.8newBlog\blog\users\views.py changed, reloading.
INFO 2025-07-13 13:01:05,145 autoreload 667 Watching for file changes with StatReloader
INFO 2025-07-13 13:01:40,980 autoreload 265 D:\PythonCode\pythonProject4\7.8newBlog\blog\users\views.py changed, reloading.
INFO 2025-07-13 13:01:41,508 autoreload 667 Watching for file changes with StatReloader
INFO 2025-07-13 13:02:27,497 autoreload 265 D:\PythonCode\pythonProject4\7.8newBlog\blog\users\views.py changed, reloading.
INFO 2025-07-13 13:02:28,018 autoreload 667 Watching for file changes with StatReloader
INFO 2025-07-13 13:03:02,837 autoreload 265 D:\PythonCode\pythonProject4\7.8newBlog\blog\users\views.py changed, reloading.
INFO 2025-07-13 13:03:03,382 autoreload 667 Watching for file changes with StatReloader
INFO 2025-07-13 13:03:20,938 autoreload 265 D:\PythonCode\pythonProject4\7.8newBlog\blog\users\views.py changed, reloading.
INFO 2025-07-13 13:03:21,464 autoreload 667 Watching for file changes with StatReloader
INFO 2025-07-13 13:04:06,435 autoreload 265 D:\PythonCode\pythonProject4\7.8newBlog\blog\users\views.py changed, reloading.
INFO 2025-07-13 13:04:06,960 autoreload 667 Watching for file changes with StatReloader
INFO 2025-07-13 13:04:13,347 autoreload 265 D:\PythonCode\pythonProject4\7.8newBlog\blog\users\views.py changed, reloading.
INFO 2025-07-13 13:04:13,862 autoreload 667 Watching for file changes with StatReloader
INFO 2025-07-13 13:04:36,492 autoreload 265 D:\PythonCode\pythonProject4\7.8newBlog\blog\users\views.py changed, reloading.
INFO 2025-07-13 13:04:37,022 autoreload 667 Watching for file changes with StatReloader
INFO 2025-07-13 13:04:56,604 autoreload 265 D:\PythonCode\pythonProject4\7.8newBlog\blog\users\views.py changed, reloading.
INFO 2025-07-13 13:04:57,132 autoreload 667 Watching for file changes with StatReloader
INFO 2025-07-13 13:05:13,673 autoreload 265 D:\PythonCode\pythonProject4\7.8newBlog\blog\users\views.py changed, reloading.
INFO 2025-07-13 13:05:14,191 autoreload 667 Watching for file changes with StatReloader
INFO 2025-07-13 13:05:47,981 autoreload 265 D:\PythonCode\pythonProject4\7.8newBlog\blog\users\views.py changed, reloading.
INFO 2025-07-13 13:05:48,497 autoreload 667 Watching for file changes with StatReloader
INFO 2025-07-13 13:06:19,245 autoreload 265 D:\PythonCode\pythonProject4\7.8newBlog\blog\users\views.py changed, reloading.
INFO 2025-07-13 13:06:19,772 autoreload 667 Watching for file changes with StatReloader
INFO 2025-07-13 13:06:40,371 autoreload 265 D:\PythonCode\pythonProject4\7.8newBlog\blog\users\views.py changed, reloading.
INFO 2025-07-13 13:06:40,882 autoreload 667 Watching for file changes with StatReloader
INFO 2025-07-13 13:06:54,357 autoreload 265 D:\PythonCode\pythonProject4\7.8newBlog\blog\users\views.py changed, reloading.
INFO 2025-07-13 13:06:54,884 autoreload 667 Watching for file changes with StatReloader
INFO 2025-07-13 13:07:12,430 autoreload 265 D:\PythonCode\pythonProject4\7.8newBlog\blog\users\views.py changed, reloading.
INFO 2025-07-13 13:07:12,957 autoreload 667 Watching for file changes with StatReloader
INFO 2025-07-13 13:07:26,453 autoreload 265 D:\PythonCode\pythonProject4\7.8newBlog\blog\users\views.py changed, reloading.
INFO 2025-07-13 13:07:26,993 autoreload 667 Watching for file changes with StatReloader
INFO 2025-07-13 13:08:06,642 basehttp 213 "GET / HTTP/1.1" 200 11813
INFO 2025-07-13 13:08:07,004 autoreload 265 D:\PythonCode\pythonProject4\7.8newBlog\blog\users\views.py changed, reloading.
INFO 2025-07-13 13:08:07,557 autoreload 667 Watching for file changes with StatReloader
INFO 2025-07-13 13:08:10,021 basehttp 213 "GET /login/ HTTP/1.1" 200 3069
INFO 2025-07-13 13:08:51,121 basehttp 213 "GET / HTTP/1.1" 200 11813
WARNING 2025-07-13 13:08:51,229 log 253 Not Found: /favicon.ico
WARNING 2025-07-13 13:08:51,229 basehttp 213 "GET /favicon.ico HTTP/1.1" 404 3483
INFO 2025-07-13 13:08:56,728 basehttp 213 "GET /login/ HTTP/1.1" 200 3211
WARNING 2025-07-13 13:09:16,664 log 253 Bad Request: /login/
WARNING 2025-07-13 13:09:16,664 basehttp 213 "POST /login/ HTTP/1.1" 400 24
INFO 2025-07-13 13:12:34,225 autoreload 265 D:\PythonCode\pythonProject4\7.8newBlog\blog\users\models.py changed, reloading.
INFO 2025-07-13 13:12:34,786 autoreload 667 Watching for file changes with StatReloader
INFO 2025-07-13 13:12:48,284 autoreload 265 D:\PythonCode\pythonProject4\7.8newBlog\blog\users\models.py changed, reloading.
INFO 2025-07-13 13:12:48,830 autoreload 667 Watching for file changes with StatReloader
INFO 2025-07-13 13:12:50,235 autoreload 667 Watching for file changes with StatReloader
INFO 2025-07-13 13:12:51,835 basehttp 213 "GET / HTTP/1.1" 200 11813
INFO 2025-07-13 13:12:54,626 basehttp 213 "GET /login/ HTTP/1.1" 200 3211
WARNING 2025-07-13 13:13:13,987 log 253 Bad Request: /login/
WARNING 2025-07-13 13:13:13,987 basehttp 213 "POST /login/ HTTP/1.1" 400 24
INFO 2025-07-13 13:14:01,243 basehttp 213 "GET /register/ HTTP/1.1" 200 5341
INFO 2025-07-13 13:14:01,288 basehttp 213 "GET /imagecode/?uuid=a82cd8c0-48f1-43b2-a19e-e188c202e176 HTTP/1.1" 200 3212
INFO 2025-07-13 13:14:13,947 basehttp 213 "GET /imagecode/?uuid=e12476ab-72d6-457f-a2de-9004916c662e HTTP/1.1" 200 3380
INFO 2025-07-13 13:14:18,397 views 123 1963
INFO 2025-07-13 13:14:18,623 basehttp 213 "GET /smscode/?mobile=18162429192&image_code=qzob&uuid=e12476ab-72d6-457f-a2de-9004916c662e HTTP/1.1" 200 63
INFO 2025-07-13 13:14:23,019 basehttp 213 "POST /register/ HTTP/1.1" 302 0
INFO 2025-07-13 13:14:23,023 basehttp 213 "GET / HTTP/1.1" 200 11813
INFO 2025-07-13 13:14:28,460 basehttp 213 "GET /login/ HTTP/1.1" 200 3211
ERROR 2025-07-13 13:14:39,146 log 253 Internal Server Error: /login/
Traceback (most recent call last):
  File "D:\anaconda3\envs\BYSJ\Lib\site-packages\django\core\handlers\exception.py", line 55, in inner
    response = get_response(request)
               ^^^^^^^^^^^^^^^^^^^^^
  File "D:\anaconda3\envs\BYSJ\Lib\site-packages\django\core\handlers\base.py", line 197, in _get_response
    response = wrapped_callback(request, *callback_args, **callback_kwargs)
               ^^^^^^^^^^^^^^^^^^^^^^^^^^^^^^^^^^^^^^^^^^^^^^^^^^^^^^^^^^^^
  File "D:\anaconda3\envs\BYSJ\Lib\site-packages\django\views\generic\base.py", line 105, in view
    return self.dispatch(request, *args, **kwargs)
           ^^^^^^^^^^^^^^^^^^^^^^^^^^^^^^^^^^^^^^^
  File "D:\anaconda3\envs\BYSJ\Lib\site-packages\django\views\generic\base.py", line 144, in dispatch
    return handler(request, *args, **kwargs)
           ^^^^^^^^^^^^^^^^^^^^^^^^^^^^^^^^^
  File "D:\PythonCode\pythonProject4\7.8newBlog\blog\users\views.py", line 159, in post
    login(request, user)
    ^^^^^
NameError: name 'login' is not defined
ERROR 2025-07-13 13:14:39,146 basehttp 213 "POST /login/ HTTP/1.1" 500 87562
INFO 2025-07-13 13:20:12,020 autoreload 265 D:\PythonCode\pythonProject4\7.8newBlog\blog\users\views.py changed, reloading.
INFO 2025-07-13 13:20:12,528 autoreload 667 Watching for file changes with StatReloader
INFO 2025-07-13 13:20:30,841 basehttp 213 "GET / HTTP/1.1" 200 11813
INFO 2025-07-13 13:20:35,493 basehttp 213 "GET /login/ HTTP/1.1" 200 3211
ERROR 2025-07-13 13:20:43,505 log 253 Internal Server Error: /login/
Traceback (most recent call last):
  File "D:\anaconda3\envs\BYSJ\Lib\site-packages\django\core\handlers\exception.py", line 55, in inner
    response = get_response(request)
               ^^^^^^^^^^^^^^^^^^^^^
  File "D:\anaconda3\envs\BYSJ\Lib\site-packages\django\core\handlers\base.py", line 197, in _get_response
    response = wrapped_callback(request, *callback_args, **callback_kwargs)
               ^^^^^^^^^^^^^^^^^^^^^^^^^^^^^^^^^^^^^^^^^^^^^^^^^^^^^^^^^^^^
  File "D:\anaconda3\envs\BYSJ\Lib\site-packages\django\views\generic\base.py", line 105, in view
    return self.dispatch(request, *args, **kwargs)
           ^^^^^^^^^^^^^^^^^^^^^^^^^^^^^^^^^^^^^^^
  File "D:\anaconda3\envs\BYSJ\Lib\site-packages\django\views\generic\base.py", line 144, in dispatch
    return handler(request, *args, **kwargs)
           ^^^^^^^^^^^^^^^^^^^^^^^^^^^^^^^^^
  File "D:\PythonCode\pythonProject4\7.8newBlog\blog\users\views.py", line 169, in post
    request.session.set_expiry(none) # 默认为记住两周
                               ^^^^
NameError: name 'none' is not defined
ERROR 2025-07-13 13:20:43,508 basehttp 213 "POST /login/ HTTP/1.1" 500 87892
INFO 2025-07-13 13:21:00,808 autoreload 265 D:\PythonCode\pythonProject4\7.8newBlog\blog\users\views.py changed, reloading.
INFO 2025-07-13 13:21:01,360 autoreload 667 Watching for file changes with StatReloader
WARNING 2025-07-13 13:21:03,225 log 253 Forbidden (CSRF token from POST incorrect.): /login/
WARNING 2025-07-13 13:21:03,226 basehttp 213 "POST /login/ HTTP/1.1" 403 2503
INFO 2025-07-13 13:21:09,951 basehttp 213 "GET / HTTP/1.1" 200 11813
WARNING 2025-07-13 13:21:10,080 log 253 Not Found: /favicon.ico
WARNING 2025-07-13 13:21:10,080 basehttp 213 "GET /favicon.ico HTTP/1.1" 404 3483
INFO 2025-07-13 13:21:12,382 basehttp 213 "GET /login/ HTTP/1.1" 200 3211
INFO 2025-07-13 13:21:19,094 basehttp 213 "POST /login/ HTTP/1.1" 302 0
INFO 2025-07-13 13:21:19,098 basehttp 213 "GET / HTTP/1.1" 200 11813
INFO 2025-07-13 13:25:43,973 autoreload 667 Watching for file changes with StatReloader
INFO 2025-07-13 13:25:45,323 basehttp 213 "GET / HTTP/1.1" 200 11835
WARNING 2025-07-13 13:25:45,438 log 253 Not Found: /favicon.ico
WARNING 2025-07-13 13:25:45,438 basehttp 213 "GET /favicon.ico HTTP/1.1" 404 3483
INFO 2025-07-13 13:28:34,159 autoreload 667 Watching for file changes with StatReloader
INFO 2025-07-13 13:28:35,872 basehttp 213 "GET / HTTP/1.1" 200 11842
INFO 2025-07-13 13:32:07,848 autoreload 265 D:\PythonCode\pythonProject4\7.8newBlog\blog\users\views.py changed, reloading.
INFO 2025-07-13 13:32:08,365 autoreload 667 Watching for file changes with StatReloader
INFO 2025-07-13 13:32:47,237 autoreload 265 D:\PythonCode\pythonProject4\7.8newBlog\blog\users\views.py changed, reloading.
INFO 2025-07-13 13:32:47,782 autoreload 667 Watching for file changes with StatReloader
INFO 2025-07-13 13:33:01,271 autoreload 265 D:\PythonCode\pythonProject4\7.8newBlog\blog\users\views.py changed, reloading.
INFO 2025-07-13 13:33:01,827 autoreload 667 Watching for file changes with StatReloader
INFO 2025-07-13 13:33:31,565 autoreload 265 D:\PythonCode\pythonProject4\7.8newBlog\blog\users\views.py changed, reloading.
INFO 2025-07-13 13:33:32,109 autoreload 667 Watching for file changes with StatReloader
INFO 2025-07-13 13:33:52,717 autoreload 265 D:\PythonCode\pythonProject4\7.8newBlog\blog\users\views.py changed, reloading.
INFO 2025-07-13 13:33:53,240 autoreload 667 Watching for file changes with StatReloader
INFO 2025-07-13 13:34:11,807 autoreload 265 D:\PythonCode\pythonProject4\7.8newBlog\blog\users\urls.py changed, reloading.
INFO 2025-07-13 13:34:12,341 autoreload 667 Watching for file changes with StatReloader
INFO 2025-07-13 13:34:44,098 autoreload 265 D:\PythonCode\pythonProject4\7.8newBlog\blog\users\urls.py changed, reloading.
INFO 2025-07-13 13:34:44,639 autoreload 667 Watching for file changes with StatReloader
INFO 2025-07-13 13:34:56,123 autoreload 265 D:\PythonCode\pythonProject4\7.8newBlog\blog\users\urls.py changed, reloading.
INFO 2025-07-13 13:34:56,642 autoreload 667 Watching for file changes with StatReloader
INFO 2025-07-13 13:36:45,702 basehttp 213 "GET / HTTP/1.1" 200 11849
WARNING 2025-07-13 13:36:45,792 log 253 Not Found: /favicon.ico
WARNING 2025-07-13 13:36:45,793 basehttp 213 "GET /favicon.ico HTTP/1.1" 404 3738
INFO 2025-07-13 13:36:49,200 basehttp 213 "GET /logout/ HTTP/1.1" 302 0
INFO 2025-07-13 13:36:49,204 basehttp 213 "GET / HTTP/1.1" 200 11849
INFO 2025-07-13 13:37:06,588 autoreload 667 Watching for file changes with StatReloader
INFO 2025-07-13 13:37:08,754 basehttp 213 "GET / HTTP/1.1" 200 11849
WARNING 2025-07-13 13:37:08,853 log 253 Not Found: /favicon.ico
WARNING 2025-07-13 13:37:08,853 basehttp 213 "GET /favicon.ico HTTP/1.1" 404 3738
INFO 2025-07-13 13:37:23,054 basehttp 213 "GET /logout/ HTTP/1.1" 302 0
INFO 2025-07-13 13:37:23,058 basehttp 213 "GET / HTTP/1.1" 200 11849
WARNING 2025-07-13 13:37:57,886 log 253 Not Found: /.well-known/appspecific/com.chrome.devtools.json
WARNING 2025-07-13 13:37:57,886 basehttp 213 "GET /.well-known/appspecific/com.chrome.devtools.json HTTP/1.1" 404 3849
WARNING 2025-07-13 13:37:57,918 basehttp 213 "GET /static/js/axios.min.map HTTP/1.1" 404 1862
INFO 2025-07-13 13:37:57,991 basehttp 213 "GET /static/bootstrap/css/bootstrap.min.css.map HTTP/1.1" 200 562427
INFO 2025-07-13 13:38:01,835 basehttp 213 "GET /logout/ HTTP/1.1" 302 0
INFO 2025-07-13 13:38:01,838 basehttp 213 "GET / HTTP/1.1" 200 11849
INFO 2025-07-13 13:38:03,987 basehttp 213 "GET /logout/ HTTP/1.1" 302 0
INFO 2025-07-13 13:38:03,989 basehttp 213 "GET / HTTP/1.1" 200 11849
INFO 2025-07-13 13:38:05,417 basehttp 213 "GET / HTTP/1.1" 200 11849
INFO 2025-07-13 13:38:05,879 basehttp 213 "GET / HTTP/1.1" 200 11849
INFO 2025-07-13 13:38:06,071 basehttp 213 "GET / HTTP/1.1" 200 11849
INFO 2025-07-13 13:38:06,237 basehttp 213 "GET / HTTP/1.1" 200 11849
INFO 2025-07-13 13:39:36,929 basehttp 213 "GET / HTTP/1.1" 200 11849
INFO 2025-07-13 13:39:37,338 basehttp 213 "GET / HTTP/1.1" 200 11849
INFO 2025-07-13 13:39:37,513 basehttp 213 "GET / HTTP/1.1" 200 11849
INFO 2025-07-13 13:39:37,682 basehttp 213 "GET / HTTP/1.1" 200 11849
INFO 2025-07-13 13:39:39,495 basehttp 213 "GET /logout/ HTTP/1.1" 302 0
INFO 2025-07-13 13:39:39,498 basehttp 213 "GET / HTTP/1.1" 200 11849
INFO 2025-07-13 13:39:40,646 basehttp 213 "GET / HTTP/1.1" 200 11849
INFO 2025-07-13 13:39:40,955 basehttp 213 "GET / HTTP/1.1" 200 11849
INFO 2025-07-13 13:39:55,740 basehttp 213 "GET / HTTP/1.1" 200 11849
INFO 2025-07-13 13:39:58,067 basehttp 213 "GET /logout/ HTTP/1.1" 302 0
INFO 2025-07-13 13:39:58,070 basehttp 213 "GET / HTTP/1.1" 200 11849
INFO 2025-07-13 13:39:59,560 basehttp 213 "GET /logout/ HTTP/1.1" 302 0
INFO 2025-07-13 13:39:59,563 basehttp 213 "GET / HTTP/1.1" 200 11849
INFO 2025-07-13 13:40:09,900 autoreload 667 Watching for file changes with StatReloader
INFO 2025-07-13 13:40:11,540 basehttp 213 "GET / HTTP/1.1" 200 11849
WARNING 2025-07-13 13:40:11,660 log 253 Not Found: /favicon.ico
WARNING 2025-07-13 13:40:11,661 basehttp 213 "GET /favicon.ico HTTP/1.1" 404 3738
INFO 2025-07-13 13:40:15,221 basehttp 213 "GET /logout/ HTTP/1.1" 302 0
INFO 2025-07-13 13:40:15,224 basehttp 213 "GET / HTTP/1.1" 200 11849
INFO 2025-07-13 13:42:32,924 autoreload 667 Watching for file changes with StatReloader
INFO 2025-07-13 13:42:34,303 basehttp 213 "GET / HTTP/1.1" 200 11849
INFO 2025-07-13 13:42:35,906 basehttp 213 "GET /logout/ HTTP/1.1" 302 0
INFO 2025-07-13 13:42:35,910 basehttp 213 "GET / HTTP/1.1" 200 11849
INFO 2025-07-13 13:42:38,831 basehttp 213 "GET /logout/ HTTP/1.1" 302 0
INFO 2025-07-13 13:42:38,834 basehttp 213 "GET / HTTP/1.1" 200 11849
INFO 2025-07-13 13:44:54,447 basehttp 213 "GET / HTTP/1.1" 200 11849
WARNING 2025-07-13 13:44:54,546 log 253 Not Found: /favicon.ico
WARNING 2025-07-13 13:44:54,547 basehttp 213 "GET /favicon.ico HTTP/1.1" 404 3738
INFO 2025-07-13 13:46:23,703 autoreload 667 Watching for file changes with StatReloader
INFO 2025-07-13 13:46:25,071 basehttp 213 "GET / HTTP/1.1" 200 11849
INFO 2025-07-13 13:46:27,925 basehttp 213 "GET /logout/ HTTP/1.1" 302 0
INFO 2025-07-13 13:46:27,928 basehttp 213 "GET / HTTP/1.1" 200 11849
WARNING 2025-07-13 13:46:31,263 log 253 Not Found: /center.html
WARNING 2025-07-13 13:46:31,263 basehttp 213 "GET /center.html HTTP/1.1" 404 3738
INFO 2025-07-13 13:46:35,656 basehttp 213 "GET /logout/ HTTP/1.1" 302 0
INFO 2025-07-13 13:46:35,659 basehttp 213 "GET / HTTP/1.1" 200 11849
INFO 2025-07-18 16:47:54,664 autoreload 667 Watching for file changes with StatReloader
INFO 2025-07-18 16:47:58,643 basehttp 213 "GET / HTTP/1.1" 200 11849
INFO 2025-07-18 16:47:58,803 basehttp 213 "GET /static/md_css/monokai.css HTTP/1.1" 200 4118
INFO 2025-07-18 16:47:58,805 basehttp 213 "GET /static/common/common.css HTTP/1.1" 200 381
INFO 2025-07-18 16:47:58,806 basehttp 213 "GET /static/common/jquery.pagination.css HTTP/1.1" 200 523
INFO 2025-07-18 16:47:58,808 basehttp 213 "GET /static/js/vue-2.5.16.js HTTP/1.1" 200 289307
INFO 2025-07-18 16:47:58,809 basehttp 213 "GET /static/js/axios-0.18.0.min.js HTTP/1.1" 200 12941
INFO 2025-07-18 16:47:58,810 basehttp 213 "GET /static/js/jquery-1.12.4.min.js HTTP/1.1" 200 97163
INFO 2025-07-18 16:47:58,813 basehttp 213 "GET /static/img/1.jpg HTTP/1.1" 200 78682
INFO 2025-07-18 16:47:58,814 basehttp 213 "GET /static/js/host.js HTTP/1.1" 200 35
INFO 2025-07-18 16:47:58,814 basehttp 213 "GET /static/js/common.js HTTP/1.1" 200 891
INFO 2025-07-18 16:47:58,817 basehttp 213 "GET /static/js/index.js HTTP/1.1" 200 530
INFO 2025-07-18 16:47:58,817 basehttp 213 "GET /static/bootstrap/css/bootstrap.min.css HTTP/1.1" 200 140942
INFO 2025-07-18 16:47:58,818 basehttp 213 "GET /static/js/jquery.pagination.min.js HTTP/1.1" 200 2935
WARNING 2025-07-18 16:48:00,135 log 253 Not Found: /favicon.ico
WARNING 2025-07-18 16:48:00,136 basehttp 213 "GET /favicon.ico HTTP/1.1" 404 3738
WARNING 2025-07-18 16:48:18,562 log 253 Not Found: /rigister
WARNING 2025-07-18 16:48:18,562 basehttp 213 "GET /rigister HTTP/1.1" 404 3729
INFO 2025-07-18 16:48:41,387 basehttp 213 "GET /register HTTP/1.1" 301 0
INFO 2025-07-18 16:48:41,392 basehttp 213 "GET /register/ HTTP/1.1" 200 5341
INFO 2025-07-18 16:48:41,411 basehttp 213 "GET /static/js/register.js HTTP/1.1" 200 6407
ERROR 2025-07-18 16:48:43,641 log 253 Internal Server Error: /imagecode/
Traceback (most recent call last):
  File "D:\anaconda3\envs\BYSJ\Lib\site-packages\redis\connection.py", line 385, in connect_check_health
    sock = self.retry.call_with_retry(
           ^^^^^^^^^^^^^^^^^^^^^^^^^^^
  File "D:\anaconda3\envs\BYSJ\Lib\site-packages\redis\retry.py", line 87, in call_with_retry
    return do()
           ^^^^
  File "D:\anaconda3\envs\BYSJ\Lib\site-packages\redis\connection.py", line 386, in <lambda>
    lambda: self._connect(), lambda error: self.disconnect(error)
            ^^^^^^^^^^^^^^^
  File "D:\anaconda3\envs\BYSJ\Lib\site-packages\redis\connection.py", line 797, in _connect
    raise err
  File "D:\anaconda3\envs\BYSJ\Lib\site-packages\redis\connection.py", line 781, in _connect
    sock.connect(socket_address)
ConnectionRefusedError: [WinError 10061] 由于目标计算机积极拒绝，无法连接。

During handling of the above exception, another exception occurred:

Traceback (most recent call last):
  File "D:\anaconda3\envs\BYSJ\Lib\site-packages\django\core\handlers\exception.py", line 55, in inner
    response = get_response(request)
               ^^^^^^^^^^^^^^^^^^^^^
  File "D:\anaconda3\envs\BYSJ\Lib\site-packages\django\core\handlers\base.py", line 197, in _get_response
    response = wrapped_callback(request, *callback_args, **callback_kwargs)
               ^^^^^^^^^^^^^^^^^^^^^^^^^^^^^^^^^^^^^^^^^^^^^^^^^^^^^^^^^^^^
  File "D:\anaconda3\envs\BYSJ\Lib\site-packages\django\views\generic\base.py", line 105, in view
    return self.dispatch(request, *args, **kwargs)
           ^^^^^^^^^^^^^^^^^^^^^^^^^^^^^^^^^^^^^^^
  File "D:\anaconda3\envs\BYSJ\Lib\site-packages\django\views\generic\base.py", line 144, in dispatch
    return handler(request, *args, **kwargs)
           ^^^^^^^^^^^^^^^^^^^^^^^^^^^^^^^^^
  File "D:\PythonCode\pythonProject4\7.8newBlog\blog\users\views.py", line 88, in get
    redis_conn.setex('img:%s' % uuid, 300, text)
  File "D:\anaconda3\envs\BYSJ\Lib\site-packages\redis\commands\core.py", line 2330, in setex
    return self.execute_command("SETEX", name, time, value)
           ^^^^^^^^^^^^^^^^^^^^^^^^^^^^^^^^^^^^^^^^^^^^^^^^
  File "D:\anaconda3\envs\BYSJ\Lib\site-packages\redis\client.py", line 623, in execute_command
    return self._execute_command(*args, **options)
           ^^^^^^^^^^^^^^^^^^^^^^^^^^^^^^^^^^^^^^^
  File "D:\anaconda3\envs\BYSJ\Lib\site-packages\redis\client.py", line 629, in _execute_command
    conn = self.connection or pool.get_connection()
                              ^^^^^^^^^^^^^^^^^^^^^
  File "D:\anaconda3\envs\BYSJ\Lib\site-packages\redis\utils.py", line 191, in wrapper
    return func(*args, **kwargs)
           ^^^^^^^^^^^^^^^^^^^^^
  File "D:\anaconda3\envs\BYSJ\Lib\site-packages\redis\connection.py", line 1530, in get_connection
    connection.connect()
  File "D:\anaconda3\envs\BYSJ\Lib\site-packages\redis\connection.py", line 379, in connect
    self.connect_check_health(check_health=True)
  File "D:\anaconda3\envs\BYSJ\Lib\site-packages\redis\connection.py", line 391, in connect_check_health
    raise ConnectionError(self._error_message(e))
redis.exceptions.ConnectionError: Error 10061 connecting to 127.0.0.1:6379. 由于目标计算机积极拒绝，无法连接。.
ERROR 2025-07-18 16:48:43,646 basehttp 213 "GET /imagecode/?uuid=f5e85038-2912-407f-bf46-c252cc81d58b HTTP/1.1" 500 144423
INFO 2025-07-18 16:59:53,442 autoreload 667 Watching for file changes with StatReloader
INFO 2025-07-18 16:59:57,177 basehttp 213 "GET / HTTP/1.1" 200 11849
INFO 2025-07-18 16:59:57,181 basehttp 213 "GET / HTTP/1.1" 200 11849
INFO 2025-07-18 16:59:57,304 basehttp 213 "GET /static/md_css/monokai.css HTTP/1.1" 200 4118
INFO 2025-07-18 16:59:57,305 basehttp 213 "GET /static/common/jquery.pagination.css HTTP/1.1" 200 523
INFO 2025-07-18 16:59:57,307 basehttp 213 "GET /static/js/jquery-1.12.4.min.js HTTP/1.1" 200 97163
INFO 2025-07-18 16:59:57,308 basehttp 213 "GET /static/img/1.jpg HTTP/1.1" 200 78682
INFO 2025-07-18 16:59:57,309 basehttp 213 "GET /static/js/index.js HTTP/1.1" 200 530
INFO 2025-07-18 16:59:57,310 basehttp 213 "GET /static/js/jquery.pagination.min.js HTTP/1.1" 200 2935
INFO 2025-07-18 16:59:57,367 basehttp 213 "GET /static/common/common.css HTTP/1.1" 200 381
WARNING 2025-07-18 16:59:58,359 log 253 Not Found: /favicon.ico
WARNING 2025-07-18 16:59:58,360 basehttp 213 "GET /favicon.ico HTTP/1.1" 404 3738
WARNING 2025-07-18 16:59:58,363 log 253 Not Found: /favicon.ico
WARNING 2025-07-18 16:59:58,363 basehttp 213 "GET /favicon.ico HTTP/1.1" 404 3738
INFO 2025-07-18 17:00:13,308 basehttp 213 "GET /login/ HTTP/1.1" 200 3211
INFO 2025-07-18 17:00:13,313 basehttp 213 "GET /static/js/login.js HTTP/1.1" 200 677
INFO 2025-07-18 17:00:28,265 basehttp 213 "POST /login/ HTTP/1.1" 302 0
INFO 2025-07-18 17:00:28,269 basehttp 213 "GET / HTTP/1.1" 200 11849
INFO 2025-07-18 17:00:35,541 basehttp 213 "GET /logout/ HTTP/1.1" 302 0
INFO 2025-07-18 17:00:35,543 basehttp 213 "GET / HTTP/1.1" 200 11849
INFO 2025-07-18 17:03:12,657 basehttp 213 "GET / HTTP/1.1" 200 11849
INFO 2025-07-18 17:03:13,861 basehttp 213 "GET /login/ HTTP/1.1" 200 3211
INFO 2025-07-18 17:03:15,030 basehttp 213 "GET /register/ HTTP/1.1" 200 5341
INFO 2025-07-18 17:03:15,053 basehttp 213 "GET /imagecode/?uuid=bab6c6af-499f-440c-bd02-c77331e2d7ab HTTP/1.1" 200 3067
INFO 2025-07-18 17:03:16,864 basehttp 213 "GET /imagecode/?uuid=f0ddcdb3-f9b6-4432-9a2f-f8cf7865e6d0 HTTP/1.1" 200 2776
INFO 2025-07-18 17:03:17,491 basehttp 213 "GET /imagecode/?uuid=919ef3c7-9dad-4234-89cd-01092cc5f311 HTTP/1.1" 200 3193
INFO 2025-07-18 17:06:01,837 autoreload 265 D:\PythonCode\pythonProject4\7.8newBlog\blog\users\urls.py changed, reloading.
INFO 2025-07-18 17:06:02,362 autoreload 667 Watching for file changes with StatReloader
INFO 2025-07-18 17:06:48,189 autoreload 265 D:\PythonCode\pythonProject4\7.8newBlog\blog\users\views.py changed, reloading.
INFO 2025-07-18 17:06:48,757 autoreload 667 Watching for file changes with StatReloader
INFO 2025-07-18 17:07:36,475 autoreload 265 D:\PythonCode\pythonProject4\7.8newBlog\blog\users\views.py changed, reloading.
INFO 2025-07-18 17:07:36,994 autoreload 667 Watching for file changes with StatReloader
INFO 2025-07-18 17:08:04,460 autoreload 265 D:\PythonCode\pythonProject4\7.8newBlog\blog\users\urls.py changed, reloading.
INFO 2025-07-18 17:08:04,958 autoreload 667 Watching for file changes with StatReloader
INFO 2025-07-18 17:08:27,360 autoreload 265 D:\PythonCode\pythonProject4\7.8newBlog\blog\users\urls.py changed, reloading.
INFO 2025-07-18 17:08:27,867 autoreload 667 Watching for file changes with StatReloader
INFO 2025-07-18 17:09:14,838 autoreload 265 D:\PythonCode\pythonProject4\7.8newBlog\blog\users\views.py changed, reloading.
INFO 2025-07-18 17:09:15,356 autoreload 667 Watching for file changes with StatReloader
INFO 2025-07-18 17:09:30,875 autoreload 265 D:\PythonCode\pythonProject4\7.8newBlog\blog\users\urls.py changed, reloading.
INFO 2025-07-18 17:09:31,413 autoreload 667 Watching for file changes with StatReloader
INFO 2025-07-18 17:09:33,868 basehttp 213 "GET / HTTP/1.1" 200 11849
INFO 2025-07-18 17:09:38,434 basehttp 213 "GET /forget HTTP/1.1" 301 0
INFO 2025-07-18 17:09:38,438 basehttp 213 "GET /forget/ HTTP/1.1" 200 5144
WARNING 2025-07-18 17:09:38,448 log 253 Not Found: /forget/bootstrap/css/bootstrap.min.css
WARNING 2025-07-18 17:09:38,448 log 253 Not Found: /forget/js/vue-2.5.16.js
WARNING 2025-07-18 17:09:38,449 basehttp 213 "GET /forget/bootstrap/css/bootstrap.min.css HTTP/1.1" 404 4074
WARNING 2025-07-18 17:09:38,449 basehttp 213 "GET /forget/js/vue-2.5.16.js HTTP/1.1" 404 4029
WARNING 2025-07-18 17:09:38,453 log 253 Not Found: /forget/js/axios-0.18.0.min.js
WARNING 2025-07-18 17:09:38,455 log 253 Not Found: /forget/img/image_code.png
WARNING 2025-07-18 17:09:38,456 basehttp 213 "GET /forget/js/axios-0.18.0.min.js HTTP/1.1" 404 4047
WARNING 2025-07-18 17:09:38,456 basehttp 213 "GET /forget/img/image_code.png HTTP/1.1" 404 4035
WARNING 2025-07-18 17:09:38,458 log 253 Not Found: /forget/js/host.js
WARNING 2025-07-18 17:09:38,461 log 253 Not Found: /forget/js/common.js
WARNING 2025-07-18 17:09:38,462 basehttp 213 "GET /forget/js/host.js HTTP/1.1" 404 4011
WARNING 2025-07-18 17:09:38,462 basehttp 213 "GET /forget/js/common.js HTTP/1.1" 404 4017
WARNING 2025-07-18 17:09:38,464 log 253 Not Found: /forget/js/forget_password.js
WARNING 2025-07-18 17:09:38,464 basehttp 213 "GET /forget/js/forget_password.js HTTP/1.1" 404 4044
INFO 2025-07-18 17:12:33,874 autoreload 667 Watching for file changes with StatReloader
INFO 2025-07-18 17:12:36,403 basehttp 213 "GET / HTTP/1.1" 200 11849
INFO 2025-07-18 17:12:44,364 basehttp 213 "GET /forget/ HTTP/1.1" 200 5189
WARNING 2025-07-18 17:12:44,376 log 253 Not Found: /forget/img/image_code.png
WARNING 2025-07-18 17:12:44,376 log 253 Not Found: /forget/bootstrap/css/bootstrap.min.css
WARNING 2025-07-18 17:12:44,376 basehttp 213 "GET /forget/img/image_code.png HTTP/1.1" 404 4035
WARNING 2025-07-18 17:12:44,376 basehttp 213 "GET /forget/bootstrap/css/bootstrap.min.css HTTP/1.1" 404 4074
INFO 2025-07-18 17:12:44,469 basehttp 213 "GET /static/js/forget_password.js HTTP/1.1" 200 6567
WARNING 2025-07-18 17:12:44,479 log 253 Not Found: /forget/img/image_code.png
WARNING 2025-07-18 17:12:44,479 basehttp 213 "GET /forget/img/image_code.png HTTP/1.1" 404 4035
INFO 2025-07-18 17:18:35,960 autoreload 265 D:\PythonCode\pythonProject4\7.8newBlog\blog\users\urls.py changed, reloading.
INFO 2025-07-18 17:18:36,480 autoreload 667 Watching for file changes with StatReloader
INFO 2025-07-18 17:18:37,889 basehttp 213 "GET / HTTP/1.1" 200 11849
INFO 2025-07-18 17:18:45,412 basehttp 213 "GET /forgetpassword/ HTTP/1.1" 200 5189
WARNING 2025-07-18 17:18:45,423 log 253 Not Found: /forgetpassword/bootstrap/css/bootstrap.min.css
WARNING 2025-07-18 17:18:45,423 log 253 Not Found: /forgetpassword/img/image_code.png
WARNING 2025-07-18 17:18:45,423 basehttp 213 "GET /forgetpassword/bootstrap/css/bootstrap.min.css HTTP/1.1" 404 4114
WARNING 2025-07-18 17:18:45,423 basehttp 213 "GET /forgetpassword/img/image_code.png HTTP/1.1" 404 4075
WARNING 2025-07-18 17:18:45,432 log 253 Not Found: /forgetpassword/img/image_code.png
WARNING 2025-07-18 17:18:45,432 basehttp 213 "GET /forgetpassword/img/image_code.png HTTP/1.1" 404 4075
INFO 2025-07-18 17:20:08,137 autoreload 667 Watching for file changes with StatReloader
INFO 2025-07-18 17:20:09,561 basehttp 213 "GET / HTTP/1.1" 200 11849
INFO 2025-07-18 17:20:18,208 basehttp 213 "GET /forgetpassword/ HTTP/1.1" 200 5197
WARNING 2025-07-18 17:20:18,215 log 253 Not Found: /forgetpassword/img/image_code.png
WARNING 2025-07-18 17:20:18,217 basehttp 213 "GET /forgetpassword/img/image_code.png HTTP/1.1" 404 4075
INFO 2025-07-18 17:21:02,780 autoreload 667 Watching for file changes with StatReloader
INFO 2025-07-18 17:21:07,602 basehttp 213 "GET / HTTP/1.1" 200 11849
INFO 2025-07-18 17:21:07,606 basehttp 213 "GET / HTTP/1.1" 200 11849
WARNING 2025-07-18 17:21:07,697 log 253 Not Found: /favicon.ico
WARNING 2025-07-18 17:21:07,698 basehttp 213 "GET /favicon.ico HTTP/1.1" 404 4009
INFO 2025-07-18 17:21:16,402 basehttp 213 "GET /forgetpassword/ HTTP/1.1" 200 5205
INFO 2025-07-18 17:21:16,500 basehttp 213 "GET /static/img/image_code.png HTTP/1.1" 200 3483
INFO 2025-07-18 17:26:14,000 autoreload 667 Watching for file changes with StatReloader
INFO 2025-07-18 17:26:15,207 basehttp 213 "GET / HTTP/1.1" 200 11849
WARNING 2025-07-18 17:26:15,291 log 253 Not Found: /favicon.ico
WARNING 2025-07-18 17:26:15,291 basehttp 213 "GET /favicon.ico HTTP/1.1" 404 4009
ERROR 2025-07-18 17:26:19,592 log 253 Internal Server Error: /forgetpassword/
Traceback (most recent call last):
  File "D:\anaconda3\envs\BYSJ\Lib\site-packages\django\core\handlers\exception.py", line 55, in inner
    response = get_response(request)
               ^^^^^^^^^^^^^^^^^^^^^
  File "D:\anaconda3\envs\BYSJ\Lib\site-packages\django\core\handlers\base.py", line 197, in _get_response
    response = wrapped_callback(request, *callback_args, **callback_kwargs)
               ^^^^^^^^^^^^^^^^^^^^^^^^^^^^^^^^^^^^^^^^^^^^^^^^^^^^^^^^^^^^
  File "D:\anaconda3\envs\BYSJ\Lib\site-packages\django\views\generic\base.py", line 105, in view
    return self.dispatch(request, *args, **kwargs)
           ^^^^^^^^^^^^^^^^^^^^^^^^^^^^^^^^^^^^^^^
  File "D:\anaconda3\envs\BYSJ\Lib\site-packages\django\views\generic\base.py", line 144, in dispatch
    return handler(request, *args, **kwargs)
           ^^^^^^^^^^^^^^^^^^^^^^^^^^^^^^^^^
  File "D:\PythonCode\pythonProject4\7.8newBlog\blog\users\views.py", line 189, in get
    return render(request, 'forget_password.html')
           ^^^^^^^^^^^^^^^^^^^^^^^^^^^^^^^^^^^^^^^
  File "D:\anaconda3\envs\BYSJ\Lib\site-packages\django\shortcuts.py", line 25, in render
    content = loader.render_to_string(template_name, context, request, using=using)
              ^^^^^^^^^^^^^^^^^^^^^^^^^^^^^^^^^^^^^^^^^^^^^^^^^^^^^^^^^^^^^^^^^^^^^
  File "D:\anaconda3\envs\BYSJ\Lib\site-packages\django\template\loader.py", line 62, in render_to_string
    return template.render(context, request)
           ^^^^^^^^^^^^^^^^^^^^^^^^^^^^^^^^^
  File "D:\anaconda3\envs\BYSJ\Lib\site-packages\django\template\backends\django.py", line 107, in render
    return self.template.render(context)
           ^^^^^^^^^^^^^^^^^^^^^^^^^^^^^
  File "D:\anaconda3\envs\BYSJ\Lib\site-packages\django\template\base.py", line 171, in render
    return self._render(context)
           ^^^^^^^^^^^^^^^^^^^^^
  File "D:\anaconda3\envs\BYSJ\Lib\site-packages\django\template\base.py", line 163, in _render
    return self.nodelist.render(context)
           ^^^^^^^^^^^^^^^^^^^^^^^^^^^^^
  File "D:\anaconda3\envs\BYSJ\Lib\site-packages\django\template\base.py", line 1016, in render
    return SafeString("".join([node.render_annotated(context) for node in self]))
                              ^^^^^^^^^^^^^^^^^^^^^^^^^^^^^^^^^^^^^^^^^^^^^^^^^
  File "D:\anaconda3\envs\BYSJ\Lib\site-packages\django\template\base.py", line 1016, in <listcomp>
    return SafeString("".join([node.render_annotated(context) for node in self]))
                               ^^^^^^^^^^^^^^^^^^^^^^^^^^^^^^
  File "D:\anaconda3\envs\BYSJ\Lib\site-packages\django\template\base.py", line 977, in render_annotated
    return self.render(context)
           ^^^^^^^^^^^^^^^^^^^^
  File "D:\anaconda3\envs\BYSJ\Lib\site-packages\django\template\defaulttags.py", line 480, in render
    url = reverse(view_name, args=args, kwargs=kwargs, current_app=current_app)
          ^^^^^^^^^^^^^^^^^^^^^^^^^^^^^^^^^^^^^^^^^^^^^^^^^^^^^^^^^^^^^^^^^^^^^
  File "D:\anaconda3\envs\BYSJ\Lib\site-packages\django\urls\base.py", line 98, in reverse
    resolved_url = resolver._reverse_with_prefix(view, prefix, *args, **kwargs)
                   ^^^^^^^^^^^^^^^^^^^^^^^^^^^^^^^^^^^^^^^^^^^^^^^^^^^^^^^^^^^^
  File "D:\anaconda3\envs\BYSJ\Lib\site-packages\django\urls\resolvers.py", line 831, in _reverse_with_prefix
    raise NoReverseMatch(msg)
django.urls.exceptions.NoReverseMatch: Reverse for 'home/index' not found. 'home/index' is not a valid view function or pattern name.
ERROR 2025-07-18 17:26:19,595 basehttp 213 "GET /forgetpassword/ HTTP/1.1" 500 139126
INFO 2025-07-18 17:27:06,000 autoreload 667 Watching for file changes with StatReloader
INFO 2025-07-18 17:27:07,340 basehttp 213 "GET / HTTP/1.1" 200 11849
INFO 2025-07-18 17:27:10,377 basehttp 213 "GET /forgetpassword/ HTTP/1.1" 200 5181
WARNING 2025-07-18 17:27:10,385 log 253 Not Found: /forgetpassword/image_code_url
WARNING 2025-07-18 17:27:10,385 basehttp 213 "GET /forgetpassword/image_code_url HTTP/1.1" 404 4063
WARNING 2025-07-18 17:27:10,395 log 253 Not Found: /forgetpassword/image_code_url
WARNING 2025-07-18 17:27:10,395 basehttp 213 "GET /forgetpassword/image_code_url HTTP/1.1" 404 4063
INFO 2025-07-18 17:27:47,000 autoreload 667 Watching for file changes with StatReloader
INFO 2025-07-18 17:27:48,489 basehttp 213 "GET / HTTP/1.1" 200 11849
INFO 2025-07-18 17:27:51,481 basehttp 213 "GET /forgetpassword/ HTTP/1.1" 200 5181
WARNING 2025-07-18 17:27:51,490 log 253 Not Found: /forgetpassword/image_code_url
WARNING 2025-07-18 17:27:51,490 basehttp 213 "GET /forgetpassword/image_code_url HTTP/1.1" 404 4063
INFO 2025-07-18 17:28:16,098 basehttp 213 "GET /forgetpassword/ HTTP/1.1" 200 5186
WARNING 2025-07-18 17:28:16,105 basehttp 213 "GET /static/image_code_url@click=%22generate_image_code%22 HTTP/1.1" 404 1966
INFO 2025-07-18 17:28:19,773 autoreload 667 Watching for file changes with StatReloader
INFO 2025-07-18 17:28:21,039 basehttp 213 "GET / HTTP/1.1" 200 11849
INFO 2025-07-18 17:28:24,019 basehttp 213 "GET /forgetpassword/ HTTP/1.1" 200 5186
WARNING 2025-07-18 17:28:24,027 basehttp 213 "GET /static/image_code_url@click=%22generate_image_code%22 HTTP/1.1" 404 1966
WARNING 2025-07-18 17:28:24,036 basehttp 213 "GET /static/image_code_url@click=%22generate_image_code%22 HTTP/1.1" 404 1966
INFO 2025-07-18 17:29:49,858 autoreload 667 Watching for file changes with StatReloader
INFO 2025-07-18 17:29:51,362 basehttp 213 "GET / HTTP/1.1" 200 11849
INFO 2025-07-18 17:29:54,031 basehttp 213 "GET /forgetpassword/ HTTP/1.1" 200 5181
INFO 2025-07-18 17:29:54,058 basehttp 213 "GET /imagecode/?uuid=c5725900-268f-4c30-8c4f-13ad803ec879 HTTP/1.1" 200 3839
INFO 2025-07-18 17:29:55,620 basehttp 213 "GET /imagecode/?uuid=880b3180-230c-412f-a032-4b29e667c132 HTTP/1.1" 200 3205
INFO 2025-07-18 17:29:56,731 basehttp 213 "GET /imagecode/?uuid=303c616d-5353-4c42-b8f0-7da19dbd60be HTTP/1.1" 200 2844
INFO 2025-07-18 17:29:57,472 basehttp 213 "GET /imagecode/?uuid=86a94024-e06f-4006-90ee-5f141ff92f93 HTTP/1.1" 200 3035
INFO 2025-07-18 17:31:55,577 autoreload 667 Watching for file changes with StatReloader
INFO 2025-07-18 17:31:56,775 basehttp 213 "GET / HTTP/1.1" 200 11849
WARNING 2025-07-18 17:31:56,848 log 253 Not Found: /favicon.ico
WARNING 2025-07-18 17:31:56,849 basehttp 213 "GET /favicon.ico HTTP/1.1" 404 4009
INFO 2025-07-18 17:31:57,830 basehttp 213 "GET /login/ HTTP/1.1" 200 3199
INFO 2025-07-18 17:31:59,741 basehttp 213 "GET /forgetpassword/ HTTP/1.1" 200 5181
INFO 2025-07-18 17:31:59,765 basehttp 213 "GET /imagecode/?uuid=c4569871-f21d-4a92-a635-774264f71b3d HTTP/1.1" 200 3260
INFO 2025-07-18 17:32:05,402 basehttp 213 "GET /login/ HTTP/1.1" 200 3199
INFO 2025-07-18 17:32:07,837 basehttp 213 "GET /register/ HTTP/1.1" 200 5341
INFO 2025-07-18 17:32:07,851 basehttp 213 "GET /imagecode/?uuid=b0f841dc-00d3-49cb-91a6-573376274275 HTTP/1.1" 200 3025
WARNING 2025-07-18 17:32:09,180 basehttp 213 "GET /static/login.html HTTP/1.1" 404 1844
WARNING 2025-07-18 17:32:16,018 basehttp 213 "GET /static/login.html HTTP/1.1" 404 1844
INFO 2025-07-18 17:32:46,229 autoreload 667 Watching for file changes with StatReloader
INFO 2025-07-18 17:32:47,335 basehttp 213 "GET / HTTP/1.1" 200 11849
WARNING 2025-07-18 17:32:47,407 log 253 Not Found: /favicon.ico
WARNING 2025-07-18 17:32:47,407 basehttp 213 "GET /favicon.ico HTTP/1.1" 404 4009
INFO 2025-07-18 17:32:48,262 basehttp 213 "GET /login/ HTTP/1.1" 200 3199
INFO 2025-07-18 17:32:49,894 basehttp 213 "GET /register/ HTTP/1.1" 200 5328
INFO 2025-07-18 17:32:49,917 basehttp 213 "GET /imagecode/?uuid=1955908b-45bd-4e82-8ab1-4160350aeb26 HTTP/1.1" 200 2984
INFO 2025-07-18 17:32:52,032 basehttp 213 "GET /login/ HTTP/1.1" 200 3199
INFO 2025-07-18 17:32:53,611 basehttp 213 "GET /forgetpassword/ HTTP/1.1" 200 5181
INFO 2025-07-18 17:32:53,625 basehttp 213 "GET /imagecode/?uuid=2c48aab8-9872-4306-944e-53cf1b1995f5 HTTP/1.1" 200 3501
INFO 2025-07-18 17:32:54,712 basehttp 213 "GET /login/ HTTP/1.1" 200 3199
INFO 2025-07-18 17:32:55,798 basehttp 213 "GET /forgetpassword/ HTTP/1.1" 200 5181
INFO 2025-07-18 17:32:55,813 basehttp 213 "GET /imagecode/?uuid=37fa6d1f-a8c6-47c4-bf8b-d5f686536513 HTTP/1.1" 200 3284
INFO 2025-07-18 17:32:56,525 basehttp 213 "GET /login/ HTTP/1.1" 200 3199
INFO 2025-07-18 17:32:57,611 basehttp 213 "GET /register/ HTTP/1.1" 200 5328
INFO 2025-07-18 17:32:57,626 basehttp 213 "GET /imagecode/?uuid=70319bd0-a7d0-4153-8c87-71b417d10988 HTTP/1.1" 200 3422
INFO 2025-07-18 17:33:01,111 basehttp 213 "GET /login/ HTTP/1.1" 200 3199
INFO 2025-07-18 17:35:22,025 autoreload 265 D:\PythonCode\pythonProject4\7.8newBlog\blog\users\views.py changed, reloading.
INFO 2025-07-18 17:35:22,561 autoreload 667 Watching for file changes with StatReloader
INFO 2025-07-18 17:37:15,570 autoreload 265 D:\PythonCode\pythonProject4\7.8newBlog\blog\users\views.py changed, reloading.
INFO 2025-07-18 17:37:16,097 autoreload 667 Watching for file changes with StatReloader
INFO 2025-07-18 17:39:46,635 autoreload 265 D:\PythonCode\pythonProject4\7.8newBlog\blog\users\views.py changed, reloading.
INFO 2025-07-18 17:39:47,149 autoreload 667 Watching for file changes with StatReloader
INFO 2025-07-18 17:39:55,566 autoreload 265 D:\PythonCode\pythonProject4\7.8newBlog\blog\users\views.py changed, reloading.
INFO 2025-07-18 17:39:56,089 autoreload 667 Watching for file changes with StatReloader
INFO 2025-07-18 17:40:40,051 autoreload 265 D:\PythonCode\pythonProject4\7.8newBlog\blog\users\views.py changed, reloading.
INFO 2025-07-18 17:40:40,586 autoreload 667 Watching for file changes with StatReloader
INFO 2025-07-18 17:42:27,527 autoreload 265 D:\PythonCode\pythonProject4\7.8newBlog\blog\users\views.py changed, reloading.
INFO 2025-07-18 17:42:28,047 autoreload 667 Watching for file changes with StatReloader
INFO 2025-07-19 13:01:02,799 autoreload 667 Watching for file changes with StatReloader
INFO 2025-07-19 13:01:08,055 basehttp 213 "GET / HTTP/1.1" 200 11849
INFO 2025-07-19 13:01:08,233 basehttp 213 "GET /static/md_css/monokai.css HTTP/1.1" 200 4118
INFO 2025-07-19 13:01:08,235 basehttp 213 "GET /static/common/common.css HTTP/1.1" 200 381
INFO 2025-07-19 13:01:08,236 basehttp 213 "GET /static/common/jquery.pagination.css HTTP/1.1" 200 523
INFO 2025-07-19 13:01:08,241 basehttp 213 "GET /static/js/vue-2.5.16.js HTTP/1.1" 200 289307
INFO 2025-07-19 13:01:08,242 basehttp 213 "GET /static/bootstrap/css/bootstrap.min.css HTTP/1.1" 200 140942
INFO 2025-07-19 13:01:08,243 basehttp 213 "GET /static/js/axios-0.18.0.min.js HTTP/1.1" 200 12941
INFO 2025-07-19 13:01:08,244 basehttp 213 "GET /static/js/jquery-1.12.4.min.js HTTP/1.1" 200 97163
INFO 2025-07-19 13:01:08,246 basehttp 213 "GET /static/js/host.js HTTP/1.1" 200 35
INFO 2025-07-19 13:01:08,246 basehttp 213 "GET /static/img/1.jpg HTTP/1.1" 200 78682
INFO 2025-07-19 13:01:08,248 basehttp 213 "GET /static/js/common.js HTTP/1.1" 200 891
INFO 2025-07-19 13:01:08,248 basehttp 213 "GET /static/js/index.js HTTP/1.1" 200 530
INFO 2025-07-19 13:01:08,250 basehttp 213 "GET /static/js/jquery.pagination.min.js HTTP/1.1" 200 2935
WARNING 2025-07-19 13:01:10,212 log 253 Not Found: /favicon.ico
WARNING 2025-07-19 13:01:10,212 basehttp 213 "GET /favicon.ico HTTP/1.1" 404 4009
INFO 2025-07-19 13:01:11,354 basehttp 213 "GET /login/ HTTP/1.1" 200 3199
INFO 2025-07-19 13:01:11,375 basehttp 213 "GET /static/js/login.js HTTP/1.1" 200 677
INFO 2025-07-19 13:01:13,297 basehttp 213 "GET /forgetpassword/ HTTP/1.1" 200 5181
INFO 2025-07-19 13:01:13,316 basehttp 213 "GET /static/js/forget_password.js HTTP/1.1" 200 6567
ERROR 2025-07-19 13:01:15,496 log 253 Internal Server Error: /imagecode/
Traceback (most recent call last):
  File "D:\anaconda3\envs\BYSJ\Lib\site-packages\redis\connection.py", line 385, in connect_check_health
    sock = self.retry.call_with_retry(
           ^^^^^^^^^^^^^^^^^^^^^^^^^^^
  File "D:\anaconda3\envs\BYSJ\Lib\site-packages\redis\retry.py", line 87, in call_with_retry
    return do()
           ^^^^
  File "D:\anaconda3\envs\BYSJ\Lib\site-packages\redis\connection.py", line 386, in <lambda>
    lambda: self._connect(), lambda error: self.disconnect(error)
            ^^^^^^^^^^^^^^^
  File "D:\anaconda3\envs\BYSJ\Lib\site-packages\redis\connection.py", line 797, in _connect
    raise err
  File "D:\anaconda3\envs\BYSJ\Lib\site-packages\redis\connection.py", line 781, in _connect
    sock.connect(socket_address)
ConnectionRefusedError: [WinError 10061] 由于目标计算机积极拒绝，无法连接。

During handling of the above exception, another exception occurred:

Traceback (most recent call last):
  File "D:\anaconda3\envs\BYSJ\Lib\site-packages\django\core\handlers\exception.py", line 55, in inner
    response = get_response(request)
               ^^^^^^^^^^^^^^^^^^^^^
  File "D:\anaconda3\envs\BYSJ\Lib\site-packages\django\core\handlers\base.py", line 197, in _get_response
    response = wrapped_callback(request, *callback_args, **callback_kwargs)
               ^^^^^^^^^^^^^^^^^^^^^^^^^^^^^^^^^^^^^^^^^^^^^^^^^^^^^^^^^^^^
  File "D:\anaconda3\envs\BYSJ\Lib\site-packages\django\views\generic\base.py", line 105, in view
    return self.dispatch(request, *args, **kwargs)
           ^^^^^^^^^^^^^^^^^^^^^^^^^^^^^^^^^^^^^^^
  File "D:\anaconda3\envs\BYSJ\Lib\site-packages\django\views\generic\base.py", line 144, in dispatch
    return handler(request, *args, **kwargs)
           ^^^^^^^^^^^^^^^^^^^^^^^^^^^^^^^^^
  File "D:\PythonCode\pythonProject4\7.8newBlog\blog\users\views.py", line 88, in get
    redis_conn.setex('img:%s' % uuid, 300, text)
  File "D:\anaconda3\envs\BYSJ\Lib\site-packages\redis\commands\core.py", line 2330, in setex
    return self.execute_command("SETEX", name, time, value)
           ^^^^^^^^^^^^^^^^^^^^^^^^^^^^^^^^^^^^^^^^^^^^^^^^
  File "D:\anaconda3\envs\BYSJ\Lib\site-packages\redis\client.py", line 623, in execute_command
    return self._execute_command(*args, **options)
           ^^^^^^^^^^^^^^^^^^^^^^^^^^^^^^^^^^^^^^^
  File "D:\anaconda3\envs\BYSJ\Lib\site-packages\redis\client.py", line 629, in _execute_command
    conn = self.connection or pool.get_connection()
                              ^^^^^^^^^^^^^^^^^^^^^
  File "D:\anaconda3\envs\BYSJ\Lib\site-packages\redis\utils.py", line 191, in wrapper
    return func(*args, **kwargs)
           ^^^^^^^^^^^^^^^^^^^^^
  File "D:\anaconda3\envs\BYSJ\Lib\site-packages\redis\connection.py", line 1530, in get_connection
    connection.connect()
  File "D:\anaconda3\envs\BYSJ\Lib\site-packages\redis\connection.py", line 379, in connect
    self.connect_check_health(check_health=True)
  File "D:\anaconda3\envs\BYSJ\Lib\site-packages\redis\connection.py", line 391, in connect_check_health
    raise ConnectionError(self._error_message(e))
redis.exceptions.ConnectionError: Error 10061 connecting to 127.0.0.1:6379. 由于目标计算机积极拒绝，无法连接。.
ERROR 2025-07-19 13:01:15,499 basehttp 213 "GET /imagecode/?uuid=50f84aa6-12fa-48ed-af65-c23e5f088769 HTTP/1.1" 500 144419
INFO 2025-07-19 13:02:50,652 autoreload 667 Watching for file changes with StatReloader
INFO 2025-07-19 13:02:53,423 basehttp 213 "GET / HTTP/1.1" 200 11849
WARNING 2025-07-19 13:02:53,519 log 253 Not Found: /favicon.ico
WARNING 2025-07-19 13:02:53,519 basehttp 213 "GET /favicon.ico HTTP/1.1" 404 4009
INFO 2025-07-19 13:02:54,494 basehttp 213 "GET /login/ HTTP/1.1" 200 3199
INFO 2025-07-19 13:02:55,827 basehttp 213 "GET /forgetpassword/ HTTP/1.1" 200 5181
INFO 2025-07-19 13:02:55,864 basehttp 213 "GET /imagecode/?uuid=979e7199-73cd-47a0-a722-c35363dfafee HTTP/1.1" 200 2942
INFO 2025-07-19 13:02:56,582 basehttp 213 "GET /imagecode/?uuid=4466e5d3-02fe-4f3d-a7b1-84dc1233c818 HTTP/1.1" 200 3357
INFO 2025-07-19 13:03:23,342 basehttp 213 "GET /smscode/?mobile=18162429192&image_code=w5iq&uuid=4466e5d3-02fe-4f3d-a7b1-84dc1233c818 HTTP/1.1" 200 72
INFO 2025-07-19 13:03:23,348 basehttp 213 "GET /imagecode/?uuid=695b58f7-1d1d-4a91-ac1f-31ec88c66e9c HTTP/1.1" 200 3100
INFO 2025-07-19 13:03:26,937 basehttp 213 "GET /imagecode/?uuid=254797c4-d105-4ea8-b3f5-5da2afaf3259 HTTP/1.1" 200 3366
INFO 2025-07-19 13:03:32,039 views 123 7274
INFO 2025-07-19 13:03:32,230 basehttp 213 "GET /smscode/?mobile=18162429192&image_code=kcgs&uuid=254797c4-d105-4ea8-b3f5-5da2afaf3259 HTTP/1.1" 200 63
WARNING 2025-07-19 13:03:37,808 log 253 Forbidden (CSRF token missing.): /forgetpassword/
WARNING 2025-07-19 13:03:37,808 basehttp 213 "POST /forgetpassword/ HTTP/1.1" 403 2491
INFO 2025-07-19 13:04:32,313 autoreload 667 Watching for file changes with StatReloader
INFO 2025-07-19 13:04:33,554 basehttp 213 "GET / HTTP/1.1" 200 11849
INFO 2025-07-19 13:04:34,474 basehttp 213 "GET /login/ HTTP/1.1" 200 3199
INFO 2025-07-19 13:04:35,587 basehttp 213 "GET /forgetpassword/ HTTP/1.1" 200 5323
INFO 2025-07-19 13:04:35,621 basehttp 213 "GET /imagecode/?uuid=d952e7e1-481b-46cf-9832-b675494d1c7b HTTP/1.1" 200 3240
WARNING 2025-07-19 13:04:52,994 log 253 Bad Request: /forgetpassword/
WARNING 2025-07-19 13:04:52,994 basehttp 213 "POST /forgetpassword/ HTTP/1.1" 400 21
INFO 2025-07-19 13:04:55,608 basehttp 213 "GET /imagecode/?uuid=3460a438-267f-42c6-ad69-90acf0bea41a HTTP/1.1" 200 2975
INFO 2025-07-19 13:05:08,672 basehttp 213 "GET /smscode/?mobile=18162429192&image_code=sync&uuid=3460a438-267f-42c6-ad69-90acf0bea41a HTTP/1.1" 200 72
INFO 2025-07-19 13:05:08,676 basehttp 213 "GET /imagecode/?uuid=f2c0e469-a7b1-4f28-85c3-d9e207fba8bb HTTP/1.1" 200 2544
INFO 2025-07-19 13:05:17,453 basehttp 213 "GET /smscode/?mobile=18162429192&image_code=lmf&uuid=f2c0e469-a7b1-4f28-85c3-d9e207fba8bb HTTP/1.1" 200 72
INFO 2025-07-19 13:05:17,458 basehttp 213 "GET /imagecode/?uuid=cbe7f894-cabe-4119-ae5c-69b132852013 HTTP/1.1" 200 3015
INFO 2025-07-19 13:05:20,938 views 123 4823
INFO 2025-07-19 13:05:21,115 basehttp 213 "GET /smscode/?mobile=18162429192&image_code=hubf&uuid=cbe7f894-cabe-4119-ae5c-69b132852013 HTTP/1.1" 200 63
INFO 2025-07-19 13:05:26,727 basehttp 213 "POST /forgetpassword/ HTTP/1.1" 302 0
INFO 2025-07-19 13:05:26,730 basehttp 213 "GET /login/ HTTP/1.1" 200 3199
INFO 2025-07-19 13:05:45,456 basehttp 213 "POST /login/ HTTP/1.1" 302 0
INFO 2025-07-19 13:05:45,459 basehttp 213 "GET / HTTP/1.1" 200 11849
INFO 2025-07-19 13:05:48,415 basehttp 213 "GET /logout/ HTTP/1.1" 302 0
INFO 2025-07-19 13:05:48,418 basehttp 213 "GET / HTTP/1.1" 200 11849
INFO 2025-07-19 13:12:31,359 basehttp 213 "GET / HTTP/1.1" 200 11849
INFO 2025-07-19 13:12:31,364 basehttp 213 "GET / HTTP/1.1" 200 11849
INFO 2025-07-19 13:12:31,479 basehttp 213 "GET /static/md_css/monokai.css HTTP/1.1" 200 4118
INFO 2025-07-19 13:12:31,480 basehttp 213 "GET /static/common/jquery.pagination.css HTTP/1.1" 200 523
INFO 2025-07-19 13:12:31,482 basehttp 213 "GET /static/js/jquery-1.12.4.min.js HTTP/1.1" 200 97163
INFO 2025-07-19 13:12:31,483 basehttp 213 "GET /static/img/1.jpg HTTP/1.1" 200 78682
INFO 2025-07-19 13:12:31,485 basehttp 213 "GET /static/js/index.js HTTP/1.1" 200 530
INFO 2025-07-19 13:12:31,485 basehttp 213 "GET /static/js/jquery.pagination.min.js HTTP/1.1" 200 2935
INFO 2025-07-19 13:12:31,529 basehttp 213 "GET /static/common/common.css HTTP/1.1" 200 381
WARNING 2025-07-19 13:12:33,189 log 253 Not Found: /favicon.ico
WARNING 2025-07-19 13:12:33,190 basehttp 213 "GET /favicon.ico HTTP/1.1" 404 4009
WARNING 2025-07-19 13:12:33,193 log 253 Not Found: /favicon.ico
WARNING 2025-07-19 13:12:33,193 basehttp 213 "GET /favicon.ico HTTP/1.1" 404 4009
INFO 2025-07-19 13:12:37,491 basehttp 213 "GET /login/ HTTP/1.1" 200 3199
INFO 2025-07-19 13:12:37,495 basehttp 213 "GET /static/js/login.js HTTP/1.1" 200 677
INFO 2025-07-19 13:12:48,064 basehttp 213 "POST /login/ HTTP/1.1" 302 0
INFO 2025-07-19 13:12:48,067 basehttp 213 "GET / HTTP/1.1" 200 11849
INFO 2025-07-19 13:16:53,310 basehttp 213 "GET / HTTP/1.1" 200 11849
INFO 2025-07-19 13:16:53,922 basehttp 213 "GET / HTTP/1.1" 200 11849
INFO 2025-07-19 13:16:54,152 basehttp 213 "GET / HTTP/1.1" 200 11849
INFO 2025-07-19 13:16:57,619 basehttp 213 "GET /logout/ HTTP/1.1" 302 0
INFO 2025-07-19 13:16:57,622 basehttp 213 "GET / HTTP/1.1" 200 11849
INFO 2025-07-19 13:17:07,570 basehttp 213 "GET / HTTP/1.1" 200 11849
INFO 2025-07-19 13:17:07,860 basehttp 213 "GET / HTTP/1.1" 200 11849
INFO 2025-07-19 13:17:11,968 basehttp 213 "GET / HTTP/1.1" 200 11849
INFO 2025-07-19 13:30:17,989 autoreload 265 D:\PythonCode\pythonProject4\7.8newBlog\blog\users\views.py changed, reloading.
INFO 2025-07-19 13:30:18,527 autoreload 667 Watching for file changes with StatReloader
INFO 2025-07-19 13:30:39,904 autoreload 265 D:\PythonCode\pythonProject4\7.8newBlog\blog\users\views.py changed, reloading.
INFO 2025-07-19 13:30:40,409 autoreload 667 Watching for file changes with StatReloader
INFO 2025-07-19 13:32:03,926 autoreload 265 D:\PythonCode\pythonProject4\7.8newBlog\blog\users\views.py changed, reloading.
INFO 2025-07-19 13:32:04,500 autoreload 667 Watching for file changes with StatReloader
INFO 2025-07-19 13:32:12,910 autoreload 265 D:\PythonCode\pythonProject4\7.8newBlog\blog\users\views.py changed, reloading.
INFO 2025-07-19 13:32:13,424 autoreload 667 Watching for file changes with StatReloader
INFO 2025-07-19 13:32:26,914 autoreload 265 D:\PythonCode\pythonProject4\7.8newBlog\blog\users\urls.py changed, reloading.
INFO 2025-07-19 13:32:27,464 autoreload 667 Watching for file changes with StatReloader
INFO 2025-07-19 13:32:44,803 autoreload 265 D:\PythonCode\pythonProject4\7.8newBlog\blog\users\urls.py changed, reloading.
INFO 2025-07-19 13:32:45,317 autoreload 667 Watching for file changes with StatReloader
INFO 2025-07-19 13:33:00,000 autoreload 667 Watching for file changes with StatReloader
INFO 2025-07-19 13:33:02,332 basehttp 213 "GET / HTTP/1.1" 200 11849
WARNING 2025-07-19 13:33:02,423 log 253 Not Found: /favicon.ico
WARNING 2025-07-19 13:33:02,424 basehttp 213 "GET /favicon.ico HTTP/1.1" 404 4264
INFO 2025-07-19 13:33:04,055 basehttp 213 "GET /login/ HTTP/1.1" 200 3199
INFO 2025-07-19 13:33:05,373 basehttp 213 "POST /login/ HTTP/1.1" 302 0
INFO 2025-07-19 13:33:05,375 basehttp 213 "GET / HTTP/1.1" 200 11849
WARNING 2025-07-19 13:33:08,265 log 253 Not Found: /center.html
WARNING 2025-07-19 13:33:08,265 basehttp 213 "GET /center.html HTTP/1.1" 404 4264
WARNING 2025-07-19 13:33:16,367 log 253 Not Found: /cente
WARNING 2025-07-19 13:33:16,368 basehttp 213 "GET /cente HTTP/1.1" 404 4246
INFO 2025-07-19 13:33:19,572 basehttp 213 "GET /center HTTP/1.1" 301 0
INFO 2025-07-19 13:33:19,576 basehttp 213 "GET /center/ HTTP/1.1" 200 4036
WARNING 2025-07-19 13:33:19,582 log 253 Not Found: /center/js/vue-2.5.16.js
WARNING 2025-07-19 13:33:19,585 log 253 Not Found: /center/bootstrap/css/bootstrap.min.css
WARNING 2025-07-19 13:33:19,585 basehttp 213 "GET /center/js/vue-2.5.16.js HTTP/1.1" 404 4300
WARNING 2025-07-19 13:33:19,585 basehttp 213 "GET /center/bootstrap/css/bootstrap.min.css HTTP/1.1" 404 4345
WARNING 2025-07-19 13:33:19,589 log 253 Not Found: /center/js/axios-0.18.0.min.js
WARNING 2025-07-19 13:33:19,591 log 253 Not Found: /center/img/mei.png
WARNING 2025-07-19 13:33:19,592 basehttp 213 "GET /center/js/axios-0.18.0.min.js HTTP/1.1" 404 4318
WARNING 2025-07-19 13:33:19,592 basehttp 213 "GET /center/img/mei.png HTTP/1.1" 404 4285
WARNING 2025-07-19 13:33:19,594 log 253 Not Found: /center/js/host.js
WARNING 2025-07-19 13:33:19,598 log 253 Not Found: /center/js/common.js
WARNING 2025-07-19 13:33:19,598 basehttp 213 "GET /center/js/host.js HTTP/1.1" 404 4282
WARNING 2025-07-19 13:33:19,599 basehttp 213 "GET /center/js/common.js HTTP/1.1" 404 4288
WARNING 2025-07-19 13:33:19,601 log 253 Not Found: /center/js/center.js
INFO 2025-07-19 13:33:19,601 basehttp 81 - Broken pipe from ('127.0.0.1', 59818)
WARNING 2025-07-19 13:33:19,602 basehttp 213 "GET /center/js/center.js HTTP/1.1" 404 4288
INFO 2025-07-19 13:36:12,425 autoreload 667 Watching for file changes with StatReloader
INFO 2025-07-19 13:36:13,562 basehttp 213 "GET / HTTP/1.1" 200 11849
INFO 2025-07-19 13:36:19,553 basehttp 213 "GET /center/ HTTP/1.1" 200 4055
WARNING 2025-07-19 13:36:19,564 log 253 Not Found: /center/bootstrap/css/bootstrap.min.css
WARNING 2025-07-19 13:36:19,564 log 253 Not Found: /center/img/mei.png
WARNING 2025-07-19 13:36:19,564 basehttp 213 "GET /center/bootstrap/css/bootstrap.min.css HTTP/1.1" 404 4345
WARNING 2025-07-19 13:36:19,565 basehttp 213 "GET /center/img/mei.png HTTP/1.1" 404 4285
INFO 2025-07-19 13:36:19,652 basehttp 213 "GET /static/js/center.js HTTP/1.1" 200 522
WARNING 2025-07-19 13:36:19,658 log 253 Not Found: /center/img/mei.png
WARNING 2025-07-19 13:36:19,660 basehttp 213 "GET /center/img/mei.png HTTP/1.1" 404 4285
INFO 2025-07-19 13:38:09,222 autoreload 667 Watching for file changes with StatReloader
INFO 2025-07-19 13:38:11,310 basehttp 213 "GET / HTTP/1.1" 200 11849
INFO 2025-07-19 13:38:14,845 basehttp 213 "GET /center/ HTTP/1.1" 200 4063
WARNING 2025-07-19 13:38:14,853 log 253 Not Found: /center/bootstrap/css/bootstrap.min.css
WARNING 2025-07-19 13:38:14,854 basehttp 213 "GET /center/bootstrap/css/bootstrap.min.css HTTP/1.1" 404 4345
INFO 2025-07-19 13:38:14,940 basehttp 213 "GET /static/img/mei.png HTTP/1.1" 200 230847
INFO 2025-07-19 13:38:49,284 autoreload 667 Watching for file changes with StatReloader
INFO 2025-07-19 13:38:50,862 basehttp 213 "GET / HTTP/1.1" 200 11849
INFO 2025-07-19 13:38:53,829 basehttp 213 "GET /center/ HTTP/1.1" 200 4069
INFO 2025-07-19 13:40:54,297 autoreload 667 Watching for file changes with StatReloader
INFO 2025-07-19 13:40:56,754 basehttp 213 "GET / HTTP/1.1" 200 11849
INFO 2025-07-19 13:40:59,170 basehttp 213 "GET /center/ HTTP/1.1" 200 4082
WARNING 2025-07-19 13:41:02,970 log 253 Not Found: /center/write_blog.html
WARNING 2025-07-19 13:41:02,971 basehttp 213 "GET /center/write_blog.html HTTP/1.1" 404 4297
WARNING 2025-07-19 13:41:11,066 log 253 Not Found: /center/center.html
WARNING 2025-07-19 13:41:11,066 basehttp 213 "GET /center/center.html HTTP/1.1" 404 4285
INFO 2025-07-19 13:42:34,548 autoreload 667 Watching for file changes with StatReloader
INFO 2025-07-19 13:42:35,784 basehttp 213 "GET / HTTP/1.1" 200 11849
INFO 2025-07-19 13:42:39,259 basehttp 213 "GET /center/ HTTP/1.1" 200 4088
WARNING 2025-07-19 13:42:42,087 log 253 Not Found: /center/write_blog.html
WARNING 2025-07-19 13:42:42,087 basehttp 213 "GET /center/write_blog.html HTTP/1.1" 404 4297
WARNING 2025-07-19 13:42:44,610 log 253 Not Found: /center/\u201c/center/"
WARNING 2025-07-19 13:42:44,611 basehttp 213 "GET /center/%E2%80%9C/center/%22 HTTP/1.1" 404 4306
WARNING 2025-07-19 13:43:05,131 log 253 Not Found: /center/\u201d/logout/"
WARNING 2025-07-19 13:43:05,132 basehttp 213 "GET /center/%E2%80%9D/logout/%22 HTTP/1.1" 404 4306
INFO 2025-07-19 13:43:29,776 basehttp 213 "GET / HTTP/1.1" 200 11849
WARNING 2025-07-19 13:43:34,265 log 253 Not Found: /center.html
WARNING 2025-07-19 13:43:34,266 basehttp 213 "GET /center.html HTTP/1.1" 404 4264
INFO 2025-07-19 13:45:44,999 autoreload 265 D:\PythonCode\pythonProject4\7.8newBlog\blog\users\views.py changed, reloading.
INFO 2025-07-19 13:45:45,564 autoreload 667 Watching for file changes with StatReloader
WARNING 2025-07-19 13:45:50,727 log 253 Not Found: /center.html
WARNING 2025-07-19 13:45:50,728 basehttp 213 "GET /center.html HTTP/1.1" 404 4264
INFO 2025-07-19 13:47:17,191 autoreload 667 Watching for file changes with StatReloader
INFO 2025-07-19 13:47:18,406 basehttp 213 "GET / HTTP/1.1" 200 11844
INFO 2025-07-19 13:47:23,646 basehttp 213 "GET /center/ HTTP/1.1" 200 4086
WARNING 2025-07-19 13:47:29,613 log 253 Not Found: /center/\u201c/center/"
WARNING 2025-07-19 13:47:29,613 basehttp 213 "GET /center/%E2%80%9C/center/%22 HTTP/1.1" 404 4306
WARNING 2025-07-19 13:47:35,734 log 253 Not Found: /center/write_blog.html
WARNING 2025-07-19 13:47:35,734 basehttp 213 "GET /center/write_blog.html HTTP/1.1" 404 4297
INFO 2025-07-19 13:47:40,591 basehttp 213 "GET /logout/ HTTP/1.1" 302 0
INFO 2025-07-19 13:47:40,595 basehttp 213 "GET / HTTP/1.1" 200 11844
INFO 2025-07-19 13:47:45,479 basehttp 213 "GET /login/ HTTP/1.1" 200 3199
INFO 2025-07-19 13:47:49,115 basehttp 213 "GET /center/ HTTP/1.1" 200 4086
INFO 2025-07-19 13:48:41,865 basehttp 213 "GET /login/ HTTP/1.1" 200 3199
INFO 2025-07-19 13:55:19,024 autoreload 265 D:\PythonCode\pythonProject4\7.8newBlog\blog\users\views.py changed, reloading.
INFO 2025-07-19 13:55:19,609 autoreload 667 Watching for file changes with StatReloader
INFO 2025-07-19 13:55:38,954 autoreload 265 D:\PythonCode\pythonProject4\7.8newBlog\blog\users\views.py changed, reloading.
INFO 2025-07-19 13:55:39,469 autoreload 667 Watching for file changes with StatReloader
INFO 2025-07-19 13:56:01,849 autoreload 265 D:\PythonCode\pythonProject4\7.8newBlog\blog\users\views.py changed, reloading.
INFO 2025-07-19 13:56:02,361 autoreload 667 Watching for file changes with StatReloader
INFO 2025-07-19 13:56:58,510 autoreload 265 D:\PythonCode\pythonProject4\7.8newBlog\blog\users\views.py changed, reloading.
INFO 2025-07-19 13:56:59,027 autoreload 667 Watching for file changes with StatReloader
INFO 2025-07-19 13:57:11,300 autoreload 265 D:\PythonCode\pythonProject4\7.8newBlog\blog\users\views.py changed, reloading.
INFO 2025-07-19 13:57:11,803 autoreload 667 Watching for file changes with StatReloader
INFO 2025-07-19 13:58:30,268 autoreload 265 D:\PythonCode\pythonProject4\7.8newBlog\blog\users\views.py changed, reloading.
INFO 2025-07-19 13:58:30,808 autoreload 667 Watching for file changes with StatReloader
INFO 2025-07-19 13:58:54,444 autoreload 265 D:\PythonCode\pythonProject4\7.8newBlog\blog\blog\settings.py changed, reloading.
INFO 2025-07-19 13:58:54,994 autoreload 667 Watching for file changes with StatReloader
INFO 2025-07-19 13:59:25,745 autoreload 265 D:\PythonCode\pythonProject4\7.8newBlog\blog\blog\settings.py changed, reloading.
INFO 2025-07-19 13:59:26,294 autoreload 667 Watching for file changes with StatReloader
INFO 2025-07-19 13:59:34,705 autoreload 265 D:\PythonCode\pythonProject4\7.8newBlog\blog\blog\settings.py changed, reloading.
INFO 2025-07-19 13:59:35,230 autoreload 667 Watching for file changes with StatReloader
INFO 2025-07-19 13:59:37,058 basehttp 213 "GET / HTTP/1.1" 200 11844
WARNING 2025-07-19 13:59:37,141 log 253 Not Found: /favicon.ico
WARNING 2025-07-19 13:59:37,142 basehttp 213 "GET /favicon.ico HTTP/1.1" 404 4264
INFO 2025-07-19 13:59:43,232 basehttp 213 "GET /center/ HTTP/1.1" 302 0
INFO 2025-07-19 13:59:43,235 basehttp 213 "GET /login/?next=/center/ HTTP/1.1" 200 3199
INFO 2025-07-19 13:59:46,186 basehttp 213 "POST /login/?next=/center/ HTTP/1.1" 302 0
INFO 2025-07-19 13:59:46,189 basehttp 213 "GET / HTTP/1.1" 200 11844
INFO 2025-07-19 13:59:50,379 basehttp 213 "GET /center/ HTTP/1.1" 200 4086
INFO 2025-07-19 14:02:04,899 autoreload 265 D:\PythonCode\pythonProject4\7.8newBlog\blog\users\views.py changed, reloading.
INFO 2025-07-19 14:02:05,435 autoreload 667 Watching for file changes with StatReloader
INFO 2025-07-19 14:02:39,221 autoreload 265 D:\PythonCode\pythonProject4\7.8newBlog\blog\users\views.py changed, reloading.
INFO 2025-07-19 14:02:39,726 autoreload 667 Watching for file changes with StatReloader
INFO 2025-07-19 14:02:52,184 autoreload 265 D:\PythonCode\pythonProject4\7.8newBlog\blog\users\views.py changed, reloading.
INFO 2025-07-19 14:02:52,738 autoreload 667 Watching for file changes with StatReloader
INFO 2025-07-19 14:02:56,064 autoreload 265 D:\PythonCode\pythonProject4\7.8newBlog\blog\users\views.py changed, reloading.
INFO 2025-07-19 14:02:56,565 autoreload 667 Watching for file changes with StatReloader
INFO 2025-07-19 14:02:57,785 basehttp 213 "GET / HTTP/1.1" 200 11844
INFO 2025-07-19 14:03:01,051 basehttp 213 "GET /center/ HTTP/1.1" 200 4086
INFO 2025-07-19 14:03:03,893 basehttp 213 "GET /logout/ HTTP/1.1" 302 0
INFO 2025-07-19 14:03:03,896 basehttp 213 "GET / HTTP/1.1" 200 11844
INFO 2025-07-19 14:03:11,638 basehttp 213 "GET /center/ HTTP/1.1" 302 0
INFO 2025-07-19 14:03:11,643 basehttp 213 "GET /login/?next=/center/ HTTP/1.1" 200 3199
INFO 2025-07-19 14:03:13,487 basehttp 213 "POST /login/?next=/center/ HTTP/1.1" 302 0
INFO 2025-07-19 14:03:13,493 basehttp 213 "GET /center/ HTTP/1.1" 200 4086
WARNING 2025-07-19 14:03:37,182 log 253 Not Found: /center/\u201c/center/"
WARNING 2025-07-19 14:03:37,182 basehttp 213 "GET /center/%E2%80%9C/center/%22 HTTP/1.1" 404 4306
INFO 2025-07-19 14:04:27,466 autoreload 265 D:\PythonCode\pythonProject4\7.8newBlog\blog\users\views.py changed, reloading.
INFO 2025-07-19 14:04:27,987 autoreload 667 Watching for file changes with StatReloader
INFO 2025-07-19 14:05:05,831 autoreload 265 D:\PythonCode\pythonProject4\7.8newBlog\blog\users\views.py changed, reloading.
INFO 2025-07-19 14:05:06,334 autoreload 667 Watching for file changes with StatReloader
INFO 2025-07-19 14:05:07,562 basehttp 213 "GET / HTTP/1.1" 200 11844
INFO 2025-07-19 14:05:12,033 basehttp 213 "GET /center/ HTTP/1.1" 200 4086
INFO 2025-07-19 14:05:14,047 basehttp 213 "GET /logout/ HTTP/1.1" 302 0
INFO 2025-07-19 14:05:14,051 basehttp 213 "GET / HTTP/1.1" 200 11844
INFO 2025-07-19 14:05:16,445 basehttp 213 "GET /center/ HTTP/1.1" 302 0
INFO 2025-07-19 14:05:16,449 basehttp 213 "GET /login/?next=/center/ HTTP/1.1" 200 3199
INFO 2025-07-19 14:05:18,188 basehttp 213 "POST /login/?next=/center/ HTTP/1.1" 302 0
INFO 2025-07-19 14:05:18,213 basehttp 213 "GET /center/ HTTP/1.1" 200 4086
INFO 2025-07-19 14:08:12,574 autoreload 265 D:\PythonCode\pythonProject4\7.8newBlog\blog\users\views.py changed, reloading.
INFO 2025-07-19 14:08:13,113 autoreload 667 Watching for file changes with StatReloader
INFO 2025-07-19 14:09:36,670 autoreload 265 D:\PythonCode\pythonProject4\7.8newBlog\blog\users\views.py changed, reloading.
INFO 2025-07-19 14:09:37,221 autoreload 667 Watching for file changes with StatReloader
INFO 2025-07-19 14:12:59,362 autoreload 667 Watching for file changes with StatReloader
INFO 2025-07-19 14:13:00,969 basehttp 213 "GET / HTTP/1.1" 200 11844
INFO 2025-07-19 14:13:10,793 basehttp 213 "GET /center/ HTTP/1.1" 200 4155
INFO 2025-07-19 14:14:09,222 autoreload 667 Watching for file changes with StatReloader
INFO 2025-07-19 14:14:10,401 basehttp 213 "GET / HTTP/1.1" 200 11844
INFO 2025-07-19 14:14:12,457 basehttp 213 "GET /center/ HTTP/1.1" 200 4151
INFO 2025-07-19 14:19:42,540 autoreload 265 D:\PythonCode\pythonProject4\7.8newBlog\blog\users\views.py changed, reloading.
INFO 2025-07-19 14:19:43,111 autoreload 667 Watching for file changes with StatReloader
INFO 2025-07-19 14:20:25,034 autoreload 265 D:\PythonCode\pythonProject4\7.8newBlog\blog\users\views.py changed, reloading.
INFO 2025-07-19 14:20:25,560 autoreload 667 Watching for file changes with StatReloader
INFO 2025-07-19 14:20:33,976 autoreload 265 D:\PythonCode\pythonProject4\7.8newBlog\blog\users\views.py changed, reloading.
INFO 2025-07-19 14:20:34,516 autoreload 667 Watching for file changes with StatReloader
INFO 2025-07-19 14:21:14,382 autoreload 265 D:\PythonCode\pythonProject4\7.8newBlog\blog\users\views.py changed, reloading.
INFO 2025-07-19 14:21:14,885 autoreload 667 Watching for file changes with StatReloader
INFO 2025-07-19 14:21:39,537 autoreload 265 D:\PythonCode\pythonProject4\7.8newBlog\blog\users\views.py changed, reloading.
INFO 2025-07-19 14:21:40,050 autoreload 667 Watching for file changes with StatReloader
INFO 2025-07-19 14:22:05,709 autoreload 265 D:\PythonCode\pythonProject4\7.8newBlog\blog\users\views.py changed, reloading.
INFO 2025-07-19 14:22:06,220 autoreload 667 Watching for file changes with StatReloader
INFO 2025-07-19 14:22:47,113 autoreload 265 D:\PythonCode\pythonProject4\7.8newBlog\blog\users\views.py changed, reloading.
INFO 2025-07-19 14:22:47,642 autoreload 667 Watching for file changes with StatReloader
INFO 2025-07-19 14:25:25,288 autoreload 265 D:\PythonCode\pythonProject4\7.8newBlog\blog\users\views.py changed, reloading.
INFO 2025-07-19 14:25:25,812 autoreload 667 Watching for file changes with StatReloader
INFO 2025-07-19 14:25:35,713 autoreload 667 Watching for file changes with StatReloader
INFO 2025-07-19 14:25:48,193 autoreload 265 D:\PythonCode\pythonProject4\7.8newBlog\blog\users\views.py changed, reloading.
INFO 2025-07-19 14:25:48,700 autoreload 667 Watching for file changes with StatReloader
INFO 2025-07-19 14:27:24,425 autoreload 265 D:\PythonCode\pythonProject4\7.8newBlog\blog\blog\settings.py changed, reloading.
INFO 2025-07-19 14:27:24,971 autoreload 667 Watching for file changes with StatReloader
INFO 2025-07-19 14:27:38,460 autoreload 265 D:\PythonCode\pythonProject4\7.8newBlog\blog\blog\settings.py changed, reloading.
INFO 2025-07-19 14:27:39,029 autoreload 667 Watching for file changes with StatReloader
INFO 2025-07-19 14:28:27,244 autoreload 667 Watching for file changes with StatReloader
INFO 2025-07-19 14:28:28,737 basehttp 213 "GET / HTTP/1.1" 200 11844
INFO 2025-07-19 14:28:32,227 basehttp 213 "GET /center/ HTTP/1.1" 200 4150
WARNING 2025-07-19 14:29:50,244 log 253 Forbidden (CSRF token missing.): /center/
WARNING 2025-07-19 14:29:50,244 basehttp 213 "POST /center/ HTTP/1.1" 403 2491
INFO 2025-07-19 14:30:41,336 autoreload 667 Watching for file changes with StatReloader
INFO 2025-07-19 14:30:42,519 basehttp 213 "GET / HTTP/1.1" 200 11844
WARNING 2025-07-19 14:30:46,313 log 253 Forbidden (CSRF token missing.): /center/
WARNING 2025-07-19 14:30:46,315 basehttp 213 "POST /center/ HTTP/1.1" 403 2491
WARNING 2025-07-19 14:30:49,182 log 253 Forbidden (CSRF token missing.): /center/
WARNING 2025-07-19 14:30:49,183 basehttp 213 "POST /center/ HTTP/1.1" 403 2491
INFO 2025-07-19 14:30:55,577 basehttp 213 "GET / HTTP/1.1" 200 11844
WARNING 2025-07-19 14:30:55,667 log 253 Not Found: /favicon.ico
WARNING 2025-07-19 14:30:55,667 basehttp 213 "GET /favicon.ico HTTP/1.1" 404 4264
INFO 2025-07-19 14:30:57,325 basehttp 213 "GET /center/ HTTP/1.1" 200 4288
ERROR 2025-07-19 14:31:11,198 log 253 Internal Server Error: /center/
Traceback (most recent call last):
  File "D:\anaconda3\envs\BYSJ\Lib\site-packages\django\core\handlers\exception.py", line 55, in inner
    response = get_response(request)
               ^^^^^^^^^^^^^^^^^^^^^
  File "D:\anaconda3\envs\BYSJ\Lib\site-packages\django\core\handlers\base.py", line 197, in _get_response
    response = wrapped_callback(request, *callback_args, **callback_kwargs)
               ^^^^^^^^^^^^^^^^^^^^^^^^^^^^^^^^^^^^^^^^^^^^^^^^^^^^^^^^^^^^
  File "D:\anaconda3\envs\BYSJ\Lib\site-packages\django\views\generic\base.py", line 105, in view
    return self.dispatch(request, *args, **kwargs)
           ^^^^^^^^^^^^^^^^^^^^^^^^^^^^^^^^^^^^^^^
  File "D:\anaconda3\envs\BYSJ\Lib\site-packages\django\contrib\auth\mixins.py", line 73, in dispatch
    return super().dispatch(request, *args, **kwargs)
           ^^^^^^^^^^^^^^^^^^^^^^^^^^^^^^^^^^^^^^^^^^
  File "D:\anaconda3\envs\BYSJ\Lib\site-packages\django\views\generic\base.py", line 144, in dispatch
    return handler(request, *args, **kwargs)
           ^^^^^^^^^^^^^^^^^^^^^^^^^^^^^^^^^
  File "D:\PythonCode\pythonProject4\7.8newBlog\blog\users\views.py", line 274, in post
    response.set_cookie('username', request.user.username,maxage=14*24*3600)
TypeError: HttpResponseBase.set_cookie() got an unexpected keyword argument 'maxage'
ERROR 2025-07-19 14:31:11,200 basehttp 213 "POST /center/ HTTP/1.1" 500 91451
INFO 2025-07-19 14:31:56,101 autoreload 265 D:\PythonCode\pythonProject4\7.8newBlog\blog\users\views.py changed, reloading.
INFO 2025-07-19 14:31:56,648 autoreload 667 Watching for file changes with StatReloader
INFO 2025-07-19 14:31:58,699 basehttp 213 "GET / HTTP/1.1" 200 11844
INFO 2025-07-19 14:32:00,331 basehttp 213 "GET /center/ HTTP/1.1" 200 4296
WARNING 2025-07-19 14:32:00,340 log 253 Not Found: /avatar/20250719/1_2_Step.jpg
WARNING 2025-07-19 14:32:00,340 basehttp 213 "GET /avatar/20250719/1_2_Step.jpg HTTP/1.1" 404 4315
INFO 2025-07-19 14:35:11,217 autoreload 265 D:\PythonCode\pythonProject4\7.8newBlog\blog\blog\settings.py changed, reloading.
INFO 2025-07-19 14:35:11,851 autoreload 667 Watching for file changes with StatReloader
INFO 2025-07-19 14:35:25,371 autoreload 265 D:\PythonCode\pythonProject4\7.8newBlog\blog\blog\settings.py changed, reloading.
INFO 2025-07-19 14:35:25,916 autoreload 667 Watching for file changes with StatReloader
INFO 2025-07-19 14:37:17,859 autoreload 265 D:\PythonCode\pythonProject4\7.8newBlog\blog\blog\urls.py changed, reloading.
INFO 2025-07-19 14:37:18,405 autoreload 667 Watching for file changes with StatReloader
INFO 2025-07-19 14:37:26,484 basehttp 213 "GET / HTTP/1.1" 200 11844
INFO 2025-07-19 14:37:28,083 basehttp 213 "GET /center/ HTTP/1.1" 200 4310
INFO 2025-07-19 14:37:28,184 basehttp 213 "GET /media/avatar/20250719/1_2_Step_UAq4Y5b.jpg HTTP/1.1" 200 665696
INFO 2025-07-19 14:38:27,378 basehttp 213 "GET / HTTP/1.1" 200 11844
WARNING 2025-07-19 14:38:27,454 log 253 Not Found: /favicon.ico
WARNING 2025-07-19 14:38:27,455 basehttp 213 "GET /favicon.ico HTTP/1.1" 404 4433
INFO 2025-07-19 14:38:29,419 basehttp 213 "GET /center/ HTTP/1.1" 200 4310
WARNING 2025-07-19 14:38:29,426 log 253 Not Found: /media/avatar/20250719/1_2_Step_UAq4Y5b.jpg
WARNING 2025-07-19 14:38:29,426 basehttp 213 "GET /media/avatar/20250719/1_2_Step_UAq4Y5b.jpg HTTP/1.1" 404 4775
INFO 2025-07-19 14:39:25,422 basehttp 213 "GET /center/ HTTP/1.1" 200 4312
INFO 2025-07-19 14:39:25,428 basehttp 213 "GET /media/avatar/20250719/%E6%88%90%E5%85%A8.jpg HTTP/1.1" 200 86969
INFO 2025-07-19 14:39:33,500 basehttp 213 "GET /center/ HTTP/1.1" 200 4312
INFO 2025-07-19 14:39:33,505 basehttp 213 "GET /media/avatar/20250719/%E6%88%90%E5%85%A8.jpg HTTP/1.1" 304 0
INFO 2025-07-19 14:39:34,186 basehttp 213 "GET /center/ HTTP/1.1" 200 4312
INFO 2025-07-19 14:45:03,726 autoreload 667 Watching for file changes with StatReloader
INFO 2025-07-19 14:45:06,504 basehttp 213 "GET / HTTP/1.1" 200 11844
WARNING 2025-07-19 14:45:06,585 log 253 Not Found: /favicon.ico
WARNING 2025-07-19 14:45:06,586 basehttp 213 "GET /favicon.ico HTTP/1.1" 404 4433
INFO 2025-07-19 14:45:48,605 basehttp 213 "GET /center/ HTTP/1.1" 200 4312
INFO 2025-07-19 14:45:48,610 basehttp 213 "GET /media/avatar/20250719/%E6%88%90%E5%85%A8.jpg HTTP/1.1" 304 0
INFO 2025-07-20 12:40:02,017 autoreload 667 Watching for file changes with StatReloader
INFO 2025-07-20 12:40:04,158 basehttp 213 "GET / HTTP/1.1" 200 11844
INFO 2025-07-20 12:40:04,372 basehttp 213 "GET /static/bootstrap/css/bootstrap.min.css HTTP/1.1" 200 140942
INFO 2025-07-20 12:40:04,374 basehttp 213 "GET /static/common/common.css HTTP/1.1" 200 381
INFO 2025-07-20 12:40:04,374 basehttp 213 "GET /static/md_css/monokai.css HTTP/1.1" 200 4118
INFO 2025-07-20 12:40:04,376 basehttp 213 "GET /static/common/jquery.pagination.css HTTP/1.1" 200 523
INFO 2025-07-20 12:40:04,377 basehttp 213 "GET /static/js/axios-0.18.0.min.js HTTP/1.1" 200 12941
INFO 2025-07-20 12:40:04,379 basehttp 213 "GET /static/js/vue-2.5.16.js HTTP/1.1" 200 289307
INFO 2025-07-20 12:40:04,379 basehttp 213 "GET /static/js/jquery-1.12.4.min.js HTTP/1.1" 200 97163
INFO 2025-07-20 12:40:04,380 basehttp 213 "GET /static/js/host.js HTTP/1.1" 200 35
INFO 2025-07-20 12:40:04,381 basehttp 213 "GET /static/img/1.jpg HTTP/1.1" 200 78682
INFO 2025-07-20 12:40:04,386 basehttp 213 "GET /static/js/common.js HTTP/1.1" 200 891
INFO 2025-07-20 12:40:04,386 basehttp 213 "GET /static/js/index.js HTTP/1.1" 200 530
INFO 2025-07-20 12:40:04,389 basehttp 213 "GET /static/js/jquery.pagination.min.js HTTP/1.1" 200 2935
WARNING 2025-07-20 12:40:05,618 log 253 Not Found: /favicon.ico
WARNING 2025-07-20 12:40:05,619 basehttp 213 "GET /favicon.ico HTTP/1.1" 404 4433
INFO 2025-07-20 12:40:07,980 basehttp 213 "GET /center HTTP/1.1" 301 0
INFO 2025-07-20 12:40:07,983 basehttp 213 "GET /center/ HTTP/1.1" 302 0
INFO 2025-07-20 12:40:07,986 basehttp 213 "GET /login/?next=/center/ HTTP/1.1" 200 3199
INFO 2025-07-20 12:40:08,007 basehttp 213 "GET /static/js/login.js HTTP/1.1" 200 677
WARNING 2025-07-20 12:40:51,313 log 253 Bad Request: /login/
WARNING 2025-07-20 12:40:51,313 basehttp 213 "POST /login/?next=/center/ HTTP/1.1" 400 24
INFO 2025-07-20 12:40:56,098 basehttp 213 "GET /login/ HTTP/1.1" 200 3199
INFO 2025-07-20 12:46:57,564 autoreload 667 Watching for file changes with StatReloader
INFO 2025-07-20 12:47:32,175 autoreload 667 Watching for file changes with StatReloader
INFO 2025-07-20 12:47:35,060 basehttp 213 "GET / HTTP/1.1" 200 11844
INFO 2025-07-20 12:47:35,084 basehttp 213 "GET /static/js/index.js HTTP/1.1" 304 0
WARNING 2025-07-20 12:47:35,135 log 253 Not Found: /favicon.ico
WARNING 2025-07-20 12:47:35,136 basehttp 213 "GET /favicon.ico HTTP/1.1" 404 4433
INFO 2025-07-20 12:47:40,481 basehttp 213 "GET /center/ HTTP/1.1" 200 4301
INFO 2025-07-20 12:47:40,582 basehttp 213 "GET /media/avatar/20250719/JAYCHOU.jpg HTTP/1.1" 200 113185
INFO 2025-07-20 12:48:29,527 autoreload 265 D:\PythonCode\pythonProject4\7.8newBlog\blog\blog\settings.py changed, reloading.
INFO 2025-07-20 12:48:30,126 autoreload 667 Watching for file changes with StatReloader
INFO 2025-07-20 12:48:51,791 autoreload 265 D:\PythonCode\pythonProject4\7.8newBlog\blog\blog\settings.py changed, reloading.
INFO 2025-07-20 12:48:52,405 autoreload 667 Watching for file changes with StatReloader
INFO 2025-07-20 12:49:06,456 autoreload 667 Watching for file changes with StatReloader
INFO 2025-07-20 12:49:09,040 basehttp 213 "GET / HTTP/1.1" 200 11844
WARNING 2025-07-20 12:49:09,125 log 253 Not Found: /favicon.ico
WARNING 2025-07-20 12:49:09,125 basehttp 213 "GET /favicon.ico HTTP/1.1" 404 4433
INFO 2025-07-20 12:49:14,377 basehttp 213 "GET /center/ HTTP/1.1" 200 4301
INFO 2025-07-20 12:54:48,828 basehttp 213 "GET /center/ HTTP/1.1" 200 4301
WARNING 2025-07-20 12:57:18,623 log 253 Not Found: /.well-known/appspecific/com.chrome.devtools.json
WARNING 2025-07-20 12:57:18,623 basehttp 213 "GET /.well-known/appspecific/com.chrome.devtools.json HTTP/1.1" 404 4544
WARNING 2025-07-20 12:57:18,629 basehttp 213 "GET /static/js/axios.min.map HTTP/1.1" 404 1862
INFO 2025-07-20 12:57:18,726 basehttp 213 "GET /static/bootstrap/css/bootstrap.min.css.map HTTP/1.1" 200 562427
INFO 2025-07-20 12:57:28,152 basehttp 213 "GET /center/ HTTP/1.1" 200 4301
WARNING 2025-07-20 12:57:28,171 log 253 Not Found: /.well-known/appspecific/com.chrome.devtools.json
WARNING 2025-07-20 12:57:28,171 basehttp 213 "GET /.well-known/appspecific/com.chrome.devtools.json HTTP/1.1" 404 4544
WARNING 2025-07-20 12:57:28,217 basehttp 213 "GET /static/js/axios.min.map HTTP/1.1" 404 1862
INFO 2025-07-20 12:57:31,507 basehttp 213 "GET / HTTP/1.1" 200 11844
WARNING 2025-07-20 12:57:31,530 log 253 Not Found: /.well-known/appspecific/com.chrome.devtools.json
WARNING 2025-07-20 12:57:31,530 basehttp 213 "GET /.well-known/appspecific/com.chrome.devtools.json HTTP/1.1" 404 4544
WARNING 2025-07-20 12:57:31,563 basehttp 213 "GET /static/js/axios.min.map HTTP/1.1" 404 1862
INFO 2025-07-20 12:58:11,469 autoreload 667 Watching for file changes with StatReloader
INFO 2025-07-20 12:58:13,121 basehttp 213 "GET / HTTP/1.1" 200 11844
WARNING 2025-07-20 12:58:13,205 log 253 Not Found: /favicon.ico
WARNING 2025-07-20 12:58:13,205 basehttp 213 "GET /favicon.ico HTTP/1.1" 404 4433
WARNING 2025-07-20 12:58:33,208 log 253 Not Found: /.well-known/appspecific/com.chrome.devtools.json
WARNING 2025-07-20 12:58:33,208 basehttp 213 "GET /.well-known/appspecific/com.chrome.devtools.json HTTP/1.1" 404 4544
WARNING 2025-07-20 12:58:33,240 basehttp 213 "GET /static/js/axios.min.map HTTP/1.1" 404 1862
WARNING 2025-07-20 12:58:38,029 log 253 Not Found: /favicon.ico
WARNING 2025-07-20 12:58:38,029 basehttp 213 "GET /favicon.ico HTTP/1.1" 404 4433
INFO 2025-07-20 12:59:57,652 basehttp 213 "GET / HTTP/1.1" 200 11844
WARNING 2025-07-20 12:59:57,672 log 253 Not Found: /.well-known/appspecific/com.chrome.devtools.json
WARNING 2025-07-20 12:59:57,673 basehttp 213 "GET /.well-known/appspecific/com.chrome.devtools.json HTTP/1.1" 404 4544
WARNING 2025-07-20 12:59:57,692 basehttp 213 "GET /static/js/axios.min.map HTTP/1.1" 404 1862
INFO 2025-07-20 13:00:24,128 basehttp 213 "GET / HTTP/1.1" 200 11844
INFO 2025-07-20 13:00:24,223 basehttp 213 "GET /static/bootstrap/css/bootstrap.min.css HTTP/1.1" 200 140942
INFO 2025-07-20 13:00:24,225 basehttp 213 "GET /static/md_css/monokai.css HTTP/1.1" 200 4118
INFO 2025-07-20 13:00:24,227 basehttp 213 "GET /static/common/common.css HTTP/1.1" 200 381
INFO 2025-07-20 13:00:24,228 basehttp 213 "GET /static/common/jquery.pagination.css HTTP/1.1" 200 523
INFO 2025-07-20 13:00:24,229 basehttp 213 "GET /static/js/vue-2.5.16.js HTTP/1.1" 200 289307
INFO 2025-07-20 13:00:24,230 basehttp 213 "GET /static/js/axios-0.18.0.min.js HTTP/1.1" 200 12941
INFO 2025-07-20 13:00:24,231 basehttp 213 "GET /static/js/jquery-1.12.4.min.js HTTP/1.1" 200 97163
INFO 2025-07-20 13:00:24,237 basehttp 213 "GET /static/img/1.jpg HTTP/1.1" 200 78682
INFO 2025-07-20 13:00:24,237 basehttp 213 "GET /static/js/host.js HTTP/1.1" 200 35
WARNING 2025-07-20 13:00:24,240 log 253 Not Found: /.well-known/appspecific/com.chrome.devtools.json
WARNING 2025-07-20 13:00:24,241 basehttp 213 "GET /.well-known/appspecific/com.chrome.devtools.json HTTP/1.1" 404 4544
INFO 2025-07-20 13:00:26,954 basehttp 213 "GET /static/js/common.js HTTP/1.1" 200 891
INFO 2025-07-20 13:00:26,958 basehttp 213 "GET /static/js/index.js HTTP/1.1" 200 530
INFO 2025-07-20 13:00:26,958 basehttp 213 "GET /static/js/jquery.pagination.min.js HTTP/1.1" 200 2935
WARNING 2025-07-20 13:00:27,017 basehttp 213 "GET /static/js/axios.min.map HTTP/1.1" 404 1862
WARNING 2025-07-20 13:00:27,728 log 253 Not Found: /favicon.ico
WARNING 2025-07-20 13:00:27,728 basehttp 213 "GET /favicon.ico HTTP/1.1" 404 4433
INFO 2025-07-20 13:01:55,423 basehttp 213 "GET / HTTP/1.1" 200 11844
WARNING 2025-07-20 13:01:55,443 log 253 Not Found: /.well-known/appspecific/com.chrome.devtools.json
WARNING 2025-07-20 13:01:55,447 basehttp 213 "GET /.well-known/appspecific/com.chrome.devtools.json HTTP/1.1" 404 4544
WARNING 2025-07-20 13:01:55,455 basehttp 213 "GET /static/js/axios.min.map HTTP/1.1" 404 1862
INFO 2025-07-20 13:02:55,682 autoreload 667 Watching for file changes with StatReloader
INFO 2025-07-20 13:02:57,854 basehttp 213 "GET / HTTP/1.1" 200 11844
WARNING 2025-07-20 13:02:57,980 log 253 Not Found: /favicon.ico
WARNING 2025-07-20 13:02:57,981 basehttp 213 "GET /favicon.ico HTTP/1.1" 404 4433
INFO 2025-07-20 13:03:01,994 basehttp 213 "GET /login/ HTTP/1.1" 200 3199
INFO 2025-07-20 13:03:06,668 basehttp 213 "GET /register/ HTTP/1.1" 200 5328
INFO 2025-07-20 13:03:06,794 basehttp 213 "GET /static/js/register.js HTTP/1.1" 200 6407
INFO 2025-07-20 13:03:06,818 basehttp 213 "GET /imagecode/?uuid=458cd0a8-0a6a-43f5-8cff-67ef251ce94f HTTP/1.1" 200 3271
INFO 2025-07-20 13:03:32,093 views 123 2686
INFO 2025-07-20 13:03:32,311 basehttp 213 "GET /smscode/?mobile=18162429195&image_code=p6gd&uuid=458cd0a8-0a6a-43f5-8cff-67ef251ce94f HTTP/1.1" 200 63
INFO 2025-07-20 13:03:36,692 basehttp 213 "POST /register/ HTTP/1.1" 302 0
INFO 2025-07-20 13:03:36,696 basehttp 213 "GET / HTTP/1.1" 200 11844
INFO 2025-07-20 13:03:43,973 basehttp 213 "GET /center/ HTTP/1.1" 200 4288
INFO 2025-07-20 13:03:43,997 basehttp 213 "GET /static/js/center.js HTTP/1.1" 200 522
INFO 2025-07-20 13:03:43,999 basehttp 213 "GET /static/img/mei.png HTTP/1.1" 200 230847
INFO 2025-07-20 13:06:08,394 autoreload 265 D:\PythonCode\pythonProject4\7.8newBlog\blog\users\views.py changed, reloading.
INFO 2025-07-20 13:06:08,992 autoreload 667 Watching for file changes with StatReloader
INFO 2025-07-20 13:06:15,403 autoreload 265 D:\PythonCode\pythonProject4\7.8newBlog\blog\users\views.py changed, reloading.
INFO 2025-07-20 13:06:16,020 autoreload 667 Watching for file changes with StatReloader
INFO 2025-07-20 13:06:18,918 autoreload 667 Watching for file changes with StatReloader
INFO 2025-07-20 13:06:21,118 basehttp 213 "GET / HTTP/1.1" 200 11844
INFO 2025-07-20 13:06:24,163 basehttp 213 "GET /center/ HTTP/1.1" 200 4312
INFO 2025-07-20 13:06:24,272 basehttp 213 "GET /media/avatar/20250720/JAYCHOU_y3Bc950.jpg HTTP/1.1" 200 113185
INFO 2025-07-20 13:06:34,436 basehttp 213 "POST /center/ HTTP/1.1" 302 0
INFO 2025-07-20 13:06:34,442 basehttp 213 "GET /center/ HTTP/1.1" 200 4324
INFO 2025-07-20 13:06:34,461 basehttp 213 "GET /media/avatar/20250720/JAYCHOU_y3Bc950.jpg HTTP/1.1" 304 0
INFO 2025-07-20 13:07:19,250 basehttp 213 "POST /center/ HTTP/1.1" 302 0
INFO 2025-07-20 13:07:19,272 basehttp 213 "GET /center/ HTTP/1.1" 200 4312
INFO 2025-07-20 13:07:19,290 basehttp 213 "GET /media/avatar/20250720/JAYCHOU_y3Bc950.jpg HTTP/1.1" 304 0
INFO 2025-07-20 13:14:51,408 basehttp 213 "GET /center/ HTTP/1.1" 200 4307
INFO 2025-07-20 13:15:04,157 basehttp 213 "POST /center/ HTTP/1.1" 302 0
INFO 2025-07-20 13:15:04,186 basehttp 213 "GET /center/ HTTP/1.1" 200 4316
INFO 2025-07-20 13:15:16,292 basehttp 213 "POST /center/ HTTP/1.1" 302 0
INFO 2025-07-20 13:15:16,320 basehttp 213 "GET /center/ HTTP/1.1" 200 4334
INFO 2025-07-20 13:15:16,462 basehttp 213 "POST /center/ HTTP/1.1" 302 0
INFO 2025-07-20 13:15:16,491 basehttp 213 "GET /center/ HTTP/1.1" 200 4370
INFO 2025-07-20 13:15:16,742 basehttp 213 "POST /center/ HTTP/1.1" 302 0
INFO 2025-07-20 13:15:16,771 basehttp 213 "GET /center/ HTTP/1.1" 200 4442
INFO 2025-07-20 13:15:17,473 basehttp 213 "POST /center/ HTTP/1.1" 302 0
INFO 2025-07-20 13:15:17,505 basehttp 213 "GET /center/ HTTP/1.1" 200 4586
ERROR 2025-07-20 13:15:17,660 views 269 (1406, "Data too long for column 'username' at row 1")
WARNING 2025-07-20 13:15:17,662 log 253 Bad Request: /center/
WARNING 2025-07-20 13:15:17,663 basehttp 213 "POST /center/ HTTP/1.1" 400 28
INFO 2025-07-20 13:15:34,483 autoreload 265 D:\PythonCode\pythonProject4\7.8newBlog\blog\users\views.py changed, reloading.
INFO 2025-07-20 13:15:35,119 autoreload 667 Watching for file changes with StatReloader
INFO 2025-07-20 13:15:40,397 basehttp 213 "GET / HTTP/1.1" 200 11844
WARNING 2025-07-20 13:15:40,496 log 253 Not Found: /favicon.ico
WARNING 2025-07-20 13:15:40,497 basehttp 213 "GET /favicon.ico HTTP/1.1" 404 4433
INFO 2025-07-20 13:15:45,184 basehttp 213 "GET /center/ HTTP/1.1" 200 4586
ERROR 2025-07-20 13:15:51,882 log 253 Internal Server Error: /center/
Traceback (most recent call last):
  File "D:\anaconda3\envs\BYSJ\Lib\site-packages\django\core\handlers\exception.py", line 55, in inner
    response = get_response(request)
               ^^^^^^^^^^^^^^^^^^^^^
  File "D:\anaconda3\envs\BYSJ\Lib\site-packages\django\core\handlers\base.py", line 197, in _get_response
    response = wrapped_callback(request, *callback_args, **callback_kwargs)
               ^^^^^^^^^^^^^^^^^^^^^^^^^^^^^^^^^^^^^^^^^^^^^^^^^^^^^^^^^^^^
  File "D:\anaconda3\envs\BYSJ\Lib\site-packages\django\views\generic\base.py", line 105, in view
    return self.dispatch(request, *args, **kwargs)
           ^^^^^^^^^^^^^^^^^^^^^^^^^^^^^^^^^^^^^^^
  File "D:\anaconda3\envs\BYSJ\Lib\site-packages\django\contrib\auth\mixins.py", line 73, in dispatch
    return super().dispatch(request, *args, **kwargs)
           ^^^^^^^^^^^^^^^^^^^^^^^^^^^^^^^^^^^^^^^^^^
  File "D:\anaconda3\envs\BYSJ\Lib\site-packages\django\views\generic\base.py", line 144, in dispatch
    return handler(request, *args, **kwargs)
           ^^^^^^^^^^^^^^^^^^^^^^^^^^^^^^^^^
  File "D:\PythonCode\pythonProject4\7.8newBlog\blog\users\views.py", line 258, in post
    username = request.POST.get('username',request.user.username).decode("latin1")
               ^^^^^^^^^^^^^^^^^^^^^^^^^^^^^^^^^^^^^^^^^^^^^^^^^^^^^^^^^
AttributeError: 'str' object has no attribute 'decode'
ERROR 2025-07-20 13:15:51,883 basehttp 213 "POST /center/ HTTP/1.1" 500 91617
INFO 2025-07-20 13:16:08,181 autoreload 265 D:\PythonCode\pythonProject4\7.8newBlog\blog\users\views.py changed, reloading.
INFO 2025-07-20 13:16:08,765 autoreload 667 Watching for file changes with StatReloader
ERROR 2025-07-20 13:16:09,623 log 253 Internal Server Error: /center/
Traceback (most recent call last):
  File "D:\anaconda3\envs\BYSJ\Lib\site-packages\django\core\handlers\exception.py", line 55, in inner
    response = get_response(request)
               ^^^^^^^^^^^^^^^^^^^^^
  File "D:\anaconda3\envs\BYSJ\Lib\site-packages\django\core\handlers\base.py", line 197, in _get_response
    response = wrapped_callback(request, *callback_args, **callback_kwargs)
               ^^^^^^^^^^^^^^^^^^^^^^^^^^^^^^^^^^^^^^^^^^^^^^^^^^^^^^^^^^^^
  File "D:\anaconda3\envs\BYSJ\Lib\site-packages\django\views\generic\base.py", line 105, in view
    return self.dispatch(request, *args, **kwargs)
           ^^^^^^^^^^^^^^^^^^^^^^^^^^^^^^^^^^^^^^^
  File "D:\anaconda3\envs\BYSJ\Lib\site-packages\django\contrib\auth\mixins.py", line 73, in dispatch
    return super().dispatch(request, *args, **kwargs)
           ^^^^^^^^^^^^^^^^^^^^^^^^^^^^^^^^^^^^^^^^^^
  File "D:\anaconda3\envs\BYSJ\Lib\site-packages\django\views\generic\base.py", line 144, in dispatch
    return handler(request, *args, **kwargs)
           ^^^^^^^^^^^^^^^^^^^^^^^^^^^^^^^^^
  File "D:\PythonCode\pythonProject4\7.8newBlog\blog\users\views.py", line 259, in post
    user_desc = request.POST.get('user_desc',request.user.user_desc).decode("latin1")
                ^^^^^^^^^^^^^^^^^^^^^^^^^^^^^^^^^^^^^^^^^^^^^^^^^^^^^^^^^^^
AttributeError: 'str' object has no attribute 'decode'
ERROR 2025-07-20 13:16:09,625 basehttp 213 "POST /center/ HTTP/1.1" 500 91754
INFO 2025-07-20 13:16:15,169 autoreload 265 D:\PythonCode\pythonProject4\7.8newBlog\blog\users\views.py changed, reloading.
INFO 2025-07-20 13:16:15,755 autoreload 667 Watching for file changes with StatReloader
INFO 2025-07-20 13:16:18,048 basehttp 213 "GET / HTTP/1.1" 200 11844
WARNING 2025-07-20 13:16:18,156 log 253 Not Found: /favicon.ico
WARNING 2025-07-20 13:16:18,156 basehttp 213 "GET /favicon.ico HTTP/1.1" 404 4433
INFO 2025-07-20 13:16:26,176 basehttp 213 "GET /center/ HTTP/1.1" 200 4586
INFO 2025-07-20 13:33:40,352 autoreload 265 D:\PythonCode\pythonProject4\7.8newBlog\blog\users\views.py changed, reloading.
INFO 2025-07-20 13:33:40,942 autoreload 667 Watching for file changes with StatReloader
INFO 2025-07-20 13:34:19,851 autoreload 265 D:\PythonCode\pythonProject4\7.8newBlog\blog\users\views.py changed, reloading.
INFO 2025-07-20 13:34:20,405 autoreload 667 Watching for file changes with StatReloader
INFO 2025-07-20 13:34:39,886 basehttp 213 "GET / HTTP/1.1" 200 11844
INFO 2025-07-20 13:34:44,096 basehttp 213 "GET /center/ HTTP/1.1" 200 4304
ERROR 2025-07-20 13:35:00,362 log 253 Internal Server Error: /center/
Traceback (most recent call last):
  File "D:\anaconda3\envs\BYSJ\Lib\site-packages\django\core\handlers\exception.py", line 55, in inner
    response = get_response(request)
               ^^^^^^^^^^^^^^^^^^^^^
  File "D:\anaconda3\envs\BYSJ\Lib\site-packages\django\core\handlers\base.py", line 197, in _get_response
    response = wrapped_callback(request, *callback_args, **callback_kwargs)
               ^^^^^^^^^^^^^^^^^^^^^^^^^^^^^^^^^^^^^^^^^^^^^^^^^^^^^^^^^^^^
  File "D:\anaconda3\envs\BYSJ\Lib\site-packages\django\views\generic\base.py", line 105, in view
    return self.dispatch(request, *args, **kwargs)
           ^^^^^^^^^^^^^^^^^^^^^^^^^^^^^^^^^^^^^^^
  File "D:\anaconda3\envs\BYSJ\Lib\site-packages\django\contrib\auth\mixins.py", line 73, in dispatch
    return super().dispatch(request, *args, **kwargs)
           ^^^^^^^^^^^^^^^^^^^^^^^^^^^^^^^^^^^^^^^^^^
  File "D:\anaconda3\envs\BYSJ\Lib\site-packages\django\views\generic\base.py", line 144, in dispatch
    return handler(request, *args, **kwargs)
           ^^^^^^^^^^^^^^^^^^^^^^^^^^^^^^^^^
  File "D:\PythonCode\pythonProject4\7.8newBlog\blog\users\views.py", line 259, in post
    username = request.POST.get('username',request.user.username).encoding('utf-8')
               ^^^^^^^^^^^^^^^^^^^^^^^^^^^^^^^^^^^^^^^^^^^^^^^^^^^^^^^^^^^
AttributeError: 'str' object has no attribute 'encoding'
ERROR 2025-07-20 13:35:00,363 basehttp 213 "POST /center/ HTTP/1.1" 500 91621
INFO 2025-07-20 13:35:11,800 autoreload 265 D:\PythonCode\pythonProject4\7.8newBlog\blog\users\views.py changed, reloading.
INFO 2025-07-20 13:35:12,392 autoreload 667 Watching for file changes with StatReloader
INFO 2025-07-20 13:35:14,201 basehttp 213 "GET / HTTP/1.1" 200 11844
INFO 2025-07-20 13:35:16,110 basehttp 213 "GET /center/ HTTP/1.1" 200 4304
INFO 2025-07-20 13:35:23,339 basehttp 213 "POST /center/ HTTP/1.1" 302 0
INFO 2025-07-20 13:35:23,365 basehttp 213 "GET /center/ HTTP/1.1" 200 4333
INFO 2025-07-20 13:36:09,803 basehttp 213 "POST /center/ HTTP/1.1" 302 0
INFO 2025-07-20 13:36:09,831 basehttp 213 "GET /center/ HTTP/1.1" 200 4385
INFO 2025-07-20 13:36:12,655 basehttp 213 "GET /center/ HTTP/1.1" 200 4385
INFO 2025-07-20 13:36:21,597 basehttp 213 "POST /center/ HTTP/1.1" 302 0
INFO 2025-07-20 13:36:21,626 basehttp 213 "GET /center/ HTTP/1.1" 200 4359
INFO 2025-07-20 13:36:27,098 basehttp 213 "POST /center/ HTTP/1.1" 302 0
INFO 2025-07-20 13:36:27,127 basehttp 213 "GET /center/ HTTP/1.1" 200 4395
INFO 2025-07-20 13:36:36,193 autoreload 265 D:\PythonCode\pythonProject4\7.8newBlog\blog\users\views.py changed, reloading.
INFO 2025-07-20 13:36:36,751 autoreload 667 Watching for file changes with StatReloader
INFO 2025-07-20 13:36:38,808 basehttp 213 "GET /center/ HTTP/1.1" 200 4395
INFO 2025-07-20 13:36:48,263 basehttp 213 "POST /center/ HTTP/1.1" 302 0
INFO 2025-07-20 13:36:48,270 basehttp 213 "GET /center/ HTTP/1.1" 200 4422
INFO 2025-07-20 13:37:02,549 autoreload 265 D:\PythonCode\pythonProject4\7.8newBlog\blog\users\views.py changed, reloading.
INFO 2025-07-20 13:37:03,087 autoreload 667 Watching for file changes with StatReloader
INFO 2025-07-20 13:37:10,064 basehttp 213 "GET /center/ HTTP/1.1" 200 4391
INFO 2025-07-20 13:40:04,554 autoreload 265 D:\PythonCode\pythonProject4\7.8newBlog\blog\users\views.py changed, reloading.
INFO 2025-07-20 13:40:05,136 autoreload 667 Watching for file changes with StatReloader
INFO 2025-07-20 13:40:10,251 autoreload 667 Watching for file changes with StatReloader
INFO 2025-07-20 13:40:12,683 basehttp 213 "GET / HTTP/1.1" 200 11844
WARNING 2025-07-20 13:40:14,242 log 253 Not Found: /write_blog.html
WARNING 2025-07-20 13:40:14,243 basehttp 213 "GET /write_blog.html HTTP/1.1" 404 4445
INFO 2025-07-20 13:40:16,879 basehttp 213 "GET /center/ HTTP/1.1" 200 4391
ERROR 2025-07-20 13:40:23,102 log 253 Internal Server Error: /center/
Traceback (most recent call last):
  File "D:\anaconda3\envs\BYSJ\Lib\site-packages\django\core\handlers\exception.py", line 55, in inner
    response = get_response(request)
               ^^^^^^^^^^^^^^^^^^^^^
  File "D:\anaconda3\envs\BYSJ\Lib\site-packages\django\core\handlers\base.py", line 197, in _get_response
    response = wrapped_callback(request, *callback_args, **callback_kwargs)
               ^^^^^^^^^^^^^^^^^^^^^^^^^^^^^^^^^^^^^^^^^^^^^^^^^^^^^^^^^^^^
  File "D:\anaconda3\envs\BYSJ\Lib\site-packages\django\views\generic\base.py", line 105, in view
    return self.dispatch(request, *args, **kwargs)
           ^^^^^^^^^^^^^^^^^^^^^^^^^^^^^^^^^^^^^^^
  File "D:\anaconda3\envs\BYSJ\Lib\site-packages\django\contrib\auth\mixins.py", line 73, in dispatch
    return super().dispatch(request, *args, **kwargs)
           ^^^^^^^^^^^^^^^^^^^^^^^^^^^^^^^^^^^^^^^^^^
  File "D:\anaconda3\envs\BYSJ\Lib\site-packages\django\views\generic\base.py", line 144, in dispatch
    return handler(request, *args, **kwargs)
           ^^^^^^^^^^^^^^^^^^^^^^^^^^^^^^^^^
  File "D:\PythonCode\pythonProject4\7.8newBlog\blog\users\views.py", line 275, in post
    response.set_cookie('username',username.encode('utf-8'),request.user.username,max_age=14*24*3600)
TypeError: HttpResponseBase.set_cookie() got multiple values for argument 'max_age'
ERROR 2025-07-20 13:40:23,103 basehttp 213 "POST /center/ HTTP/1.1" 500 91598
INFO 2025-07-20 13:41:42,383 autoreload 265 D:\PythonCode\pythonProject4\7.8newBlog\blog\users\views.py changed, reloading.
INFO 2025-07-20 13:41:42,917 autoreload 667 Watching for file changes with StatReloader
INFO 2025-07-20 13:41:48,317 autoreload 265 D:\PythonCode\pythonProject4\7.8newBlog\blog\users\views.py changed, reloading.
INFO 2025-07-20 13:41:48,858 autoreload 667 Watching for file changes with StatReloader
INFO 2025-07-20 13:42:10,889 autoreload 667 Watching for file changes with StatReloader
INFO 2025-07-20 13:42:12,439 basehttp 213 "GET / HTTP/1.1" 200 11844
WARNING 2025-07-20 13:42:13,836 log 253 Not Found: /write_blog.html
WARNING 2025-07-20 13:42:13,836 basehttp 213 "GET /write_blog.html HTTP/1.1" 404 4445
INFO 2025-07-20 13:42:16,710 basehttp 213 "GET /center/ HTTP/1.1" 200 4391
INFO 2025-07-20 13:42:21,913 basehttp 213 "POST /center/ HTTP/1.1" 302 0
INFO 2025-07-20 13:42:21,940 basehttp 213 "GET /center/ HTTP/1.1" 200 4391
INFO 2025-07-20 13:42:35,019 basehttp 213 "GET /center/ HTTP/1.1" 200 4391
INFO 2025-07-20 13:42:35,629 basehttp 213 "GET /center/ HTTP/1.1" 200 4391
INFO 2025-07-20 13:42:36,001 basehttp 213 "GET /center/ HTTP/1.1" 200 4391
INFO 2025-07-20 13:42:41,819 basehttp 213 "POST /center/ HTTP/1.1" 302 0
INFO 2025-07-20 13:42:41,826 basehttp 213 "GET /center/ HTTP/1.1" 200 4391
INFO 2025-07-20 13:42:49,540 basehttp 213 "GET /logout/ HTTP/1.1" 302 0
INFO 2025-07-20 13:42:49,543 basehttp 213 "GET / HTTP/1.1" 200 11844
INFO 2025-07-20 13:42:50,377 basehttp 213 "GET /login/ HTTP/1.1" 200 3199
INFO 2025-07-20 13:44:13,392 autoreload 265 D:\PythonCode\pythonProject4\7.8newBlog\blog\users\views.py changed, reloading.
INFO 2025-07-20 13:44:13,960 autoreload 667 Watching for file changes with StatReloader
INFO 2025-07-20 13:45:01,990 autoreload 265 D:\PythonCode\pythonProject4\7.8newBlog\blog\users\views.py changed, reloading.
INFO 2025-07-20 13:45:02,565 autoreload 667 Watching for file changes with StatReloader
INFO 2025-07-20 13:45:41,457 autoreload 265 D:\PythonCode\pythonProject4\7.8newBlog\blog\users\views.py changed, reloading.
INFO 2025-07-20 13:45:42,014 autoreload 667 Watching for file changes with StatReloader
INFO 2025-07-20 13:45:43,904 autoreload 667 Watching for file changes with StatReloader
INFO 2025-07-20 13:45:45,580 basehttp 213 "GET / HTTP/1.1" 200 11844
INFO 2025-07-20 13:45:46,655 basehttp 213 "GET /login/ HTTP/1.1" 200 3199
INFO 2025-07-20 13:46:13,723 autoreload 667 Watching for file changes with StatReloader
INFO 2025-07-20 13:46:14,121 basehttp 213 "POST /login/ HTTP/1.1" 302 0
INFO 2025-07-20 13:46:14,128 basehttp 213 "GET / HTTP/1.1" 200 11844
INFO 2025-07-20 13:46:15,153 basehttp 213 "GET / HTTP/1.1" 200 11844
INFO 2025-07-20 13:46:16,936 basehttp 213 "GET /center/ HTTP/1.1" 200 4396
INFO 2025-07-20 13:46:30,575 basehttp 213 "POST /center/ HTTP/1.1" 302 0
INFO 2025-07-20 13:46:30,602 basehttp 213 "GET /center/ HTTP/1.1" 200 4395
INFO 2025-07-20 13:47:36,750 basehttp 213 "POST /center/ HTTP/1.1" 302 0
INFO 2025-07-20 13:47:36,780 basehttp 213 "GET /center/ HTTP/1.1" 200 4395
INFO 2025-07-20 13:47:42,269 basehttp 213 "GET /center/ HTTP/1.1" 200 4395
INFO 2025-07-20 13:47:50,182 basehttp 213 "POST /center/ HTTP/1.1" 302 0
INFO 2025-07-20 13:47:50,211 basehttp 213 "GET /center/ HTTP/1.1" 200 4395
INFO 2025-07-20 13:49:27,048 autoreload 265 D:\PythonCode\pythonProject4\7.8newBlog\blog\users\views.py changed, reloading.
INFO 2025-07-20 13:49:27,586 autoreload 667 Watching for file changes with StatReloader
INFO 2025-07-20 13:50:29,788 autoreload 667 Watching for file changes with StatReloader
INFO 2025-07-20 13:50:31,488 basehttp 213 "GET / HTTP/1.1" 200 11844
INFO 2025-07-20 13:50:33,731 basehttp 213 "GET /center/ HTTP/1.1" 200 4395
INFO 2025-07-20 13:50:51,490 basehttp 213 "POST /center/ HTTP/1.1" 302 0
INFO 2025-07-20 13:50:51,516 basehttp 213 "GET /center/ HTTP/1.1" 200 4312
INFO 2025-07-20 13:51:00,637 basehttp 213 "POST /center/ HTTP/1.1" 302 0
INFO 2025-07-20 13:51:00,667 basehttp 213 "GET /center/ HTTP/1.1" 200 4312
INFO 2025-07-20 13:51:04,317 basehttp 213 "GET /center/ HTTP/1.1" 200 4312
INFO 2025-07-20 13:51:09,636 basehttp 213 "POST /center/ HTTP/1.1" 302 0
INFO 2025-07-20 13:51:09,666 basehttp 213 "GET /center/ HTTP/1.1" 200 4308
INFO 2025-07-20 13:51:11,184 basehttp 213 "GET /center/ HTTP/1.1" 200 4308
INFO 2025-07-20 13:52:14,895 autoreload 265 D:\PythonCode\pythonProject4\7.8newBlog\blog\blog\settings.py changed, reloading.
INFO 2025-07-20 13:52:15,457 autoreload 667 Watching for file changes with StatReloader
INFO 2025-07-20 13:52:20,777 autoreload 667 Watching for file changes with StatReloader
WARNING 2025-07-20 13:52:31,489 log 253 Not Found: /center/\u201c/center/"
WARNING 2025-07-20 13:52:31,490 basehttp 213 "GET /center/%E2%80%9C/center/%22 HTTP/1.1" 404 4475
INFO 2025-07-20 13:52:40,124 basehttp 213 "GET / HTTP/1.1" 200 11844
INFO 2025-07-20 13:52:41,719 basehttp 213 "GET /center/ HTTP/1.1" 200 4308
INFO 2025-07-20 13:53:05,898 basehttp 213 "POST /center/ HTTP/1.1" 302 0
INFO 2025-07-20 13:53:05,928 basehttp 213 "GET /center/ HTTP/1.1" 200 4318
INFO 2025-07-20 13:53:08,024 basehttp 213 "GET /center/ HTTP/1.1" 200 4318
INFO 2025-07-20 13:53:15,403 basehttp 213 "POST /center/ HTTP/1.1" 302 0
INFO 2025-07-20 13:53:15,433 basehttp 213 "GET /center/ HTTP/1.1" 200 4318
INFO 2025-07-20 13:53:16,541 basehttp 213 "GET /center/ HTTP/1.1" 200 4318
INFO 2025-07-20 13:57:17,518 autoreload 667 Watching for file changes with StatReloader
INFO 2025-07-20 13:57:23,070 basehttp 213 "GET / HTTP/1.1" 200 11844
WARNING 2025-07-20 13:57:24,337 log 253 Not Found: /write_blog.html
WARNING 2025-07-20 13:57:24,337 basehttp 213 "GET /write_blog.html HTTP/1.1" 404 4706
WARNING 2025-07-20 13:57:55,946 log 253 Not Found: /write_blog
WARNING 2025-07-20 13:57:55,946 basehttp 213 "GET /write_blog HTTP/1.1" 404 4691
INFO 2025-07-20 13:58:05,281 basehttp 213 "GET /writeblog HTTP/1.1" 301 0
ERROR 2025-07-20 13:58:05,319 log 253 Internal Server Error: /writeblog/
Traceback (most recent call last):
  File "D:\anaconda3\envs\BYSJ\Lib\site-packages\django\core\handlers\exception.py", line 55, in inner
    response = get_response(request)
               ^^^^^^^^^^^^^^^^^^^^^
  File "D:\anaconda3\envs\BYSJ\Lib\site-packages\django\core\handlers\base.py", line 197, in _get_response
    response = wrapped_callback(request, *callback_args, **callback_kwargs)
               ^^^^^^^^^^^^^^^^^^^^^^^^^^^^^^^^^^^^^^^^^^^^^^^^^^^^^^^^^^^^
  File "D:\anaconda3\envs\BYSJ\Lib\site-packages\django\views\generic\base.py", line 105, in view
    return self.dispatch(request, *args, **kwargs)
           ^^^^^^^^^^^^^^^^^^^^^^^^^^^^^^^^^^^^^^^
  File "D:\anaconda3\envs\BYSJ\Lib\site-packages\django\views\generic\base.py", line 144, in dispatch
    return handler(request, *args, **kwargs)
           ^^^^^^^^^^^^^^^^^^^^^^^^^^^^^^^^^
  File "D:\PythonCode\pythonProject4\7.8newBlog\blog\users\views.py", line 285, in get
    return render(request, 'write_blog.html', context=context)
                                                      ^^^^^^^
NameError: name 'context' is not defined
ERROR 2025-07-20 13:58:05,321 basehttp 213 "GET /writeblog/ HTTP/1.1" 500 83859
INFO 2025-07-20 13:58:21,140 autoreload 265 D:\PythonCode\pythonProject4\7.8newBlog\blog\users\views.py changed, reloading.
INFO 2025-07-20 13:58:21,713 autoreload 667 Watching for file changes with StatReloader
INFO 2025-07-20 13:58:22,957 basehttp 213 "GET /writeblog/ HTTP/1.1" 200 5598
WARNING 2025-07-20 13:58:22,968 log 253 Not Found: /writeblog/bootstrap/css/bootstrap.min.css
WARNING 2025-07-20 13:58:22,968 log 253 Not Found: /writeblog/md_css/monokai.css
WARNING 2025-07-20 13:58:22,969 basehttp 213 "GET /writeblog/bootstrap/css/bootstrap.min.css HTTP/1.1" 404 4784
WARNING 2025-07-20 13:58:22,969 basehttp 213 "GET /writeblog/md_css/monokai.css HTTP/1.1" 404 4745
WARNING 2025-07-20 13:58:22,972 log 253 Not Found: /writeblog/js/vue-2.5.16.js
WARNING 2025-07-20 13:58:22,975 log 253 Not Found: /writeblog/js/axios-0.18.0.min.js
WARNING 2025-07-20 13:58:22,976 basehttp 213 "GET /writeblog/js/vue-2.5.16.js HTTP/1.1" 404 4739
WARNING 2025-07-20 13:58:22,976 basehttp 213 "GET /writeblog/js/axios-0.18.0.min.js HTTP/1.1" 404 4757
WARNING 2025-07-20 13:58:22,979 log 253 Not Found: /writeblog/ckeditor/ckeditor/ckeditor.js
WARNING 2025-07-20 13:58:22,981 log 253 Not Found: /writeblog/ckeditor/ckeditor-init.js
WARNING 2025-07-20 13:58:22,981 basehttp 213 "GET /writeblog/ckeditor/ckeditor/ckeditor.js HTTP/1.1" 404 4778
WARNING 2025-07-20 13:58:22,982 basehttp 213 "GET /writeblog/ckeditor/ckeditor-init.js HTTP/1.1" 404 4766
WARNING 2025-07-20 13:58:22,985 log 253 Not Found: /writeblog/js/host.js
WARNING 2025-07-20 13:58:22,987 log 253 Not Found: /writeblog/js/common.js
WARNING 2025-07-20 13:58:22,987 basehttp 213 "GET /writeblog/js/host.js HTTP/1.1" 404 4721
WARNING 2025-07-20 13:58:22,988 basehttp 213 "GET /writeblog/js/common.js HTTP/1.1" 404 4727
WARNING 2025-07-20 13:58:22,991 log 253 Not Found: /writeblog/js/write_blog.js
WARNING 2025-07-20 13:58:22,991 basehttp 213 "GET /writeblog/js/write_blog.js HTTP/1.1" 404 4739
ERROR 2025-07-20 14:03:29,532 log 253 Internal Server Error: /writeblog/
Traceback (most recent call last):
  File "D:\anaconda3\envs\BYSJ\Lib\site-packages\django\template\base.py", line 510, in parse
    compile_func = self.tags[command]
                   ~~~~~~~~~^^^^^^^^^
KeyError: 'static'

During handling of the above exception, another exception occurred:

Traceback (most recent call last):
  File "D:\anaconda3\envs\BYSJ\Lib\site-packages\django\core\handlers\exception.py", line 55, in inner
    response = get_response(request)
               ^^^^^^^^^^^^^^^^^^^^^
  File "D:\anaconda3\envs\BYSJ\Lib\site-packages\django\core\handlers\base.py", line 197, in _get_response
    response = wrapped_callback(request, *callback_args, **callback_kwargs)
               ^^^^^^^^^^^^^^^^^^^^^^^^^^^^^^^^^^^^^^^^^^^^^^^^^^^^^^^^^^^^
  File "D:\anaconda3\envs\BYSJ\Lib\site-packages\django\views\generic\base.py", line 105, in view
    return self.dispatch(request, *args, **kwargs)
           ^^^^^^^^^^^^^^^^^^^^^^^^^^^^^^^^^^^^^^^
  File "D:\anaconda3\envs\BYSJ\Lib\site-packages\django\views\generic\base.py", line 144, in dispatch
    return handler(request, *args, **kwargs)
           ^^^^^^^^^^^^^^^^^^^^^^^^^^^^^^^^^
  File "D:\PythonCode\pythonProject4\7.8newBlog\blog\users\views.py", line 285, in get
    return render(request, 'write_blog.html')
           ^^^^^^^^^^^^^^^^^^^^^^^^^^^^^^^^^^
  File "D:\anaconda3\envs\BYSJ\Lib\site-packages\django\shortcuts.py", line 25, in render
    content = loader.render_to_string(template_name, context, request, using=using)
              ^^^^^^^^^^^^^^^^^^^^^^^^^^^^^^^^^^^^^^^^^^^^^^^^^^^^^^^^^^^^^^^^^^^^^
  File "D:\anaconda3\envs\BYSJ\Lib\site-packages\django\template\loader.py", line 61, in render_to_string
    template = get_template(template_name, using=using)
               ^^^^^^^^^^^^^^^^^^^^^^^^^^^^^^^^^^^^^^^^
  File "D:\anaconda3\envs\BYSJ\Lib\site-packages\django\template\loader.py", line 15, in get_template
    return engine.get_template(template_name)
           ^^^^^^^^^^^^^^^^^^^^^^^^^^^^^^^^^^
  File "D:\anaconda3\envs\BYSJ\Lib\site-packages\django\template\backends\django.py", line 79, in get_template
    return Template(self.engine.get_template(template_name), self)
                    ^^^^^^^^^^^^^^^^^^^^^^^^^^^^^^^^^^^^^^^
  File "D:\anaconda3\envs\BYSJ\Lib\site-packages\django\template\engine.py", line 177, in get_template
    template, origin = self.find_template(template_name)
                       ^^^^^^^^^^^^^^^^^^^^^^^^^^^^^^^^^
  File "D:\anaconda3\envs\BYSJ\Lib\site-packages\django\template\engine.py", line 159, in find_template
    template = loader.get_template(name, skip=skip)
               ^^^^^^^^^^^^^^^^^^^^^^^^^^^^^^^^^^^^
  File "D:\anaconda3\envs\BYSJ\Lib\site-packages\django\template\loaders\cached.py", line 57, in get_template
    template = super().get_template(template_name, skip)
               ^^^^^^^^^^^^^^^^^^^^^^^^^^^^^^^^^^^^^^^^^
  File "D:\anaconda3\envs\BYSJ\Lib\site-packages\django\template\loaders\base.py", line 28, in get_template
    return Template(
           ^^^^^^^^^
  File "D:\anaconda3\envs\BYSJ\Lib\site-packages\django\template\base.py", line 154, in __init__
    self.nodelist = self.compile_nodelist()
                    ^^^^^^^^^^^^^^^^^^^^^^^
  File "D:\anaconda3\envs\BYSJ\Lib\site-packages\django\template\base.py", line 196, in compile_nodelist
    nodelist = parser.parse()
               ^^^^^^^^^^^^^^
  File "D:\anaconda3\envs\BYSJ\Lib\site-packages\django\template\base.py", line 512, in parse
    self.invalid_block_tag(token, command, parse_until)
  File "D:\anaconda3\envs\BYSJ\Lib\site-packages\django\template\base.py", line 577, in invalid_block_tag
    raise self.error(
django.template.exceptions.TemplateSyntaxError: Invalid block tag on line 11: 'static'. Did you forget to register or load this tag?
ERROR 2025-07-20 14:03:29,535 basehttp 213 "GET /writeblog/ HTTP/1.1" 500 170914
INFO 2025-07-20 14:04:08,611 basehttp 213 "GET /writeblog/ HTTP/1.1" 200 5620
WARNING 2025-07-20 14:04:08,623 log 253 Not Found: /writeblog/ckeditor/ckeditor-init.js
WARNING 2025-07-20 14:04:08,625 log 253 Not Found: /writeblog/ckeditor/ckeditor/ckeditor.js
WARNING 2025-07-20 14:04:08,625 basehttp 213 "GET /writeblog/ckeditor/ckeditor-init.js HTTP/1.1" 404 4766
WARNING 2025-07-20 14:04:08,625 basehttp 213 "GET /writeblog/ckeditor/ckeditor/ckeditor.js HTTP/1.1" 404 4778
WARNING 2025-07-20 14:04:08,629 log 253 Not Found: /writeblog/js/host.js
WARNING 2025-07-20 14:04:08,632 log 253 Not Found: /writeblog/js/common.js
WARNING 2025-07-20 14:04:08,632 basehttp 213 "GET /writeblog/js/host.js HTTP/1.1" 404 4721
WARNING 2025-07-20 14:04:08,632 basehttp 213 "GET /writeblog/js/common.js HTTP/1.1" 404 4727
WARNING 2025-07-20 14:04:08,635 log 253 Not Found: /writeblog/js/write_blog.js
WARNING 2025-07-20 14:04:08,635 basehttp 213 "GET /writeblog/js/write_blog.js HTTP/1.1" 404 4739
ERROR 2025-07-20 14:04:08,657 basehttp 213 "GET /static/https%3A/use.fontawesome.com/releases/v5.8.1/css/all.css HTTP/1.1" 500 59
INFO 2025-07-20 14:04:15,487 basehttp 213 "GET /writeblog/ HTTP/1.1" 200 5620
WARNING 2025-07-20 14:04:15,521 log 253 Not Found: /writeblog/js/common.js
WARNING 2025-07-20 14:04:15,523 log 253 Not Found: /writeblog/ckeditor/ckeditor-init.js
WARNING 2025-07-20 14:04:15,525 log 253 Not Found: /writeblog/js/write_blog.js
WARNING 2025-07-20 14:04:15,526 log 253 Not Found: /writeblog/js/host.js
WARNING 2025-07-20 14:04:15,528 log 253 Not Found: /writeblog/ckeditor/ckeditor/ckeditor.js
ERROR 2025-07-20 14:04:15,529 basehttp 213 "GET /static/https%3A/use.fontawesome.com/releases/v5.8.1/css/all.css HTTP/1.1" 500 59
WARNING 2025-07-20 14:04:15,529 basehttp 213 "GET /writeblog/js/common.js HTTP/1.1" 404 4727
WARNING 2025-07-20 14:04:15,529 basehttp 213 "GET /writeblog/ckeditor/ckeditor-init.js HTTP/1.1" 404 4766
WARNING 2025-07-20 14:04:15,531 basehttp 213 "GET /writeblog/js/write_blog.js HTTP/1.1" 404 4739
WARNING 2025-07-20 14:04:15,531 basehttp 213 "GET /writeblog/js/host.js HTTP/1.1" 404 4721
WARNING 2025-07-20 14:04:15,531 basehttp 213 "GET /writeblog/ckeditor/ckeditor/ckeditor.js HTTP/1.1" 404 4778
INFO 2025-07-20 14:04:45,591 basehttp 213 "GET /writeblog/ HTTP/1.1" 200 5627
WARNING 2025-07-20 14:04:45,601 log 253 Not Found: /writeblog/js/write_blog.js
WARNING 2025-07-20 14:04:45,603 log 253 Not Found: /writeblog/js/common.js
WARNING 2025-07-20 14:04:45,606 log 253 Not Found: /writeblog/js/host.js
WARNING 2025-07-20 14:04:45,609 log 253 Not Found: /writeblog/ckeditor/ckeditor-init.js
WARNING 2025-07-20 14:04:45,611 log 253 Not Found: /writeblog/ckeditor/ckeditor/ckeditor.js
ERROR 2025-07-20 14:04:45,612 basehttp 213 "GET /static/https%3A/use.fontawesome.com/releases/v5.8.1/css/all.css HTTP/1.1" 500 59
WARNING 2025-07-20 14:04:45,612 basehttp 213 "GET /writeblog/js/write_blog.js HTTP/1.1" 404 4739
WARNING 2025-07-20 14:04:45,612 basehttp 213 "GET /writeblog/js/common.js HTTP/1.1" 404 4727
WARNING 2025-07-20 14:04:45,612 basehttp 213 "GET /writeblog/js/host.js HTTP/1.1" 404 4721
WARNING 2025-07-20 14:04:45,613 basehttp 213 "GET /writeblog/ckeditor/ckeditor-init.js HTTP/1.1" 404 4766
WARNING 2025-07-20 14:04:45,613 basehttp 213 "GET /writeblog/ckeditor/ckeditor/ckeditor.js HTTP/1.1" 404 4778
INFO 2025-07-20 14:05:21,226 basehttp 213 "GET /writeblog/ HTTP/1.1" 200 5627
WARNING 2025-07-20 14:05:21,236 log 253 Not Found: /writeblog/ckeditor/ckeditor/ckeditor.js
WARNING 2025-07-20 14:05:21,236 basehttp 213 "GET /writeblog/ckeditor/ckeditor/ckeditor.js HTTP/1.1" 404 4778
ERROR 2025-07-20 14:05:21,237 basehttp 213 "GET /static/https%3A/use.fontawesome.com/releases/v5.8.1/css/all.css HTTP/1.1" 500 59
WARNING 2025-07-20 14:05:21,239 log 253 Not Found: /writeblog/ckeditor/ckeditor-init.js
WARNING 2025-07-20 14:05:21,243 log 253 Not Found: /writeblog/js/host.js
WARNING 2025-07-20 14:05:21,243 basehttp 213 "GET /writeblog/ckeditor/ckeditor-init.js HTTP/1.1" 404 4766
WARNING 2025-07-20 14:05:21,244 basehttp 213 "GET /writeblog/js/host.js HTTP/1.1" 404 4721
WARNING 2025-07-20 14:05:21,248 log 253 Not Found: /writeblog/js/common.js
WARNING 2025-07-20 14:05:21,250 log 253 Not Found: /writeblog/js/write_blog.js
WARNING 2025-07-20 14:05:21,250 basehttp 213 "GET /writeblog/js/common.js HTTP/1.1" 404 4727
WARNING 2025-07-20 14:05:21,251 basehttp 213 "GET /writeblog/js/write_blog.js HTTP/1.1" 404 4739
INFO 2025-07-20 14:07:32,349 autoreload 667 Watching for file changes with StatReloader
INFO 2025-07-20 14:07:34,207 basehttp 213 "GET / HTTP/1.1" 200 11844
INFO 2025-07-20 14:07:41,066 basehttp 213 "GET /writeblog/ HTTP/1.1" 200 5667
INFO 2025-07-20 14:07:41,275 basehttp 213 "GET /static/ckeditor/ckeditor-init.js HTTP/1.1" 200 2039
INFO 2025-07-20 14:07:41,277 basehttp 213 "GET /static/js/write_blog.js HTTP/1.1" 200 521
ERROR 2025-07-20 14:07:41,278 basehttp 213 "GET /static/https%3A/use.fontawesome.com/releases/v5.8.1/css/all.css HTTP/1.1" 500 59
INFO 2025-07-20 14:07:41,282 basehttp 213 "GET /static/ckeditor/ckeditor/ckeditor.js HTTP/1.1" 200 690627
WARNING 2025-07-20 14:07:41,306 log 253 Not Found: /writeblog/ckeditor/ckeditor/config.js
WARNING 2025-07-20 14:07:41,307 basehttp 213 "GET /writeblog/ckeditor/ckeditor/config.js?t=I3I8 HTTP/1.1" 404 4779
WARNING 2025-07-20 14:07:41,313 log 253 Not Found: /writeblog/ckeditor/ckeditor/skins/moono-lisa/editor.css
WARNING 2025-07-20 14:07:41,314 log 253 Not Found: /writeblog/ckeditor/ckeditor/lang/zh-cn.js
WARNING 2025-07-20 14:07:41,315 basehttp 213 "GET /writeblog/ckeditor/ckeditor/skins/moono-lisa/editor.css?t=I3I8 HTTP/1.1" 404 4833
WARNING 2025-07-20 14:07:41,315 basehttp 213 "GET /writeblog/ckeditor/ckeditor/lang/zh-cn.js?t=I3I8 HTTP/1.1" 404 4791
INFO 2025-07-20 14:10:29,082 autoreload 667 Watching for file changes with StatReloader
INFO 2025-07-20 14:10:31,819 basehttp 213 "GET / HTTP/1.1" 200 11844
INFO 2025-07-20 14:10:37,521 basehttp 213 "GET /center/ HTTP/1.1" 200 4318
WARNING 2025-07-20 14:10:40,199 log 253 Not Found: /center/write_blog.html
WARNING 2025-07-20 14:10:40,200 basehttp 213 "GET /center/write_blog.html HTTP/1.1" 404 4727
INFO 2025-07-20 14:11:13,352 basehttp 213 "GET /writeblog/ HTTP/1.1" 200 5657
WARNING 2025-07-20 14:11:13,390 log 253 Not Found: /writeblog/ckeditor/ckeditor/config.js
WARNING 2025-07-20 14:11:13,390 basehttp 213 "GET /writeblog/ckeditor/ckeditor/config.js?t=I3I8 HTTP/1.1" 404 4779
WARNING 2025-07-20 14:11:13,396 log 253 Not Found: /writeblog/ckeditor/ckeditor/lang/zh-cn.js
WARNING 2025-07-20 14:11:13,397 log 253 Not Found: /writeblog/ckeditor/ckeditor/skins/moono-lisa/editor.css
WARNING 2025-07-20 14:11:13,398 basehttp 213 "GET /writeblog/ckeditor/ckeditor/lang/zh-cn.js?t=I3I8 HTTP/1.1" 404 4791
WARNING 2025-07-20 14:11:13,398 basehttp 213 "GET /writeblog/ckeditor/ckeditor/skins/moono-lisa/editor.css?t=I3I8 HTTP/1.1" 404 4833
INFO 2025-07-20 14:11:15,570 basehttp 213 "GET /writeblog/ HTTP/1.1" 200 5657
WARNING 2025-07-20 14:11:15,591 log 253 Not Found: /writeblog/ckeditor/ckeditor/config.js
WARNING 2025-07-20 14:11:15,591 basehttp 213 "GET /writeblog/ckeditor/ckeditor/config.js?t=I3I8 HTTP/1.1" 404 4779
WARNING 2025-07-20 14:11:15,596 log 253 Not Found: /writeblog/ckeditor/ckeditor/lang/zh-cn.js
WARNING 2025-07-20 14:11:15,598 log 253 Not Found: /writeblog/ckeditor/ckeditor/skins/moono-lisa/editor.css
WARNING 2025-07-20 14:11:15,598 basehttp 213 "GET /writeblog/ckeditor/ckeditor/lang/zh-cn.js?t=I3I8 HTTP/1.1" 404 4791
WARNING 2025-07-20 14:11:15,598 basehttp 213 "GET /writeblog/ckeditor/ckeditor/skins/moono-lisa/editor.css?t=I3I8 HTTP/1.1" 404 4833
INFO 2025-07-20 14:11:28,637 autoreload 667 Watching for file changes with StatReloader
INFO 2025-07-20 14:11:30,110 basehttp 213 "GET / HTTP/1.1" 200 11844
WARNING 2025-07-20 14:11:30,197 log 253 Not Found: /favicon.ico
WARNING 2025-07-20 14:11:30,198 basehttp 213 "GET /favicon.ico HTTP/1.1" 404 4694
WARNING 2025-07-20 14:11:33,770 log 253 Not Found: /write_blog.html
WARNING 2025-07-20 14:11:33,771 basehttp 213 "GET /write_blog.html HTTP/1.1" 404 4706
INFO 2025-07-20 14:12:10,541 autoreload 667 Watching for file changes with StatReloader
INFO 2025-07-20 14:12:12,697 basehttp 213 "GET / HTTP/1.1" 200 11840
WARNING 2025-07-20 14:12:12,779 log 253 Not Found: /favicon.ico
WARNING 2025-07-20 14:12:12,779 basehttp 213 "GET /favicon.ico HTTP/1.1" 404 4694
INFO 2025-07-20 14:12:15,983 basehttp 213 "GET /writeblog/ HTTP/1.1" 200 5657
WARNING 2025-07-20 14:12:16,011 log 253 Not Found: /writeblog/ckeditor/ckeditor/config.js
WARNING 2025-07-20 14:12:16,012 basehttp 213 "GET /writeblog/ckeditor/ckeditor/config.js?t=I3I8 HTTP/1.1" 404 4779
WARNING 2025-07-20 14:12:16,019 log 253 Not Found: /writeblog/ckeditor/ckeditor/lang/zh-cn.js
WARNING 2025-07-20 14:12:16,021 log 253 Not Found: /writeblog/ckeditor/ckeditor/skins/moono-lisa/editor.css
WARNING 2025-07-20 14:12:16,021 basehttp 213 "GET /writeblog/ckeditor/ckeditor/lang/zh-cn.js?t=I3I8 HTTP/1.1" 404 4791
WARNING 2025-07-20 14:12:16,021 basehttp 213 "GET /writeblog/ckeditor/ckeditor/skins/moono-lisa/editor.css?t=I3I8 HTTP/1.1" 404 4833
INFO 2025-07-20 14:18:52,490 autoreload 667 Watching for file changes with StatReloader
INFO 2025-07-20 14:18:54,029 basehttp 213 "GET / HTTP/1.1" 200 11840
WARNING 2025-07-20 14:18:54,131 log 253 Not Found: /favicon.ico
WARNING 2025-07-20 14:18:54,131 basehttp 213 "GET /favicon.ico HTTP/1.1" 404 4694
INFO 2025-07-20 14:18:55,389 basehttp 213 "GET /login/ HTTP/1.1" 200 3188
INFO 2025-07-20 14:19:03,363 basehttp 213 "POST /login/ HTTP/1.1" 302 0
INFO 2025-07-20 14:19:03,369 basehttp 213 "GET / HTTP/1.1" 200 11840
INFO 2025-07-20 14:19:06,287 basehttp 213 "GET /writeblog/ HTTP/1.1" 200 5673
INFO 2025-07-20 14:19:06,564 basehttp 213 "GET /static/js/write_blog.js HTTP/1.1" 200 521
INFO 2025-07-20 14:19:06,593 basehttp 213 "GET /static/ckeditor/ckeditor-init.js HTTP/1.1" 200 2039
INFO 2025-07-20 14:19:06,595 basehttp 213 "GET /static/ckeditor/ckeditor/ckeditor.js HTTP/1.1" 200 690627
INFO 2025-07-20 14:19:06,619 basehttp 213 "GET /static/ckeditor/ckeditor/config.js?t=I3I8 HTTP/1.1" 200 338
INFO 2025-07-20 14:19:06,626 basehttp 213 "GET /static/ckeditor/ckeditor/lang/zh-cn.js?t=I3I8 HTTP/1.1" 200 18818
INFO 2025-07-20 14:19:06,626 basehttp 213 "GET /static/ckeditor/ckeditor/skins/moono-lisa/editor.css?t=I3I8 HTTP/1.1" 200 46921
INFO 2025-07-20 14:19:06,629 basehttp 213 "GET /static/ckeditor/ckeditor/styles.js?t=I3I8 HTTP/1.1" 200 5583
INFO 2025-07-20 14:19:06,633 basehttp 213 "GET /static/ckeditor/ckeditor/plugins/scayt/skins/moono-lisa/scayt.css HTTP/1.1" 200 381
INFO 2025-07-20 14:19:06,633 basehttp 213 "GET /static/ckeditor/ckeditor/plugins/tableselection/styles/tableselection.css HTTP/1.1" 200 1082
INFO 2025-07-20 14:19:06,634 basehttp 213 "GET /static/ckeditor/ckeditor/plugins/scayt/dialogs/dialog.css HTTP/1.1" 200 419
INFO 2025-07-20 14:19:06,636 basehttp 213 "GET /static/ckeditor/ckeditor/plugins/copyformatting/styles/copyformatting.css HTTP/1.1" 200 1513
INFO 2025-07-20 14:19:06,636 basehttp 213 "GET /static/ckeditor/ckeditor/plugins/wsc/skins/moono-lisa/wsc.css HTTP/1.1" 200 1306
INFO 2025-07-20 14:19:06,649 basehttp 213 "GET /static/ckeditor/ckeditor/skins/moono-lisa/icons.png?t=95e5d83 HTTP/1.1" 200 12421
INFO 2025-07-20 14:19:06,652 basehttp 213 "GET /static/ckeditor/ckeditor/contents.css?t=I3I8 HTTP/1.1" 200 2954
INFO 2025-07-20 14:19:28,107 basehttp 213 "GET /static/ckeditor/ckeditor/plugins/smiley/dialogs/smiley.js?t=I3I8 HTTP/1.1" 200 3463
INFO 2025-07-20 14:19:28,108 basehttp 213 "GET /static/ckeditor/ckeditor/skins/moono-lisa/dialog.css?t=I3I8 HTTP/1.1" 200 13570
INFO 2025-07-20 14:19:28,114 basehttp 213 "GET /static/ckeditor/ckeditor/skins/moono-lisa/images/close.png HTTP/1.1" 200 615
INFO 2025-07-20 14:19:28,125 basehttp 213 "GET /static/ckeditor/ckeditor/plugins/smiley/images/regular_smile.png HTTP/1.1" 200 1084
INFO 2025-07-20 14:19:28,125 basehttp 213 "GET /static/ckeditor/ckeditor/plugins/smiley/images/teeth_smile.png HTTP/1.1" 200 1183
INFO 2025-07-20 14:19:28,125 basehttp 213 "GET /static/ckeditor/ckeditor/plugins/smiley/images/sad_smile.png HTTP/1.1" 200 1115
INFO 2025-07-20 14:19:28,125 basehttp 213 "GET /static/ckeditor/ckeditor/plugins/smiley/images/wink_smile.png HTTP/1.1" 200 1114
INFO 2025-07-20 14:19:28,125 basehttp 213 "GET /static/ckeditor/ckeditor/plugins/smiley/images/confused_smile.png HTTP/1.1" 200 1101
INFO 2025-07-20 14:19:28,129 basehttp 213 "GET /static/ckeditor/ckeditor/plugins/smiley/images/tongue_smile.png HTTP/1.1" 200 1132
INFO 2025-07-20 14:19:28,129 basehttp 213 "GET /static/ckeditor/ckeditor/plugins/smiley/images/whatchutalkingabout_smile.png HTTP/1.1" 200 1039
INFO 2025-07-20 14:19:28,130 basehttp 213 "GET /static/ckeditor/ckeditor/plugins/smiley/images/embarrassed_smile.png HTTP/1.1" 200 1145
INFO 2025-07-20 14:19:28,130 basehttp 213 "GET /static/ckeditor/ckeditor/plugins/smiley/images/omg_smile.png HTTP/1.1" 200 1122
INFO 2025-07-20 14:19:28,130 basehttp 213 "GET /static/ckeditor/ckeditor/plugins/smiley/images/angry_smile.png HTTP/1.1" 200 1220
INFO 2025-07-20 14:19:28,131 basehttp 213 "GET /static/ckeditor/ckeditor/plugins/smiley/images/shades_smile.png HTTP/1.1" 200 1204
INFO 2025-07-20 14:19:28,132 basehttp 213 "GET /static/ckeditor/ckeditor/plugins/smiley/images/devil_smile.png HTTP/1.1" 200 1220
INFO 2025-07-20 14:19:28,132 basehttp 213 "GET /static/ckeditor/ckeditor/plugins/smiley/images/heart.png HTTP/1.1" 200 999
INFO 2025-07-20 14:19:28,133 basehttp 213 "GET /static/ckeditor/ckeditor/plugins/smiley/images/thumbs_down.png HTTP/1.1" 200 985
INFO 2025-07-20 14:19:28,135 basehttp 213 "GET /static/ckeditor/ckeditor/plugins/smiley/images/broken_heart.png HTTP/1.1" 200 1139
INFO 2025-07-20 14:19:28,135 basehttp 213 "GET /static/ckeditor/ckeditor/plugins/smiley/images/envelope.png HTTP/1.1" 200 760
INFO 2025-07-20 14:19:28,135 basehttp 213 "GET /static/ckeditor/ckeditor/plugins/smiley/images/kiss.png HTTP/1.1" 200 1003
INFO 2025-07-20 14:19:28,135 basehttp 213 "GET /static/ckeditor/ckeditor/plugins/smiley/images/lightbulb.png HTTP/1.1" 200 919
INFO 2025-07-20 14:19:28,136 basehttp 213 "GET /static/ckeditor/ckeditor/plugins/smiley/images/thumbs_up.png HTTP/1.1" 200 959
INFO 2025-07-20 14:19:28,136 basehttp 213 "GET /static/ckeditor/ckeditor/plugins/smiley/images/cry_smile.png HTTP/1.1" 200 1214
INFO 2025-07-20 14:19:28,136 basehttp 213 "GET /static/ckeditor/ckeditor/plugins/smiley/images/angel_smile.png HTTP/1.1" 200 1172
INFO 2025-07-20 14:30:04,612 autoreload 265 D:\PythonCode\pythonProject4\7.8newBlog\blog\blog\settings.py changed, reloading.
INFO 2025-07-20 14:39:43,719 autoreload 667 Watching for file changes with StatReloader
INFO 2025-07-20 14:39:45,304 basehttp 213 "GET / HTTP/1.1" 200 11840
INFO 2025-07-20 14:39:49,718 basehttp 213 "GET /admin HTTP/1.1" 301 0
INFO 2025-07-20 14:39:49,752 basehttp 213 "GET /admin/ HTTP/1.1" 302 0
INFO 2025-07-20 14:39:49,846 basehttp 213 "GET /admin/login/?next=/admin/ HTTP/1.1" 200 3676
INFO 2025-07-20 14:39:50,025 basehttp 213 "GET /static/admin/css/base.css HTTP/1.1" 200 22120
INFO 2025-07-20 14:39:50,025 basehttp 213 "GET /static/admin/css/dark_mode.css HTTP/1.1" 200 2808
INFO 2025-07-20 14:39:50,031 basehttp 213 "GET /static/admin/css/login.css HTTP/1.1" 200 951
INFO 2025-07-20 14:39:50,031 basehttp 213 "GET /static/admin/css/nav_sidebar.css HTTP/1.1" 200 2810
INFO 2025-07-20 14:39:50,037 basehttp 213 "GET /static/admin/css/responsive.css HTTP/1.1" 200 16565
INFO 2025-07-20 14:39:50,042 basehttp 213 "GET /static/admin/js/theme.js HTTP/1.1" 200 1653
INFO 2025-07-20 14:39:50,050 basehttp 213 "GET /static/admin/js/nav_sidebar.js HTTP/1.1" 200 3063
INFO 2025-07-20 14:42:10,632 autoreload 265 D:\PythonCode\pythonProject4\7.8newBlog\blog\blog\settings.py changed, reloading.
INFO 2025-07-20 14:42:11,189 autoreload 667 Watching for file changes with StatReloader
INFO 2025-07-20 14:43:58,142 autoreload 265 D:\PythonCode\pythonProject4\7.8newBlog\blog\users\models.py changed, reloading.
INFO 2025-07-20 14:43:58,706 autoreload 667 Watching for file changes with StatReloader
INFO 2025-07-20 14:44:07,133 autoreload 265 D:\PythonCode\pythonProject4\7.8newBlog\blog\users\models.py changed, reloading.
INFO 2025-07-20 14:44:07,745 autoreload 667 Watching for file changes with StatReloader
INFO 2025-07-20 14:47:10,658 basehttp 213 "POST /admin/login/?next=/admin/ HTTP/1.1" 302 0
INFO 2025-07-20 14:47:10,716 basehttp 213 "GET /admin/ HTTP/1.1" 200 5509
INFO 2025-07-20 14:47:10,837 basehttp 213 "GET /static/admin/css/dashboard.css HTTP/1.1" 200 441
INFO 2025-07-20 14:47:10,848 basehttp 213 "GET /static/admin/img/icon-changelink.svg HTTP/1.1" 200 380
INFO 2025-07-20 14:47:10,849 basehttp 213 "GET /static/admin/img/icon-addlink.svg HTTP/1.1" 200 331
INFO 2025-07-20 14:48:25,226 autoreload 265 D:\PythonCode\pythonProject4\7.8newBlog\blog\home\admin.py changed, reloading.
INFO 2025-07-20 14:48:25,825 autoreload 667 Watching for file changes with StatReloader
INFO 2025-07-20 14:48:28,077 autoreload 667 Watching for file changes with StatReloader
INFO 2025-07-20 14:48:45,525 autoreload 265 D:\PythonCode\pythonProject4\7.8newBlog\blog\home\admin.py changed, reloading.
INFO 2025-07-20 14:48:46,067 autoreload 667 Watching for file changes with StatReloader
INFO 2025-07-20 14:48:47,651 autoreload 667 Watching for file changes with StatReloader
INFO 2025-07-20 14:48:52,148 basehttp 213 "GET /admin/ HTTP/1.1" 200 6612
INFO 2025-07-20 14:48:56,571 basehttp 213 "GET /admin/home/articlecategory/ HTTP/1.1" 200 7937
INFO 2025-07-20 14:48:56,639 basehttp 213 "GET /admin/jsi18n/ HTTP/1.1" 200 9327
INFO 2025-07-20 14:48:56,827 basehttp 213 "GET /static/admin/css/changelists.css HTTP/1.1" 200 6878
INFO 2025-07-20 14:48:56,842 basehttp 213 "GET /static/admin/js/core.js HTTP/1.1" 200 6208
INFO 2025-07-20 14:48:56,850 basehttp 213 "GET /static/admin/js/vendor/jquery/jquery.js HTTP/1.1" 200 285314
INFO 2025-07-20 14:48:56,858 basehttp 213 "GET /static/admin/js/admin/RelatedObjectLookups.js HTTP/1.1" 200 9777
INFO 2025-07-20 14:48:56,863 basehttp 213 "GET /static/admin/js/actions.js HTTP/1.1" 200 8076
INFO 2025-07-20 14:48:56,868 basehttp 213 "GET /static/admin/js/jquery.init.js HTTP/1.1" 200 347
INFO 2025-07-20 14:48:56,869 basehttp 213 "GET /static/admin/js/urlify.js HTTP/1.1" 200 7887
INFO 2025-07-20 14:48:56,873 basehttp 213 "GET /static/admin/js/prepopulate.js HTTP/1.1" 200 1531
INFO 2025-07-20 14:48:56,884 basehttp 213 "GET /static/admin/js/filters.js HTTP/1.1" 200 978
INFO 2025-07-20 14:48:56,923 basehttp 213 "GET /static/admin/js/vendor/xregexp/xregexp.js HTTP/1.1" 200 325171
INFO 2025-07-20 14:48:56,941 basehttp 213 "GET /static/admin/img/tooltag-add.svg HTTP/1.1" 200 331
INFO 2025-07-20 14:49:23,008 basehttp 213 "GET /admin/home/articlecategory/ HTTP/1.1" 200 7937
INFO 2025-07-20 14:49:23,052 basehttp 213 "GET /admin/jsi18n/ HTTP/1.1" 200 9327
INFO 2025-07-20 14:49:26,381 basehttp 213 "GET /admin/home/articlecategory/add/ HTTP/1.1" 200 9799
INFO 2025-07-20 14:49:26,407 basehttp 213 "GET /admin/jsi18n/ HTTP/1.1" 200 9327
INFO 2025-07-20 14:49:26,412 basehttp 213 "GET /static/admin/css/forms.css HTTP/1.1" 200 8525
INFO 2025-07-20 14:49:26,414 basehttp 213 "GET /static/admin/js/prepopulate_init.js HTTP/1.1" 200 586
INFO 2025-07-20 14:49:26,416 basehttp 213 "GET /static/admin/js/calendar.js HTTP/1.1" 200 9141
INFO 2025-07-20 14:49:26,416 basehttp 213 "GET /static/admin/js/admin/DateTimeShortcuts.js HTTP/1.1" 200 19319
INFO 2025-07-20 14:49:26,420 basehttp 213 "GET /static/admin/css/widgets.css HTTP/1.1" 200 11991
INFO 2025-07-20 14:49:26,426 basehttp 213 "GET /static/admin/js/change_form.js HTTP/1.1" 200 606
INFO 2025-07-20 14:49:26,443 basehttp 213 "GET /static/admin/img/icon-clock.svg HTTP/1.1" 200 677
INFO 2025-07-20 14:49:26,443 basehttp 213 "GET /static/admin/img/icon-calendar.svg HTTP/1.1" 200 1086
INFO 2025-07-20 14:49:48,504 basehttp 213 "POST /admin/home/articlecategory/add/ HTTP/1.1" 302 0
INFO 2025-07-20 14:49:48,533 basehttp 213 "GET /admin/home/articlecategory/add/ HTTP/1.1" 200 10049
INFO 2025-07-20 14:49:48,575 basehttp 213 "GET /admin/jsi18n/ HTTP/1.1" 200 9327
INFO 2025-07-20 14:49:48,592 basehttp 213 "GET /static/admin/img/icon-yes.svg HTTP/1.1" 200 436
INFO 2025-07-20 14:49:53,764 basehttp 213 "POST /admin/home/articlecategory/add/ HTTP/1.1" 302 0
INFO 2025-07-20 14:49:53,792 basehttp 213 "GET /admin/home/articlecategory/add/ HTTP/1.1" 200 10047
INFO 2025-07-20 14:49:53,835 basehttp 213 "GET /admin/jsi18n/ HTTP/1.1" 200 9327
INFO 2025-07-20 14:50:00,832 basehttp 213 "POST /admin/home/articlecategory/add/ HTTP/1.1" 302 0
INFO 2025-07-20 14:50:00,862 basehttp 213 "GET /admin/home/articlecategory/add/ HTTP/1.1" 200 10047
INFO 2025-07-20 14:50:00,906 basehttp 213 "GET /admin/jsi18n/ HTTP/1.1" 200 9327
INFO 2025-07-20 14:50:10,493 basehttp 213 "POST /admin/home/articlecategory/add/ HTTP/1.1" 302 0
INFO 2025-07-20 14:50:10,521 basehttp 213 "GET /admin/home/articlecategory/add/ HTTP/1.1" 200 10049
INFO 2025-07-20 14:50:10,564 basehttp 213 "GET /admin/jsi18n/ HTTP/1.1" 200 9327
INFO 2025-07-20 14:50:14,996 basehttp 213 "POST /admin/home/articlecategory/add/ HTTP/1.1" 302 0
INFO 2025-07-20 14:50:15,026 basehttp 213 "GET /admin/home/articlecategory/add/ HTTP/1.1" 200 10046
INFO 2025-07-20 14:50:15,070 basehttp 213 "GET /admin/jsi18n/ HTTP/1.1" 200 9327
INFO 2025-07-20 14:50:19,198 basehttp 213 "POST /admin/home/articlecategory/add/ HTTP/1.1" 302 0
INFO 2025-07-20 14:50:19,228 basehttp 213 "GET /admin/home/articlecategory/add/ HTTP/1.1" 200 10045
INFO 2025-07-20 14:50:19,251 basehttp 213 "GET /admin/jsi18n/ HTTP/1.1" 200 9327
INFO 2025-07-20 14:50:24,713 basehttp 213 "POST /admin/home/articlecategory/add/ HTTP/1.1" 302 0
INFO 2025-07-20 14:50:24,765 basehttp 213 "GET /admin/home/articlecategory/ HTTP/1.1" 200 10989
INFO 2025-07-20 14:50:24,788 basehttp 213 "GET /admin/jsi18n/ HTTP/1.1" 200 9327
INFO 2025-07-20 14:54:34,772 autoreload 265 D:\PythonCode\pythonProject4\7.8newBlog\blog\users\views.py changed, reloading.
INFO 2025-07-20 14:54:35,348 autoreload 667 Watching for file changes with StatReloader
INFO 2025-07-20 14:54:46,816 autoreload 265 D:\PythonCode\pythonProject4\7.8newBlog\blog\users\views.py changed, reloading.
INFO 2025-07-20 14:54:47,418 autoreload 667 Watching for file changes with StatReloader
INFO 2025-07-20 14:55:50,707 autoreload 265 D:\PythonCode\pythonProject4\7.8newBlog\blog\users\views.py changed, reloading.
INFO 2025-07-20 14:55:51,299 autoreload 667 Watching for file changes with StatReloader
INFO 2025-07-20 14:56:30,037 autoreload 667 Watching for file changes with StatReloader
INFO 2025-07-20 14:56:31,867 basehttp 213 "GET / HTTP/1.1" 200 11840
INFO 2025-07-20 14:56:38,704 basehttp 213 "GET /writeblog HTTP/1.1" 301 0
INFO 2025-07-20 14:56:38,733 basehttp 213 "GET /writeblog/ HTTP/1.1" 200 6043
INFO 2025-07-20 14:56:44,908 basehttp 213 "GET /writeblog/ HTTP/1.1" 200 6043
INFO 2025-07-20 14:57:05,544 autoreload 667 Watching for file changes with StatReloader
INFO 2025-07-20 14:57:06,917 basehttp 213 "GET / HTTP/1.1" 200 11840
INFO 2025-07-20 14:57:12,635 basehttp 213 "GET /writeblog/ HTTP/1.1" 200 6074
INFO 2025-07-20 15:02:48,493 autoreload 265 D:\PythonCode\pythonProject4\7.8newBlog\blog\home\models.py changed, reloading.
INFO 2025-07-20 15:02:49,040 autoreload 667 Watching for file changes with StatReloader
INFO 2025-07-20 15:03:55,364 autoreload 265 D:\PythonCode\pythonProject4\7.8newBlog\blog\home\models.py changed, reloading.
INFO 2025-07-20 15:03:55,957 autoreload 667 Watching for file changes with StatReloader
INFO 2025-07-20 15:04:11,495 autoreload 265 D:\PythonCode\pythonProject4\7.8newBlog\blog\home\models.py changed, reloading.
INFO 2025-07-20 15:04:12,031 autoreload 667 Watching for file changes with StatReloader
INFO 2025-07-20 15:05:15,298 autoreload 265 D:\PythonCode\pythonProject4\7.8newBlog\blog\home\models.py changed, reloading.
INFO 2025-07-20 15:05:15,833 autoreload 667 Watching for file changes with StatReloader
INFO 2025-07-20 15:06:16,751 autoreload 265 D:\PythonCode\pythonProject4\7.8newBlog\blog\home\models.py changed, reloading.
INFO 2025-07-20 15:06:17,299 autoreload 667 Watching for file changes with StatReloader
INFO 2025-07-20 15:07:16,542 autoreload 265 D:\PythonCode\pythonProject4\7.8newBlog\blog\home\models.py changed, reloading.
INFO 2025-07-20 15:07:17,072 autoreload 667 Watching for file changes with StatReloader
INFO 2025-07-20 15:07:25,496 autoreload 265 D:\PythonCode\pythonProject4\7.8newBlog\blog\home\models.py changed, reloading.
INFO 2025-07-20 15:07:26,043 autoreload 667 Watching for file changes with StatReloader
INFO 2025-07-20 15:08:32,358 autoreload 265 D:\PythonCode\pythonProject4\7.8newBlog\blog\home\models.py changed, reloading.
INFO 2025-07-20 15:08:32,943 autoreload 667 Watching for file changes with StatReloader
INFO 2025-07-20 15:09:01,693 autoreload 265 D:\PythonCode\pythonProject4\7.8newBlog\blog\home\models.py changed, reloading.
INFO 2025-07-20 15:09:02,226 autoreload 667 Watching for file changes with StatReloader
INFO 2025-07-20 15:09:49,282 autoreload 265 D:\PythonCode\pythonProject4\7.8newBlog\blog\home\models.py changed, reloading.
INFO 2025-07-20 15:09:49,817 autoreload 667 Watching for file changes with StatReloader
INFO 2025-07-20 15:11:13,415 autoreload 265 D:\PythonCode\pythonProject4\7.8newBlog\blog\home\models.py changed, reloading.
INFO 2025-07-20 15:11:13,973 autoreload 667 Watching for file changes with StatReloader
INFO 2025-07-20 15:12:41,639 autoreload 265 D:\PythonCode\pythonProject4\7.8newBlog\blog\home\models.py changed, reloading.
INFO 2025-07-20 15:12:42,177 autoreload 667 Watching for file changes with StatReloader
INFO 2025-07-20 15:12:56,691 autoreload 265 D:\PythonCode\pythonProject4\7.8newBlog\blog\home\models.py changed, reloading.
INFO 2025-07-20 15:12:57,236 autoreload 667 Watching for file changes with StatReloader
INFO 2025-07-22 13:04:40,485 autoreload 667 Watching for file changes with StatReloader
INFO 2025-07-22 13:04:43,265 basehttp 213 "GET / HTTP/1.1" 200 11840
INFO 2025-07-22 13:04:43,312 basehttp 213 "GET /static/js/index.js HTTP/1.1" 304 0
WARNING 2025-07-22 13:04:43,731 log 253 Not Found: /favicon.ico
WARNING 2025-07-22 13:04:43,732 basehttp 213 "GET /favicon.ico HTTP/1.1" 404 4694
INFO 2025-07-22 13:04:45,515 basehttp 213 "GET /writeblog/ HTTP/1.1" 200 6074
INFO 2025-07-22 13:08:01,408 basehttp 213 "GET / HTTP/1.1" 200 11840
INFO 2025-07-22 13:08:02,863 basehttp 213 "GET /writeblog/ HTTP/1.1" 200 6074
WARNING 2025-07-22 13:08:12,096 log 253 Forbidden (CSRF token missing.): /writeblog/
WARNING 2025-07-22 13:08:12,096 basehttp 213 "POST /writeblog/ HTTP/1.1" 403 2486
INFO 2025-07-22 13:09:09,135 autoreload 667 Watching for file changes with StatReloader
INFO 2025-07-22 13:09:10,683 basehttp 213 "GET / HTTP/1.1" 200 11840
INFO 2025-07-22 13:09:12,163 basehttp 213 "GET /writeblog/ HTTP/1.1" 200 6208
WARNING 2025-07-22 13:09:19,233 log 253 Method Not Allowed (POST): /writeblog/
WARNING 2025-07-22 13:09:19,233 basehttp 213 "POST /writeblog/ HTTP/1.1" 405 0
INFO 2025-07-22 13:12:35,194 autoreload 265 D:\PythonCode\pythonProject4\7.8newBlog\blog\users\views.py changed, reloading.
INFO 2025-07-22 13:12:35,773 autoreload 667 Watching for file changes with StatReloader
INFO 2025-07-22 13:13:16,728 autoreload 265 D:\PythonCode\pythonProject4\7.8newBlog\blog\users\views.py changed, reloading.
INFO 2025-07-22 13:13:17,306 autoreload 667 Watching for file changes with StatReloader
INFO 2025-07-22 13:13:41,992 autoreload 265 D:\PythonCode\pythonProject4\7.8newBlog\blog\users\views.py changed, reloading.
INFO 2025-07-22 13:13:42,573 autoreload 667 Watching for file changes with StatReloader
INFO 2025-07-22 13:14:55,015 autoreload 265 D:\PythonCode\pythonProject4\7.8newBlog\blog\users\views.py changed, reloading.
INFO 2025-07-22 13:14:55,562 autoreload 667 Watching for file changes with StatReloader
INFO 2025-07-22 13:15:47,681 autoreload 265 D:\PythonCode\pythonProject4\7.8newBlog\blog\users\views.py changed, reloading.
INFO 2025-07-22 13:15:48,230 autoreload 667 Watching for file changes with StatReloader
INFO 2025-07-22 13:16:19,023 autoreload 265 D:\PythonCode\pythonProject4\7.8newBlog\blog\users\views.py changed, reloading.
INFO 2025-07-22 13:16:19,606 autoreload 667 Watching for file changes with StatReloader
INFO 2025-07-22 13:16:37,178 autoreload 265 D:\PythonCode\pythonProject4\7.8newBlog\blog\users\views.py changed, reloading.
INFO 2025-07-22 13:16:37,755 autoreload 667 Watching for file changes with StatReloader
INFO 2025-07-22 13:17:12,623 autoreload 265 D:\PythonCode\pythonProject4\7.8newBlog\blog\users\views.py changed, reloading.
INFO 2025-07-22 13:17:13,218 autoreload 667 Watching for file changes with StatReloader
INFO 2025-07-22 13:17:57,224 autoreload 265 D:\PythonCode\pythonProject4\7.8newBlog\blog\users\views.py changed, reloading.
INFO 2025-07-22 13:17:57,803 autoreload 667 Watching for file changes with StatReloader
INFO 2025-07-22 13:18:40,785 autoreload 265 D:\PythonCode\pythonProject4\7.8newBlog\blog\users\views.py changed, reloading.
INFO 2025-07-22 13:18:41,340 autoreload 667 Watching for file changes with StatReloader
INFO 2025-07-22 13:18:51,805 autoreload 265 D:\PythonCode\pythonProject4\7.8newBlog\blog\users\views.py changed, reloading.
INFO 2025-07-22 13:18:52,393 autoreload 667 Watching for file changes with StatReloader
INFO 2025-07-22 13:18:54,952 autoreload 667 Watching for file changes with StatReloader
INFO 2025-07-22 13:18:56,911 basehttp 213 "GET / HTTP/1.1" 200 11840
INFO 2025-07-22 13:18:59,254 basehttp 213 "GET /writeblog/ HTTP/1.1" 200 6208
WARNING 2025-07-22 13:19:02,588 log 253 Bad Request: /writeblog/
WARNING 2025-07-22 13:19:02,590 basehttp 213 "POST /writeblog/ HTTP/1.1" 400 15
WARNING 2025-07-22 13:19:07,731 log 253 Bad Request: /writeblog/
WARNING 2025-07-22 13:19:07,732 basehttp 213 "POST /writeblog/ HTTP/1.1" 400 15
WARNING 2025-07-22 13:19:12,009 log 253 Bad Request: /writeblog/
WARNING 2025-07-22 13:19:12,010 basehttp 213 "POST /writeblog/ HTTP/1.1" 400 15
INFO 2025-07-22 13:19:36,285 autoreload 265 D:\PythonCode\pythonProject4\7.8newBlog\blog\users\views.py changed, reloading.
INFO 2025-07-22 13:19:36,853 autoreload 667 Watching for file changes with StatReloader
INFO 2025-07-22 13:19:38,182 basehttp 213 "GET / HTTP/1.1" 200 11840
INFO 2025-07-22 13:19:39,501 basehttp 213 "GET /writeblog/ HTTP/1.1" 200 6208
WARNING 2025-07-22 13:19:44,984 log 253 Bad Request: /writeblog/
WARNING 2025-07-22 13:19:44,985 basehttp 213 "POST /writeblog/ HTTP/1.1" 400 15
WARNING 2025-07-22 13:20:00,739 log 253 Bad Request: /writeblog/
WARNING 2025-07-22 13:20:00,740 basehttp 213 "POST /writeblog/ HTTP/1.1" 400 15
INFO 2025-07-22 13:20:19,068 autoreload 667 Watching for file changes with StatReloader
INFO 2025-07-22 13:20:20,545 basehttp 213 "GET / HTTP/1.1" 200 11840
WARNING 2025-07-22 13:20:20,649 log 253 Not Found: /favicon.ico
WARNING 2025-07-22 13:20:20,649 basehttp 213 "GET /favicon.ico HTTP/1.1" 404 4694
INFO 2025-07-22 13:20:22,070 basehttp 213 "GET /writeblog/ HTTP/1.1" 200 6208
WARNING 2025-07-22 13:20:45,281 log 253 Bad Request: /writeblog/
WARNING 2025-07-22 13:20:45,281 basehttp 213 "POST /writeblog/ HTTP/1.1" 400 15
WARNING 2025-07-22 13:21:18,075 log 253 Bad Request: /writeblog/
WARNING 2025-07-22 13:21:18,075 basehttp 213 "POST /writeblog/ HTTP/1.1" 400 15
INFO 2025-07-22 13:21:50,434 autoreload 667 Watching for file changes with StatReloader
INFO 2025-07-22 13:21:51,820 basehttp 213 "GET / HTTP/1.1" 200 11840
INFO 2025-07-22 13:21:53,581 basehttp 213 "GET /writeblog/ HTTP/1.1" 200 6208
WARNING 2025-07-22 13:22:17,302 log 253 Bad Request: /writeblog/
WARNING 2025-07-22 13:22:17,303 basehttp 213 "POST /writeblog/ HTTP/1.1" 400 15
INFO 2025-07-22 13:22:58,961 autoreload 667 Watching for file changes with StatReloader
INFO 2025-07-22 13:23:31,009 autoreload 667 Watching for file changes with StatReloader
INFO 2025-07-22 13:23:32,732 basehttp 213 "GET / HTTP/1.1" 200 11840
INFO 2025-07-22 13:23:34,220 basehttp 213 "GET /writeblog/ HTTP/1.1" 200 6208
ERROR 2025-07-22 13:24:02,784 log 253 Internal Server Error: /writeblog/
Traceback (most recent call last):
  File "D:\anaconda3\envs\BYSJ\Lib\site-packages\django\core\handlers\exception.py", line 55, in inner
    response = get_response(request)
               ^^^^^^^^^^^^^^^^^^^^^
  File "D:\anaconda3\envs\BYSJ\Lib\site-packages\django\core\handlers\base.py", line 197, in _get_response
    response = wrapped_callback(request, *callback_args, **callback_kwargs)
               ^^^^^^^^^^^^^^^^^^^^^^^^^^^^^^^^^^^^^^^^^^^^^^^^^^^^^^^^^^^^
  File "D:\anaconda3\envs\BYSJ\Lib\site-packages\django\views\generic\base.py", line 105, in view
    return self.dispatch(request, *args, **kwargs)
           ^^^^^^^^^^^^^^^^^^^^^^^^^^^^^^^^^^^^^^^
  File "D:\anaconda3\envs\BYSJ\Lib\site-packages\django\contrib\auth\mixins.py", line 73, in dispatch
    return super().dispatch(request, *args, **kwargs)
           ^^^^^^^^^^^^^^^^^^^^^^^^^^^^^^^^^^^^^^^^^^
  File "D:\anaconda3\envs\BYSJ\Lib\site-packages\django\views\generic\base.py", line 144, in dispatch
    return handler(request, *args, **kwargs)
           ^^^^^^^^^^^^^^^^^^^^^^^^^^^^^^^^^
  File "D:\PythonCode\pythonProject4\7.8newBlog\blog\users\views.py", line 300, in post
    if not all([title, category_id, summary, content]):
                                    ^^^^^^^
NameError: name 'summary' is not defined
ERROR 2025-07-22 13:24:02,793 basehttp 213 "POST /writeblog/ HTTP/1.1" 500 112717
INFO 2025-07-22 13:24:18,234 autoreload 265 D:\PythonCode\pythonProject4\7.8newBlog\blog\users\views.py changed, reloading.
INFO 2025-07-22 13:24:19,449 autoreload 667 Watching for file changes with StatReloader
INFO 2025-07-22 13:24:23,203 autoreload 265 D:\PythonCode\pythonProject4\7.8newBlog\blog\users\views.py changed, reloading.
INFO 2025-07-22 13:24:30,338 autoreload 667 Watching for file changes with StatReloader
INFO 2025-07-22 13:24:31,863 basehttp 213 "GET / HTTP/1.1" 200 11840
INFO 2025-07-22 13:24:34,208 basehttp 213 "GET / HTTP/1.1" 200 11840
WARNING 2025-07-22 13:24:34,335 log 253 Not Found: /favicon.ico
WARNING 2025-07-22 13:24:34,335 basehttp 213 "GET /favicon.ico HTTP/1.1" 404 4694
INFO 2025-07-22 13:24:35,463 basehttp 213 "GET /writeblog/ HTTP/1.1" 200 6208
ERROR 2025-07-22 13:24:41,129 views 319 name 'user' is not defined
WARNING 2025-07-22 13:24:41,130 log 253 Bad Request: /writeblog/
WARNING 2025-07-22 13:24:41,130 basehttp 213 "POST /writeblog/ HTTP/1.1" 400 28
INFO 2025-07-22 13:24:50,551 autoreload 667 Watching for file changes with StatReloader
INFO 2025-07-22 13:26:16,814 autoreload 667 Watching for file changes with StatReloader
INFO 2025-07-22 13:26:18,323 basehttp 213 "GET / HTTP/1.1" 200 11840
INFO 2025-07-22 13:26:21,123 basehttp 213 "GET /writeblog/ HTTP/1.1" 200 6208
ERROR 2025-07-22 13:26:45,179 views 319 Article() got unexpected keyword arguments: 'sumary'
WARNING 2025-07-22 13:26:46,107 log 253 Bad Request: /writeblog/
WARNING 2025-07-22 13:26:46,148 basehttp 213 "POST /writeblog/ HTTP/1.1" 400 28
INFO 2025-07-22 13:27:52,348 autoreload 667 Watching for file changes with StatReloader
INFO 2025-07-22 13:27:54,045 basehttp 213 "GET / HTTP/1.1" 200 11840
INFO 2025-07-22 13:27:55,348 basehttp 213 "GET /writeblog/ HTTP/1.1" 200 6208
ERROR 2025-07-22 13:28:03,326 views 319 Article() got unexpected keyword arguments: 'sumary'
WARNING 2025-07-22 13:28:03,328 log 253 Bad Request: /writeblog/
WARNING 2025-07-22 13:28:03,328 basehttp 213 "POST /writeblog/ HTTP/1.1" 400 28
INFO 2025-07-22 13:29:01,152 autoreload 265 D:\PythonCode\pythonProject4\7.8newBlog\blog\home\models.py changed, reloading.
INFO 2025-07-22 13:29:01,703 autoreload 667 Watching for file changes with StatReloader
INFO 2025-07-22 13:29:10,469 basehttp 213 "GET / HTTP/1.1" 200 11840
INFO 2025-07-22 13:29:11,905 basehttp 213 "GET /writeblog/ HTTP/1.1" 200 6208
ERROR 2025-07-22 13:29:16,304 views 319 (1054, "Unknown column 'sumary' in 'field list'")
WARNING 2025-07-22 13:29:16,307 log 253 Bad Request: /writeblog/
WARNING 2025-07-22 13:29:16,307 basehttp 213 "POST /writeblog/ HTTP/1.1" 400 28
INFO 2025-07-22 13:30:10,832 autoreload 667 Watching for file changes with StatReloader
INFO 2025-07-22 13:30:12,467 basehttp 213 "GET / HTTP/1.1" 200 11840
INFO 2025-07-22 13:30:15,124 basehttp 213 "GET / HTTP/1.1" 200 11840
WARNING 2025-07-22 13:30:15,243 log 253 Not Found: /favicon.ico
WARNING 2025-07-22 13:30:15,243 basehttp 213 "GET /favicon.ico HTTP/1.1" 404 4694
INFO 2025-07-22 13:30:19,214 basehttp 213 "GET /writeblog/ HTTP/1.1" 200 6208
INFO 2025-07-22 13:35:31,395 autoreload 667 Watching for file changes with StatReloader
INFO 2025-07-22 13:35:33,503 basehttp 213 "GET / HTTP/1.1" 200 11840
WARNING 2025-07-22 13:35:33,657 log 253 Not Found: /favicon.ico
WARNING 2025-07-22 13:35:33,658 basehttp 213 "GET /favicon.ico HTTP/1.1" 404 4694
INFO 2025-07-22 13:35:37,032 basehttp 213 "GET /writeblog/ HTTP/1.1" 200 6208
ERROR 2025-07-22 13:36:48,244 views 319 (1054, "Unknown column 'sumary' in 'field list'")
INFO 2025-07-22 13:37:15,391 autoreload 265 D:\PythonCode\pythonProject4\7.8newBlog\blog\users\views.py changed, reloading.
INFO 2025-07-22 13:37:16,743 autoreload 667 Watching for file changes with StatReloader
INFO 2025-07-22 13:37:20,843 autoreload 667 Watching for file changes with StatReloader
INFO 2025-07-22 13:37:24,257 autoreload 667 Watching for file changes with StatReloader
INFO 2025-07-22 13:37:25,993 basehttp 213 "GET / HTTP/1.1" 200 11840
WARNING 2025-07-22 13:37:26,163 log 253 Not Found: /favicon.ico
WARNING 2025-07-22 13:37:26,164 basehttp 213 "GET /favicon.ico HTTP/1.1" 404 4694
INFO 2025-07-22 13:37:28,161 basehttp 213 "GET /writeblog/ HTTP/1.1" 200 6208
ERROR 2025-07-22 13:38:58,528 views 319 Article() got unexpected keyword arguments: 'summary'
WARNING 2025-07-22 13:38:59,808 log 253 Bad Request: /writeblog/
WARNING 2025-07-22 13:38:59,810 basehttp 213 "POST /writeblog/ HTTP/1.1" 400 28
INFO 2025-07-22 13:39:02,806 autoreload 265 D:\PythonCode\pythonProject4\7.8newBlog\blog\users\views.py changed, reloading.
INFO 2025-07-22 13:39:04,088 autoreload 667 Watching for file changes with StatReloader
INFO 2025-07-22 13:39:06,910 autoreload 667 Watching for file changes with StatReloader
INFO 2025-07-22 13:41:31,126 autoreload 265 D:\PythonCode\pythonProject4\7.8newBlog\blog\home\models.py changed, reloading.
INFO 2025-07-22 13:41:32,367 autoreload 667 Watching for file changes with StatReloader
INFO 2025-07-22 13:41:48,612 autoreload 265 D:\PythonCode\pythonProject4\7.8newBlog\blog\users\views.py changed, reloading.
INFO 2025-07-22 13:41:52,250 autoreload 667 Watching for file changes with StatReloader
INFO 2025-07-22 13:41:53,494 basehttp 213 "GET / HTTP/1.1" 200 11840
INFO 2025-07-22 13:41:55,321 basehttp 213 "GET /writeblog/ HTTP/1.1" 200 6208
INFO 2025-07-22 13:42:38,206 autoreload 265 D:\PythonCode\pythonProject4\7.8newBlog\blog\users\views.py changed, reloading.
INFO 2025-07-22 13:42:41,779 autoreload 667 Watching for file changes with StatReloader
INFO 2025-07-22 13:42:46,925 basehttp 213 "GET / HTTP/1.1" 200 11840
WARNING 2025-07-22 13:42:47,064 log 253 Not Found: /favicon.ico
WARNING 2025-07-22 13:42:47,065 basehttp 213 "GET /favicon.ico HTTP/1.1" 404 4694
INFO 2025-07-22 13:42:48,422 basehttp 213 "GET /writeblog/ HTTP/1.1" 200 6208
ERROR 2025-07-22 13:43:10,736 log 253 Internal Server Error: /writeblog/
Traceback (most recent call last):
  File "D:\anaconda3\envs\BYSJ\Lib\site-packages\django\core\handlers\exception.py", line 55, in inner
    response = get_response(request)
               ^^^^^^^^^^^^^^^^^^^^^
  File "D:\anaconda3\envs\BYSJ\Lib\site-packages\django\core\handlers\base.py", line 197, in _get_response
    response = wrapped_callback(request, *callback_args, **callback_kwargs)
               ^^^^^^^^^^^^^^^^^^^^^^^^^^^^^^^^^^^^^^^^^^^^^^^^^^^^^^^^^^^^
  File "D:\anaconda3\envs\BYSJ\Lib\site-packages\django\views\generic\base.py", line 105, in view
    return self.dispatch(request, *args, **kwargs)
           ^^^^^^^^^^^^^^^^^^^^^^^^^^^^^^^^^^^^^^^
  File "D:\anaconda3\envs\BYSJ\Lib\site-packages\django\contrib\auth\mixins.py", line 73, in dispatch
    return super().dispatch(request, *args, **kwargs)
           ^^^^^^^^^^^^^^^^^^^^^^^^^^^^^^^^^^^^^^^^^^
  File "D:\anaconda3\envs\BYSJ\Lib\site-packages\django\views\generic\base.py", line 144, in dispatch
    return handler(request, *args, **kwargs)
           ^^^^^^^^^^^^^^^^^^^^^^^^^^^^^^^^^
  File "D:\PythonCode\pythonProject4\7.8newBlog\blog\users\views.py", line 300, in post
    if not all([title, category_id, sumary, content]):
                                    ^^^^^^
NameError: name 'sumary' is not defined
ERROR 2025-07-22 13:43:10,745 basehttp 213 "POST /writeblog/ HTTP/1.1" 500 112983
INFO 2025-07-22 13:43:44,492 autoreload 265 D:\PythonCode\pythonProject4\7.8newBlog\blog\users\views.py changed, reloading.
INFO 2025-07-22 13:43:45,828 autoreload 667 Watching for file changes with StatReloader
INFO 2025-07-22 13:43:59,736 basehttp 213 "POST /writeblog/ HTTP/1.1" 302 0
INFO 2025-07-22 13:44:02,409 basehttp 213 "GET / HTTP/1.1" 200 11840
INFO 2025-07-22 13:44:11,282 autoreload 667 Watching for file changes with StatReloader
INFO 2025-07-22 13:45:28,389 basehttp 213 "GET / HTTP/1.1" 200 11840
WARNING 2025-07-22 13:45:28,504 log 253 Not Found: /favicon.ico
WARNING 2025-07-22 13:45:28,504 basehttp 213 "GET /favicon.ico HTTP/1.1" 404 4694
INFO 2025-07-22 13:45:30,749 basehttp 213 "GET /writeblog/ HTTP/1.1" 200 6208
INFO 2025-07-22 13:48:04,549 basehttp 213 "GET / HTTP/1.1" 200 11840
INFO 2025-07-22 13:50:13,760 autoreload 265 D:\PythonCode\pythonProject4\7.8newBlog\blog\home\views.py changed, reloading.
INFO 2025-07-22 13:50:14,386 autoreload 667 Watching for file changes with StatReloader
INFO 2025-07-22 13:50:19,790 autoreload 265 D:\PythonCode\pythonProject4\7.8newBlog\blog\home\views.py changed, reloading.
INFO 2025-07-22 13:50:20,421 autoreload 667 Watching for file changes with StatReloader
INFO 2025-07-22 13:51:14,249 autoreload 265 D:\PythonCode\pythonProject4\7.8newBlog\blog\home\views.py changed, reloading.
INFO 2025-07-22 13:51:14,809 autoreload 667 Watching for file changes with StatReloader
INFO 2025-07-22 13:52:14,730 autoreload 265 D:\PythonCode\pythonProject4\7.8newBlog\blog\home\views.py changed, reloading.
INFO 2025-07-22 13:52:15,296 autoreload 667 Watching for file changes with StatReloader
INFO 2025-07-22 13:52:51,909 autoreload 265 D:\PythonCode\pythonProject4\7.8newBlog\blog\home\views.py changed, reloading.
INFO 2025-07-22 13:52:52,488 autoreload 667 Watching for file changes with StatReloader
INFO 2025-07-22 13:57:06,205 autoreload 667 Watching for file changes with StatReloader
INFO 2025-07-22 13:57:38,759 autoreload 265 D:\PythonCode\pythonProject4\7.8newBlog\blog\home\views.py changed, reloading.
INFO 2025-07-22 13:57:40,443 autoreload 667 Watching for file changes with StatReloader
ERROR 2025-07-22 13:57:42,446 log 253 Internal Server Error: /
Traceback (most recent call last):
  File "D:\anaconda3\envs\BYSJ\Lib\site-packages\django\core\handlers\exception.py", line 55, in inner
    response = get_response(request)
               ^^^^^^^^^^^^^^^^^^^^^
  File "D:\anaconda3\envs\BYSJ\Lib\site-packages\django\core\handlers\base.py", line 197, in _get_response
    response = wrapped_callback(request, *callback_args, **callback_kwargs)
               ^^^^^^^^^^^^^^^^^^^^^^^^^^^^^^^^^^^^^^^^^^^^^^^^^^^^^^^^^^^^
  File "D:\anaconda3\envs\BYSJ\Lib\site-packages\django\views\generic\base.py", line 105, in view
    return self.dispatch(request, *args, **kwargs)
           ^^^^^^^^^^^^^^^^^^^^^^^^^^^^^^^^^^^^^^^
  File "D:\anaconda3\envs\BYSJ\Lib\site-packages\django\views\generic\base.py", line 144, in dispatch
    return handler(request, *args, **kwargs)
           ^^^^^^^^^^^^^^^^^^^^^^^^^^^^^^^^^
  File "D:\PythonCode\pythonProject4\7.8newBlog\blog\home\views.py", line 22, in get
    return render(request, 'index.html')
           ^^^^^^^^^^^^^^^^^^^^^^^^^^^^^
  File "D:\anaconda3\envs\BYSJ\Lib\site-packages\django\shortcuts.py", line 25, in render
    content = loader.render_to_string(template_name, context, request, using=using)
              ^^^^^^^^^^^^^^^^^^^^^^^^^^^^^^^^^^^^^^^^^^^^^^^^^^^^^^^^^^^^^^^^^^^^^
  File "D:\anaconda3\envs\BYSJ\Lib\site-packages\django\template\loader.py", line 61, in render_to_string
    template = get_template(template_name, using=using)
               ^^^^^^^^^^^^^^^^^^^^^^^^^^^^^^^^^^^^^^^^
  File "D:\anaconda3\envs\BYSJ\Lib\site-packages\django\template\loader.py", line 15, in get_template
    return engine.get_template(template_name)
           ^^^^^^^^^^^^^^^^^^^^^^^^^^^^^^^^^^
  File "D:\anaconda3\envs\BYSJ\Lib\site-packages\django\template\backends\django.py", line 79, in get_template
    return Template(self.engine.get_template(template_name), self)
                    ^^^^^^^^^^^^^^^^^^^^^^^^^^^^^^^^^^^^^^^
  File "D:\anaconda3\envs\BYSJ\Lib\site-packages\django\template\engine.py", line 177, in get_template
    template, origin = self.find_template(template_name)
                       ^^^^^^^^^^^^^^^^^^^^^^^^^^^^^^^^^
  File "D:\anaconda3\envs\BYSJ\Lib\site-packages\django\template\engine.py", line 159, in find_template
    template = loader.get_template(name, skip=skip)
               ^^^^^^^^^^^^^^^^^^^^^^^^^^^^^^^^^^^^
  File "D:\anaconda3\envs\BYSJ\Lib\site-packages\django\template\loaders\cached.py", line 57, in get_template
    template = super().get_template(template_name, skip)
               ^^^^^^^^^^^^^^^^^^^^^^^^^^^^^^^^^^^^^^^^^
  File "D:\anaconda3\envs\BYSJ\Lib\site-packages\django\template\loaders\base.py", line 28, in get_template
    return Template(
           ^^^^^^^^^
  File "D:\anaconda3\envs\BYSJ\Lib\site-packages\django\template\base.py", line 154, in __init__
    self.nodelist = self.compile_nodelist()
                    ^^^^^^^^^^^^^^^^^^^^^^^
  File "D:\anaconda3\envs\BYSJ\Lib\site-packages\django\template\base.py", line 196, in compile_nodelist
    nodelist = parser.parse()
               ^^^^^^^^^^^^^^
  File "D:\anaconda3\envs\BYSJ\Lib\site-packages\django\template\base.py", line 518, in parse
    raise self.error(token, e)
  File "D:\anaconda3\envs\BYSJ\Lib\site-packages\django\template\base.py", line 516, in parse
    compiled_result = compile_func(self, token)
                      ^^^^^^^^^^^^^^^^^^^^^^^^^
  File "D:\anaconda3\envs\BYSJ\Lib\site-packages\django\template\defaulttags.py", line 862, in do_for
    nodelist_loop = parser.parse(
                    ^^^^^^^^^^^^^
  File "D:\anaconda3\envs\BYSJ\Lib\site-packages\django\template\base.py", line 523, in parse
    self.unclosed_block_tag(parse_until)
  File "D:\anaconda3\envs\BYSJ\Lib\site-packages\django\template\base.py", line 590, in unclosed_block_tag
    raise self.error(token, msg)
django.template.exceptions.TemplateSyntaxError: Unclosed tag on line 38: 'for'. Looking for one of: empty, endfor.
ERROR 2025-07-22 13:57:42,448 basehttp 213 "GET / HTTP/1.1" 500 186912
INFO 2025-07-22 13:58:46,932 autoreload 667 Watching for file changes with StatReloader
ERROR 2025-07-22 13:58:48,394 log 253 Internal Server Error: /
Traceback (most recent call last):
  File "D:\anaconda3\envs\BYSJ\Lib\site-packages\django\core\handlers\exception.py", line 55, in inner
    response = get_response(request)
               ^^^^^^^^^^^^^^^^^^^^^
  File "D:\anaconda3\envs\BYSJ\Lib\site-packages\django\core\handlers\base.py", line 197, in _get_response
    response = wrapped_callback(request, *callback_args, **callback_kwargs)
               ^^^^^^^^^^^^^^^^^^^^^^^^^^^^^^^^^^^^^^^^^^^^^^^^^^^^^^^^^^^^
  File "D:\anaconda3\envs\BYSJ\Lib\site-packages\django\views\generic\base.py", line 105, in view
    return self.dispatch(request, *args, **kwargs)
           ^^^^^^^^^^^^^^^^^^^^^^^^^^^^^^^^^^^^^^^
  File "D:\anaconda3\envs\BYSJ\Lib\site-packages\django\views\generic\base.py", line 144, in dispatch
    return handler(request, *args, **kwargs)
           ^^^^^^^^^^^^^^^^^^^^^^^^^^^^^^^^^
  File "D:\PythonCode\pythonProject4\7.8newBlog\blog\home\views.py", line 22, in get
    return render(request, 'index.html')
           ^^^^^^^^^^^^^^^^^^^^^^^^^^^^^
  File "D:\anaconda3\envs\BYSJ\Lib\site-packages\django\shortcuts.py", line 25, in render
    content = loader.render_to_string(template_name, context, request, using=using)
              ^^^^^^^^^^^^^^^^^^^^^^^^^^^^^^^^^^^^^^^^^^^^^^^^^^^^^^^^^^^^^^^^^^^^^
  File "D:\anaconda3\envs\BYSJ\Lib\site-packages\django\template\loader.py", line 61, in render_to_string
    template = get_template(template_name, using=using)
               ^^^^^^^^^^^^^^^^^^^^^^^^^^^^^^^^^^^^^^^^
  File "D:\anaconda3\envs\BYSJ\Lib\site-packages\django\template\loader.py", line 15, in get_template
    return engine.get_template(template_name)
           ^^^^^^^^^^^^^^^^^^^^^^^^^^^^^^^^^^
  File "D:\anaconda3\envs\BYSJ\Lib\site-packages\django\template\backends\django.py", line 79, in get_template
    return Template(self.engine.get_template(template_name), self)
                    ^^^^^^^^^^^^^^^^^^^^^^^^^^^^^^^^^^^^^^^
  File "D:\anaconda3\envs\BYSJ\Lib\site-packages\django\template\engine.py", line 177, in get_template
    template, origin = self.find_template(template_name)
                       ^^^^^^^^^^^^^^^^^^^^^^^^^^^^^^^^^
  File "D:\anaconda3\envs\BYSJ\Lib\site-packages\django\template\engine.py", line 159, in find_template
    template = loader.get_template(name, skip=skip)
               ^^^^^^^^^^^^^^^^^^^^^^^^^^^^^^^^^^^^
  File "D:\anaconda3\envs\BYSJ\Lib\site-packages\django\template\loaders\cached.py", line 57, in get_template
    template = super().get_template(template_name, skip)
               ^^^^^^^^^^^^^^^^^^^^^^^^^^^^^^^^^^^^^^^^^
  File "D:\anaconda3\envs\BYSJ\Lib\site-packages\django\template\loaders\base.py", line 28, in get_template
    return Template(
           ^^^^^^^^^
  File "D:\anaconda3\envs\BYSJ\Lib\site-packages\django\template\base.py", line 154, in __init__
    self.nodelist = self.compile_nodelist()
                    ^^^^^^^^^^^^^^^^^^^^^^^
  File "D:\anaconda3\envs\BYSJ\Lib\site-packages\django\template\base.py", line 196, in compile_nodelist
    nodelist = parser.parse()
               ^^^^^^^^^^^^^^
  File "D:\anaconda3\envs\BYSJ\Lib\site-packages\django\template\base.py", line 518, in parse
    raise self.error(token, e)
  File "D:\anaconda3\envs\BYSJ\Lib\site-packages\django\template\base.py", line 516, in parse
    compiled_result = compile_func(self, token)
                      ^^^^^^^^^^^^^^^^^^^^^^^^^
  File "D:\anaconda3\envs\BYSJ\Lib\site-packages\django\template\defaulttags.py", line 862, in do_for
    nodelist_loop = parser.parse(
                    ^^^^^^^^^^^^^
  File "D:\anaconda3\envs\BYSJ\Lib\site-packages\django\template\base.py", line 523, in parse
    self.unclosed_block_tag(parse_until)
  File "D:\anaconda3\envs\BYSJ\Lib\site-packages\django\template\base.py", line 590, in unclosed_block_tag
    raise self.error(token, msg)
django.template.exceptions.TemplateSyntaxError: Unclosed tag on line 38: 'for'. Looking for one of: empty, endfor.
ERROR 2025-07-22 13:58:48,397 basehttp 213 "GET / HTTP/1.1" 500 185407
INFO 2025-07-22 14:00:52,319 autoreload 667 Watching for file changes with StatReloader
ERROR 2025-07-22 14:00:53,495 log 253 Internal Server Error: /
Traceback (most recent call last):
  File "D:\anaconda3\envs\BYSJ\Lib\site-packages\django\core\handlers\exception.py", line 55, in inner
    response = get_response(request)
               ^^^^^^^^^^^^^^^^^^^^^
  File "D:\anaconda3\envs\BYSJ\Lib\site-packages\django\core\handlers\base.py", line 197, in _get_response
    response = wrapped_callback(request, *callback_args, **callback_kwargs)
               ^^^^^^^^^^^^^^^^^^^^^^^^^^^^^^^^^^^^^^^^^^^^^^^^^^^^^^^^^^^^
  File "D:\anaconda3\envs\BYSJ\Lib\site-packages\django\views\generic\base.py", line 105, in view
    return self.dispatch(request, *args, **kwargs)
           ^^^^^^^^^^^^^^^^^^^^^^^^^^^^^^^^^^^^^^^
  File "D:\anaconda3\envs\BYSJ\Lib\site-packages\django\views\generic\base.py", line 144, in dispatch
    return handler(request, *args, **kwargs)
           ^^^^^^^^^^^^^^^^^^^^^^^^^^^^^^^^^
  File "D:\PythonCode\pythonProject4\7.8newBlog\blog\home\views.py", line 22, in get
    return render(request, 'index.html')
           ^^^^^^^^^^^^^^^^^^^^^^^^^^^^^
  File "D:\anaconda3\envs\BYSJ\Lib\site-packages\django\shortcuts.py", line 25, in render
    content = loader.render_to_string(template_name, context, request, using=using)
              ^^^^^^^^^^^^^^^^^^^^^^^^^^^^^^^^^^^^^^^^^^^^^^^^^^^^^^^^^^^^^^^^^^^^^
  File "D:\anaconda3\envs\BYSJ\Lib\site-packages\django\template\loader.py", line 61, in render_to_string
    template = get_template(template_name, using=using)
               ^^^^^^^^^^^^^^^^^^^^^^^^^^^^^^^^^^^^^^^^
  File "D:\anaconda3\envs\BYSJ\Lib\site-packages\django\template\loader.py", line 15, in get_template
    return engine.get_template(template_name)
           ^^^^^^^^^^^^^^^^^^^^^^^^^^^^^^^^^^
  File "D:\anaconda3\envs\BYSJ\Lib\site-packages\django\template\backends\django.py", line 79, in get_template
    return Template(self.engine.get_template(template_name), self)
                    ^^^^^^^^^^^^^^^^^^^^^^^^^^^^^^^^^^^^^^^
  File "D:\anaconda3\envs\BYSJ\Lib\site-packages\django\template\engine.py", line 177, in get_template
    template, origin = self.find_template(template_name)
                       ^^^^^^^^^^^^^^^^^^^^^^^^^^^^^^^^^
  File "D:\anaconda3\envs\BYSJ\Lib\site-packages\django\template\engine.py", line 159, in find_template
    template = loader.get_template(name, skip=skip)
               ^^^^^^^^^^^^^^^^^^^^^^^^^^^^^^^^^^^^
  File "D:\anaconda3\envs\BYSJ\Lib\site-packages\django\template\loaders\cached.py", line 57, in get_template
    template = super().get_template(template_name, skip)
               ^^^^^^^^^^^^^^^^^^^^^^^^^^^^^^^^^^^^^^^^^
  File "D:\anaconda3\envs\BYSJ\Lib\site-packages\django\template\loaders\base.py", line 28, in get_template
    return Template(
           ^^^^^^^^^
  File "D:\anaconda3\envs\BYSJ\Lib\site-packages\django\template\base.py", line 154, in __init__
    self.nodelist = self.compile_nodelist()
                    ^^^^^^^^^^^^^^^^^^^^^^^
  File "D:\anaconda3\envs\BYSJ\Lib\site-packages\django\template\base.py", line 196, in compile_nodelist
    nodelist = parser.parse()
               ^^^^^^^^^^^^^^
  File "D:\anaconda3\envs\BYSJ\Lib\site-packages\django\template\base.py", line 518, in parse
    raise self.error(token, e)
  File "D:\anaconda3\envs\BYSJ\Lib\site-packages\django\template\base.py", line 516, in parse
    compiled_result = compile_func(self, token)
                      ^^^^^^^^^^^^^^^^^^^^^^^^^
  File "D:\anaconda3\envs\BYSJ\Lib\site-packages\django\template\defaulttags.py", line 862, in do_for
    nodelist_loop = parser.parse(
                    ^^^^^^^^^^^^^
  File "D:\anaconda3\envs\BYSJ\Lib\site-packages\django\template\base.py", line 523, in parse
    self.unclosed_block_tag(parse_until)
  File "D:\anaconda3\envs\BYSJ\Lib\site-packages\django\template\base.py", line 590, in unclosed_block_tag
    raise self.error(token, msg)
django.template.exceptions.TemplateSyntaxError: Unclosed tag on line 38: 'for'. Looking for one of: empty, endfor.
ERROR 2025-07-22 14:00:53,497 basehttp 213 "GET / HTTP/1.1" 500 185407
INFO 2025-07-22 14:01:43,820 autoreload 667 Watching for file changes with StatReloader
INFO 2025-07-22 14:01:45,382 autoreload 667 Watching for file changes with StatReloader
INFO 2025-07-22 14:01:46,665 basehttp 213 "GET / HTTP/1.1" 200 11316
INFO 2025-07-22 14:03:33,670 autoreload 667 Watching for file changes with StatReloader
INFO 2025-07-22 14:03:35,404 basehttp 213 "GET / HTTP/1.1" 200 11316
INFO 2025-07-22 14:03:43,159 basehttp 213 "GET / HTTP/1.1" 200 11316
INFO 2025-07-22 14:03:43,626 basehttp 213 "GET / HTTP/1.1" 200 11316
INFO 2025-07-22 14:03:43,796 basehttp 213 "GET / HTTP/1.1" 200 11316
INFO 2025-07-22 14:03:43,968 basehttp 213 "GET / HTTP/1.1" 200 11316
INFO 2025-07-22 14:05:23,896 autoreload 667 Watching for file changes with StatReloader
INFO 2025-07-22 14:05:25,289 basehttp 213 "GET / HTTP/1.1" 200 11316
INFO 2025-07-22 14:05:31,647 autoreload 667 Watching for file changes with StatReloader
INFO 2025-07-22 14:06:28,916 autoreload 265 D:\PythonCode\pythonProject4\7.8newBlog\blog\home\views.py changed, reloading.
INFO 2025-07-22 14:06:30,171 autoreload 667 Watching for file changes with StatReloader
INFO 2025-07-22 14:06:35,861 basehttp 213 "GET / HTTP/1.1" 200 13110
WARNING 2025-07-22 14:06:36,035 log 253 Not Found: /favicon.ico
WARNING 2025-07-22 14:06:36,037 basehttp 213 "GET /favicon.ico HTTP/1.1" 404 4694
INFO 2025-07-22 14:06:45,645 autoreload 667 Watching for file changes with StatReloader
INFO 2025-07-22 14:06:46,995 basehttp 213 "GET / HTTP/1.1" 200 13110
WARNING 2025-07-22 14:06:47,098 log 253 Not Found: /favicon.ico
WARNING 2025-07-22 14:06:47,099 basehttp 213 "GET /favicon.ico HTTP/1.1" 404 4694
INFO 2025-07-22 14:06:47,932 basehttp 213 "GET /?cat_id=2 HTTP/1.1" 200 13110
INFO 2025-07-22 14:06:48,775 basehttp 213 "GET /?cat_id=3 HTTP/1.1" 200 13110
INFO 2025-07-22 14:06:49,341 basehttp 213 "GET /?cat_id=4 HTTP/1.1" 200 13110
INFO 2025-07-22 14:06:49,868 basehttp 213 "GET /?cat_id=5 HTTP/1.1" 200 13110
INFO 2025-07-22 14:06:50,645 basehttp 213 "GET /?cat_id=6 HTTP/1.1" 200 13110
INFO 2025-07-22 14:06:51,073 basehttp 213 "GET /?cat_id=7 HTTP/1.1" 200 13110
INFO 2025-07-22 14:16:29,566 autoreload 265 D:\PythonCode\pythonProject4\7.8newBlog\blog\home\views.py changed, reloading.
INFO 2025-07-22 14:16:30,154 autoreload 667 Watching for file changes with StatReloader
INFO 2025-07-22 14:16:39,610 autoreload 265 D:\PythonCode\pythonProject4\7.8newBlog\blog\home\views.py changed, reloading.
INFO 2025-07-22 14:16:40,157 autoreload 667 Watching for file changes with StatReloader
INFO 2025-07-22 14:17:55,662 autoreload 265 D:\PythonCode\pythonProject4\7.8newBlog\blog\home\views.py changed, reloading.
INFO 2025-07-22 14:17:56,229 autoreload 667 Watching for file changes with StatReloader
INFO 2025-07-22 14:24:27,032 autoreload 667 Watching for file changes with StatReloader
ERROR 2025-07-22 14:24:28,649 log 253 Internal Server Error: /
Traceback (most recent call last):
  File "D:\anaconda3\envs\BYSJ\Lib\site-packages\django\core\handlers\exception.py", line 55, in inner
    response = get_response(request)
               ^^^^^^^^^^^^^^^^^^^^^
  File "D:\anaconda3\envs\BYSJ\Lib\site-packages\django\core\handlers\base.py", line 197, in _get_response
    response = wrapped_callback(request, *callback_args, **callback_kwargs)
               ^^^^^^^^^^^^^^^^^^^^^^^^^^^^^^^^^^^^^^^^^^^^^^^^^^^^^^^^^^^^
  File "D:\anaconda3\envs\BYSJ\Lib\site-packages\django\views\generic\base.py", line 105, in view
    return self.dispatch(request, *args, **kwargs)
           ^^^^^^^^^^^^^^^^^^^^^^^^^^^^^^^^^^^^^^^
  File "D:\anaconda3\envs\BYSJ\Lib\site-packages\django\views\generic\base.py", line 144, in dispatch
    return handler(request, *args, **kwargs)
           ^^^^^^^^^^^^^^^^^^^^^^^^^^^^^^^^^
  File "D:\PythonCode\pythonProject4\7.8newBlog\blog\home\views.py", line 21, in get
    articles = Article.objects.filter(category=category)
               ^^^^^^^
NameError: name 'Article' is not defined
ERROR 2025-07-22 14:24:28,651 basehttp 213 "GET / HTTP/1.1" 500 86323
INFO 2025-07-22 14:25:08,631 autoreload 667 Watching for file changes with StatReloader
ERROR 2025-07-22 14:25:10,204 log 253 Internal Server Error: /
Traceback (most recent call last):
  File "D:\anaconda3\envs\BYSJ\Lib\site-packages\django\core\handlers\exception.py", line 55, in inner
    response = get_response(request)
               ^^^^^^^^^^^^^^^^^^^^^
  File "D:\anaconda3\envs\BYSJ\Lib\site-packages\django\core\handlers\base.py", line 197, in _get_response
    response = wrapped_callback(request, *callback_args, **callback_kwargs)
               ^^^^^^^^^^^^^^^^^^^^^^^^^^^^^^^^^^^^^^^^^^^^^^^^^^^^^^^^^^^^
  File "D:\anaconda3\envs\BYSJ\Lib\site-packages\django\views\generic\base.py", line 105, in view
    return self.dispatch(request, *args, **kwargs)
           ^^^^^^^^^^^^^^^^^^^^^^^^^^^^^^^^^^^^^^^
  File "D:\anaconda3\envs\BYSJ\Lib\site-packages\django\views\generic\base.py", line 144, in dispatch
    return handler(request, *args, **kwargs)
           ^^^^^^^^^^^^^^^^^^^^^^^^^^^^^^^^^
  File "D:\PythonCode\pythonProject4\7.8newBlog\blog\home\views.py", line 21, in get
    articles = Article.objects.filter(category=category)
               ^^^^^^^
NameError: name 'Article' is not defined
ERROR 2025-07-22 14:25:10,206 basehttp 213 "GET / HTTP/1.1" 500 86323
INFO 2025-07-22 14:25:48,702 autoreload 265 D:\PythonCode\pythonProject4\7.8newBlog\blog\home\views.py changed, reloading.
INFO 2025-07-22 14:25:49,272 autoreload 667 Watching for file changes with StatReloader
ERROR 2025-07-22 14:25:51,846 log 253 Internal Server Error: /
Traceback (most recent call last):
  File "D:\anaconda3\envs\BYSJ\Lib\site-packages\django\core\paginator.py", line 65, in validate_number
    number = int(number)
             ^^^^^^^^^^^
TypeError: int() argument must be a string, a bytes-like object or a real number, not 'NoneType'

During handling of the above exception, another exception occurred:

Traceback (most recent call last):
  File "D:\anaconda3\envs\BYSJ\Lib\site-packages\django\core\handlers\exception.py", line 55, in inner
    response = get_response(request)
               ^^^^^^^^^^^^^^^^^^^^^
  File "D:\anaconda3\envs\BYSJ\Lib\site-packages\django\core\handlers\base.py", line 197, in _get_response
    response = wrapped_callback(request, *callback_args, **callback_kwargs)
               ^^^^^^^^^^^^^^^^^^^^^^^^^^^^^^^^^^^^^^^^^^^^^^^^^^^^^^^^^^^^
  File "D:\anaconda3\envs\BYSJ\Lib\site-packages\django\views\generic\base.py", line 105, in view
    return self.dispatch(request, *args, **kwargs)
           ^^^^^^^^^^^^^^^^^^^^^^^^^^^^^^^^^^^^^^^
  File "D:\anaconda3\envs\BYSJ\Lib\site-packages\django\views\generic\base.py", line 144, in dispatch
    return handler(request, *args, **kwargs)
           ^^^^^^^^^^^^^^^^^^^^^^^^^^^^^^^^^
  File "D:\PythonCode\pythonProject4\7.8newBlog\blog\home\views.py", line 27, in get
    page_articles = paginator.page(page_num)
                    ^^^^^^^^^^^^^^^^^^^^^^^^
  File "D:\anaconda3\envs\BYSJ\Lib\site-packages\django\core\paginator.py", line 89, in page
    number = self.validate_number(number)
             ^^^^^^^^^^^^^^^^^^^^^^^^^^^^
  File "D:\anaconda3\envs\BYSJ\Lib\site-packages\django\core\paginator.py", line 67, in validate_number
    raise PageNotAnInteger(self.error_messages["invalid_page"])
django.core.paginator.PageNotAnInteger: 页码不是整数
ERROR 2025-07-22 14:25:51,849 basehttp 213 "GET / HTTP/1.1" 500 99381
INFO 2025-07-22 14:42:20,920 autoreload 667 Watching for file changes with StatReloader
ERROR 2025-07-22 14:42:22,035 log 253 Internal Server Error: /
Traceback (most recent call last):
  File "D:\anaconda3\envs\BYSJ\Lib\site-packages\django\core\paginator.py", line 65, in validate_number
    number = int(number)
             ^^^^^^^^^^^
TypeError: int() argument must be a string, a bytes-like object or a real number, not 'NoneType'

During handling of the above exception, another exception occurred:

Traceback (most recent call last):
  File "D:\PythonCode\pythonProject4\7.8newBlog\blog\home\views.py", line 27, in get
    page_articles = paginator.page(page_num)
                    ^^^^^^^^^^^^^^^^^^^^^^^^
  File "D:\anaconda3\envs\BYSJ\Lib\site-packages\django\core\paginator.py", line 89, in page
    number = self.validate_number(number)
             ^^^^^^^^^^^^^^^^^^^^^^^^^^^^
  File "D:\anaconda3\envs\BYSJ\Lib\site-packages\django\core\paginator.py", line 67, in validate_number
    raise PageNotAnInteger(self.error_messages["invalid_page"])
django.core.paginator.PageNotAnInteger: 页码不是整数

During handling of the above exception, another exception occurred:

Traceback (most recent call last):
  File "D:\anaconda3\envs\BYSJ\Lib\site-packages\django\core\handlers\exception.py", line 55, in inner
    response = get_response(request)
               ^^^^^^^^^^^^^^^^^^^^^
  File "D:\anaconda3\envs\BYSJ\Lib\site-packages\django\core\handlers\base.py", line 197, in _get_response
    response = wrapped_callback(request, *callback_args, **callback_kwargs)
               ^^^^^^^^^^^^^^^^^^^^^^^^^^^^^^^^^^^^^^^^^^^^^^^^^^^^^^^^^^^^
  File "D:\anaconda3\envs\BYSJ\Lib\site-packages\django\views\generic\base.py", line 105, in view
    return self.dispatch(request, *args, **kwargs)
           ^^^^^^^^^^^^^^^^^^^^^^^^^^^^^^^^^^^^^^^
  File "D:\anaconda3\envs\BYSJ\Lib\site-packages\django\views\generic\base.py", line 144, in dispatch
    return handler(request, *args, **kwargs)
           ^^^^^^^^^^^^^^^^^^^^^^^^^^^^^^^^^
  File "D:\PythonCode\pythonProject4\7.8newBlog\blog\home\views.py", line 30, in get
    except PageNotAnInteger as e:
           ^^^^^^^^^^^^^^^^
NameError: name 'PageNotAnInteger' is not defined
ERROR 2025-07-22 14:42:22,037 basehttp 213 "GET / HTTP/1.1" 500 105178
WARNING 2025-07-22 14:42:22,143 log 253 Not Found: /favicon.ico
WARNING 2025-07-22 14:42:22,145 basehttp 213 "GET /favicon.ico HTTP/1.1" 404 4694
INFO 2025-07-22 14:42:41,324 autoreload 667 Watching for file changes with StatReloader
INFO 2025-07-22 14:42:43,764 autoreload 667 Watching for file changes with StatReloader
INFO 2025-07-22 14:43:30,213 autoreload 667 Watching for file changes with StatReloader
INFO 2025-07-22 14:47:11,660 autoreload 265 D:\PythonCode\pythonProject4\7.8newBlog\blog\home\views.py changed, reloading.
INFO 2025-07-22 14:47:12,694 autoreload 667 Watching for file changes with StatReloader
INFO 2025-07-22 14:47:38,083 autoreload 667 Watching for file changes with StatReloader
INFO 2025-07-22 14:47:41,467 autoreload 667 Watching for file changes with StatReloader
ERROR 2025-07-22 14:47:43,375 log 253 Internal Server Error: /
Traceback (most recent call last):
  File "D:\anaconda3\envs\BYSJ\Lib\site-packages\django\core\handlers\exception.py", line 55, in inner
    response = get_response(request)
               ^^^^^^^^^^^^^^^^^^^^^
  File "D:\anaconda3\envs\BYSJ\Lib\site-packages\django\core\handlers\base.py", line 197, in _get_response
    response = wrapped_callback(request, *callback_args, **callback_kwargs)
               ^^^^^^^^^^^^^^^^^^^^^^^^^^^^^^^^^^^^^^^^^^^^^^^^^^^^^^^^^^^^
  File "D:\anaconda3\envs\BYSJ\Lib\site-packages\django\views\generic\base.py", line 105, in view
    return self.dispatch(request, *args, **kwargs)
           ^^^^^^^^^^^^^^^^^^^^^^^^^^^^^^^^^^^^^^^
  File "D:\anaconda3\envs\BYSJ\Lib\site-packages\django\views\generic\base.py", line 144, in dispatch
    return handler(request, *args, **kwargs)
           ^^^^^^^^^^^^^^^^^^^^^^^^^^^^^^^^^
  File "D:\PythonCode\pythonProject4\7.8newBlog\blog\home\views.py", line 41, in get
    return render(request, 'index.html', context)
           ^^^^^^^^^^^^^^^^^^^^^^^^^^^^^^^^^^^^^^
  File "D:\anaconda3\envs\BYSJ\Lib\site-packages\django\shortcuts.py", line 25, in render
    content = loader.render_to_string(template_name, context, request, using=using)
              ^^^^^^^^^^^^^^^^^^^^^^^^^^^^^^^^^^^^^^^^^^^^^^^^^^^^^^^^^^^^^^^^^^^^^
  File "D:\anaconda3\envs\BYSJ\Lib\site-packages\django\template\loader.py", line 61, in render_to_string
    template = get_template(template_name, using=using)
               ^^^^^^^^^^^^^^^^^^^^^^^^^^^^^^^^^^^^^^^^
  File "D:\anaconda3\envs\BYSJ\Lib\site-packages\django\template\loader.py", line 15, in get_template
    return engine.get_template(template_name)
           ^^^^^^^^^^^^^^^^^^^^^^^^^^^^^^^^^^
  File "D:\anaconda3\envs\BYSJ\Lib\site-packages\django\template\backends\django.py", line 79, in get_template
    return Template(self.engine.get_template(template_name), self)
                    ^^^^^^^^^^^^^^^^^^^^^^^^^^^^^^^^^^^^^^^
  File "D:\anaconda3\envs\BYSJ\Lib\site-packages\django\template\engine.py", line 177, in get_template
    template, origin = self.find_template(template_name)
                       ^^^^^^^^^^^^^^^^^^^^^^^^^^^^^^^^^
  File "D:\anaconda3\envs\BYSJ\Lib\site-packages\django\template\engine.py", line 159, in find_template
    template = loader.get_template(name, skip=skip)
               ^^^^^^^^^^^^^^^^^^^^^^^^^^^^^^^^^^^^
  File "D:\anaconda3\envs\BYSJ\Lib\site-packages\django\template\loaders\cached.py", line 57, in get_template
    template = super().get_template(template_name, skip)
               ^^^^^^^^^^^^^^^^^^^^^^^^^^^^^^^^^^^^^^^^^
  File "D:\anaconda3\envs\BYSJ\Lib\site-packages\django\template\loaders\base.py", line 28, in get_template
    return Template(
           ^^^^^^^^^
  File "D:\anaconda3\envs\BYSJ\Lib\site-packages\django\template\base.py", line 154, in __init__
    self.nodelist = self.compile_nodelist()
                    ^^^^^^^^^^^^^^^^^^^^^^^
  File "D:\anaconda3\envs\BYSJ\Lib\site-packages\django\template\base.py", line 196, in compile_nodelist
    nodelist = parser.parse()
               ^^^^^^^^^^^^^^
  File "D:\anaconda3\envs\BYSJ\Lib\site-packages\django\template\base.py", line 518, in parse
    raise self.error(token, e)
  File "D:\anaconda3\envs\BYSJ\Lib\site-packages\django\template\base.py", line 516, in parse
    compiled_result = compile_func(self, token)
                      ^^^^^^^^^^^^^^^^^^^^^^^^^
  File "D:\anaconda3\envs\BYSJ\Lib\site-packages\django\template\defaulttags.py", line 862, in do_for
    nodelist_loop = parser.parse(
                    ^^^^^^^^^^^^^
  File "D:\anaconda3\envs\BYSJ\Lib\site-packages\django\template\base.py", line 523, in parse
    self.unclosed_block_tag(parse_until)
  File "D:\anaconda3\envs\BYSJ\Lib\site-packages\django\template\base.py", line 590, in unclosed_block_tag
    raise self.error(token, msg)
django.template.exceptions.TemplateSyntaxError: Unclosed tag on line 75: 'for'. Looking for one of: empty, endfor.
ERROR 2025-07-22 14:47:43,379 basehttp 213 "GET / HTTP/1.1" 500 190212
WARNING 2025-07-22 14:47:43,463 log 253 Not Found: /favicon.ico
WARNING 2025-07-22 14:47:43,464 basehttp 213 "GET /favicon.ico HTTP/1.1" 404 4694
INFO 2025-07-22 14:48:24,577 autoreload 265 D:\PythonCode\pythonProject4\7.8newBlog\blog\home\views.py changed, reloading.
INFO 2025-07-22 14:48:25,141 autoreload 667 Watching for file changes with StatReloader
INFO 2025-07-22 14:49:42,437 autoreload 667 Watching for file changes with StatReloader
ERROR 2025-07-22 14:49:45,122 log 253 Internal Server Error: /
Traceback (most recent call last):
  File "D:\anaconda3\envs\BYSJ\Lib\site-packages\django\core\handlers\exception.py", line 55, in inner
    response = get_response(request)
               ^^^^^^^^^^^^^^^^^^^^^
  File "D:\anaconda3\envs\BYSJ\Lib\site-packages\django\core\handlers\base.py", line 197, in _get_response
    response = wrapped_callback(request, *callback_args, **callback_kwargs)
               ^^^^^^^^^^^^^^^^^^^^^^^^^^^^^^^^^^^^^^^^^^^^^^^^^^^^^^^^^^^^
  File "D:\anaconda3\envs\BYSJ\Lib\site-packages\django\views\generic\base.py", line 105, in view
    return self.dispatch(request, *args, **kwargs)
           ^^^^^^^^^^^^^^^^^^^^^^^^^^^^^^^^^^^^^^^
  File "D:\anaconda3\envs\BYSJ\Lib\site-packages\django\views\generic\base.py", line 144, in dispatch
    return handler(request, *args, **kwargs)
           ^^^^^^^^^^^^^^^^^^^^^^^^^^^^^^^^^
  File "D:\PythonCode\pythonProject4\7.8newBlog\blog\home\views.py", line 41, in get
    return render(request, 'index.html', context=context)
           ^^^^^^^^^^^^^^^^^^^^^^^^^^^^^^^^^^^^^^^^^^^^^^
  File "D:\anaconda3\envs\BYSJ\Lib\site-packages\django\shortcuts.py", line 25, in render
    content = loader.render_to_string(template_name, context, request, using=using)
              ^^^^^^^^^^^^^^^^^^^^^^^^^^^^^^^^^^^^^^^^^^^^^^^^^^^^^^^^^^^^^^^^^^^^^
  File "D:\anaconda3\envs\BYSJ\Lib\site-packages\django\template\loader.py", line 61, in render_to_string
    template = get_template(template_name, using=using)
               ^^^^^^^^^^^^^^^^^^^^^^^^^^^^^^^^^^^^^^^^
  File "D:\anaconda3\envs\BYSJ\Lib\site-packages\django\template\loader.py", line 15, in get_template
    return engine.get_template(template_name)
           ^^^^^^^^^^^^^^^^^^^^^^^^^^^^^^^^^^
  File "D:\anaconda3\envs\BYSJ\Lib\site-packages\django\template\backends\django.py", line 79, in get_template
    return Template(self.engine.get_template(template_name), self)
                    ^^^^^^^^^^^^^^^^^^^^^^^^^^^^^^^^^^^^^^^
  File "D:\anaconda3\envs\BYSJ\Lib\site-packages\django\template\engine.py", line 177, in get_template
    template, origin = self.find_template(template_name)
                       ^^^^^^^^^^^^^^^^^^^^^^^^^^^^^^^^^
  File "D:\anaconda3\envs\BYSJ\Lib\site-packages\django\template\engine.py", line 159, in find_template
    template = loader.get_template(name, skip=skip)
               ^^^^^^^^^^^^^^^^^^^^^^^^^^^^^^^^^^^^
  File "D:\anaconda3\envs\BYSJ\Lib\site-packages\django\template\loaders\cached.py", line 57, in get_template
    template = super().get_template(template_name, skip)
               ^^^^^^^^^^^^^^^^^^^^^^^^^^^^^^^^^^^^^^^^^
  File "D:\anaconda3\envs\BYSJ\Lib\site-packages\django\template\loaders\base.py", line 28, in get_template
    return Template(
           ^^^^^^^^^
  File "D:\anaconda3\envs\BYSJ\Lib\site-packages\django\template\base.py", line 154, in __init__
    self.nodelist = self.compile_nodelist()
                    ^^^^^^^^^^^^^^^^^^^^^^^
  File "D:\anaconda3\envs\BYSJ\Lib\site-packages\django\template\base.py", line 196, in compile_nodelist
    nodelist = parser.parse()
               ^^^^^^^^^^^^^^
  File "D:\anaconda3\envs\BYSJ\Lib\site-packages\django\template\base.py", line 518, in parse
    raise self.error(token, e)
  File "D:\anaconda3\envs\BYSJ\Lib\site-packages\django\template\base.py", line 516, in parse
    compiled_result = compile_func(self, token)
                      ^^^^^^^^^^^^^^^^^^^^^^^^^
  File "D:\anaconda3\envs\BYSJ\Lib\site-packages\django\template\defaulttags.py", line 862, in do_for
    nodelist_loop = parser.parse(
                    ^^^^^^^^^^^^^
  File "D:\anaconda3\envs\BYSJ\Lib\site-packages\django\template\base.py", line 523, in parse
    self.unclosed_block_tag(parse_until)
  File "D:\anaconda3\envs\BYSJ\Lib\site-packages\django\template\base.py", line 590, in unclosed_block_tag
    raise self.error(token, msg)
django.template.exceptions.TemplateSyntaxError: Unclosed tag on line 75: 'for'. Looking for one of: empty, endfor.
ERROR 2025-07-22 14:49:45,130 basehttp 213 "GET / HTTP/1.1" 500 210062
INFO 2025-07-22 14:50:09,272 autoreload 667 Watching for file changes with StatReloader
INFO 2025-07-22 14:50:13,480 basehttp 213 "GET / HTTP/1.1" 200 7349
INFO 2025-07-22 14:50:13,518 basehttp 213 "GET /static/js/index.js HTTP/1.1" 304 0
INFO 2025-07-22 14:50:13,610 basehttp 213 "GET /media/article/20250722/preview.jpg HTTP/1.1" 200 283333
INFO 2025-07-22 14:50:39,410 autoreload 667 Watching for file changes with StatReloader
INFO 2025-07-22 14:50:40,839 basehttp 213 "GET / HTTP/1.1" 200 7349
INFO 2025-07-22 14:50:40,982 basehttp 213 "GET /media/article/20250722/preview.jpg HTTP/1.1" 200 283333
WARNING 2025-07-22 14:50:40,995 log 253 Not Found: /favicon.ico
WARNING 2025-07-22 14:50:40,996 basehttp 213 "GET /favicon.ico HTTP/1.1" 404 4694
INFO 2025-07-22 14:50:57,943 basehttp 213 "GET /?cat_id=2 HTTP/1.1" 200 5907
INFO 2025-07-22 14:50:58,494 basehttp 213 "GET /?cat_id=3 HTTP/1.1" 200 5907
INFO 2025-07-22 14:50:59,078 basehttp 213 "GET /?cat_id=4 HTTP/1.1" 200 5907
INFO 2025-07-22 14:50:59,672 basehttp 213 "GET /?cat_id=5 HTTP/1.1" 200 5907
INFO 2025-07-22 14:51:00,140 basehttp 213 "GET /?cat_id=6 HTTP/1.1" 200 5907
INFO 2025-07-22 14:53:53,220 autoreload 667 Watching for file changes with StatReloader
INFO 2025-07-22 14:53:55,351 basehttp 213 "GET / HTTP/1.1" 200 6862
INFO 2025-07-22 14:53:56,778 basehttp 213 "GET /?cat_id=2 HTTP/1.1" 200 5431
INFO 2025-07-22 14:53:57,357 basehttp 213 "GET /?cat_id=3 HTTP/1.1" 200 5431
INFO 2025-07-22 14:53:57,710 basehttp 213 "GET /?cat_id=4 HTTP/1.1" 200 5431
INFO 2025-07-22 14:53:58,019 basehttp 213 "GET /?cat_id=5 HTTP/1.1" 200 5431
INFO 2025-07-22 14:53:58,331 basehttp 213 "GET /?cat_id=6 HTTP/1.1" 200 5431
INFO 2025-07-22 14:53:58,645 basehttp 213 "GET /?cat_id=7 HTTP/1.1" 200 5431
INFO 2025-07-22 14:53:59,177 basehttp 213 "GET /?cat_id=1 HTTP/1.1" 200 6862
INFO 2025-07-22 15:00:38,975 basehttp 213 "GET / HTTP/1.1" 200 19741
INFO 2025-07-22 15:00:39,012 basehttp 213 "GET /media/article/20250722/preview.jpg HTTP/1.1" 304 0
INFO 2025-07-22 15:02:23,692 autoreload 667 Watching for file changes with StatReloader
INFO 2025-07-22 15:02:25,361 basehttp 213 "GET / HTTP/1.1" 200 19851
WARNING 2025-07-22 15:02:28,412 log 253 Not Found: /\uff1fcat_id==1&page_size=10&page_num=2
WARNING 2025-07-22 15:02:28,412 basehttp 213 "GET /%EF%BC%9Fcat_id==1&page_size=10&page_num=2 HTTP/1.1" 404 4807
INFO 2025-07-22 15:03:26,443 autoreload 667 Watching for file changes with StatReloader
INFO 2025-07-22 15:03:28,047 basehttp 213 "GET / HTTP/1.1" 200 19850
INFO 2025-07-22 15:03:28,062 basehttp 213 "GET /media/article/20250722/preview.jpg HTTP/1.1" 304 0
WARNING 2025-07-22 15:03:28,131 log 253 Not Found: /favicon.ico
WARNING 2025-07-22 15:03:28,132 basehttp 213 "GET /favicon.ico HTTP/1.1" 404 4694
WARNING 2025-07-22 15:03:29,861 log 253 Not Found: /\uff1fcat_id=1&page_size=10&page_num=2
WARNING 2025-07-22 15:03:29,861 basehttp 213 "GET /%EF%BC%9Fcat_id=1&page_size=10&page_num=2 HTTP/1.1" 404 4802
INFO 2025-07-22 15:05:11,966 autoreload 667 Watching for file changes with StatReloader
INFO 2025-07-22 15:05:13,457 basehttp 213 "GET / HTTP/1.1" 200 19848
INFO 2025-07-22 15:05:15,231 basehttp 213 "GET /?cat_id=1&page_size=10&page_num=2 HTTP/1.1" 200 19848
INFO 2025-07-26 12:41:54,798 autoreload 667 Watching for file changes with StatReloader
INFO 2025-07-26 12:41:57,442 basehttp 213 "GET / HTTP/1.1" 200 19848
INFO 2025-07-26 12:41:57,460 basehttp 213 "GET /media/article/20250722/preview.jpg HTTP/1.1" 304 0
INFO 2025-07-26 12:41:57,473 basehttp 213 "GET /static/js/index.js HTTP/1.1" 304 0
WARNING 2025-07-26 12:41:57,557 log 253 Not Found: /favicon.ico
WARNING 2025-07-26 12:41:57,558 basehttp 213 "GET /favicon.ico HTTP/1.1" 404 4694
INFO 2025-07-26 12:45:56,259 autoreload 265 D:\PythonCode\pythonProject4\7.8newBlog\blog\home\views.py changed, reloading.
INFO 2025-07-26 12:45:56,823 autoreload 667 Watching for file changes with StatReloader
INFO 2025-07-26 12:47:56,928 autoreload 265 D:\PythonCode\pythonProject4\7.8newBlog\blog\home\urls.py changed, reloading.
INFO 2025-07-26 12:47:57,532 autoreload 667 Watching for file changes with StatReloader
INFO 2025-07-26 12:48:04,849 autoreload 265 D:\PythonCode\pythonProject4\7.8newBlog\blog\home\urls.py changed, reloading.
INFO 2025-07-26 12:48:05,370 autoreload 667 Watching for file changes with StatReloader
INFO 2025-07-26 12:48:07,523 autoreload 265 D:\PythonCode\pythonProject4\7.8newBlog\blog\home\urls.py changed, reloading.
INFO 2025-07-26 12:48:08,043 autoreload 667 Watching for file changes with StatReloader
INFO 2025-07-26 12:48:14,244 autoreload 265 D:\PythonCode\pythonProject4\7.8newBlog\blog\home\urls.py changed, reloading.
INFO 2025-07-26 12:48:14,773 autoreload 667 Watching for file changes with StatReloader
INFO 2025-07-26 12:48:46,285 autoreload 265 D:\PythonCode\pythonProject4\7.8newBlog\blog\home\urls.py changed, reloading.
INFO 2025-07-26 12:48:46,810 autoreload 667 Watching for file changes with StatReloader
INFO 2025-07-26 12:49:00,049 basehttp 213 "GET / HTTP/1.1" 200 19848
INFO 2025-07-26 12:49:07,434 basehttp 213 "GET /detail HTTP/1.1" 301 0
ERROR 2025-07-26 12:49:07,573 log 253 Internal Server Error: /detail/
Traceback (most recent call last):
  File "D:\anaconda3\envs\BYSJ\Lib\site-packages\django\template\base.py", line 510, in parse
    compile_func = self.tags[command]
                   ~~~~~~~~~^^^^^^^^^
KeyError: 'statcic'

During handling of the above exception, another exception occurred:

Traceback (most recent call last):
  File "D:\anaconda3\envs\BYSJ\Lib\site-packages\django\core\handlers\exception.py", line 55, in inner
    response = get_response(request)
               ^^^^^^^^^^^^^^^^^^^^^
  File "D:\anaconda3\envs\BYSJ\Lib\site-packages\django\core\handlers\base.py", line 197, in _get_response
    response = wrapped_callback(request, *callback_args, **callback_kwargs)
               ^^^^^^^^^^^^^^^^^^^^^^^^^^^^^^^^^^^^^^^^^^^^^^^^^^^^^^^^^^^^
  File "D:\anaconda3\envs\BYSJ\Lib\site-packages\django\views\generic\base.py", line 105, in view
    return self.dispatch(request, *args, **kwargs)
           ^^^^^^^^^^^^^^^^^^^^^^^^^^^^^^^^^^^^^^^
  File "D:\anaconda3\envs\BYSJ\Lib\site-packages\django\views\generic\base.py", line 144, in dispatch
    return handler(request, *args, **kwargs)
           ^^^^^^^^^^^^^^^^^^^^^^^^^^^^^^^^^
  File "D:\PythonCode\pythonProject4\7.8newBlog\blog\home\views.py", line 45, in get
    return render(request,'detail.html')
           ^^^^^^^^^^^^^^^^^^^^^^^^^^^^^
  File "D:\anaconda3\envs\BYSJ\Lib\site-packages\django\shortcuts.py", line 25, in render
    content = loader.render_to_string(template_name, context, request, using=using)
              ^^^^^^^^^^^^^^^^^^^^^^^^^^^^^^^^^^^^^^^^^^^^^^^^^^^^^^^^^^^^^^^^^^^^^
  File "D:\anaconda3\envs\BYSJ\Lib\site-packages\django\template\loader.py", line 61, in render_to_string
    template = get_template(template_name, using=using)
               ^^^^^^^^^^^^^^^^^^^^^^^^^^^^^^^^^^^^^^^^
  File "D:\anaconda3\envs\BYSJ\Lib\site-packages\django\template\loader.py", line 15, in get_template
    return engine.get_template(template_name)
           ^^^^^^^^^^^^^^^^^^^^^^^^^^^^^^^^^^
  File "D:\anaconda3\envs\BYSJ\Lib\site-packages\django\template\backends\django.py", line 79, in get_template
    return Template(self.engine.get_template(template_name), self)
                    ^^^^^^^^^^^^^^^^^^^^^^^^^^^^^^^^^^^^^^^
  File "D:\anaconda3\envs\BYSJ\Lib\site-packages\django\template\engine.py", line 177, in get_template
    template, origin = self.find_template(template_name)
                       ^^^^^^^^^^^^^^^^^^^^^^^^^^^^^^^^^
  File "D:\anaconda3\envs\BYSJ\Lib\site-packages\django\template\engine.py", line 159, in find_template
    template = loader.get_template(name, skip=skip)
               ^^^^^^^^^^^^^^^^^^^^^^^^^^^^^^^^^^^^
  File "D:\anaconda3\envs\BYSJ\Lib\site-packages\django\template\loaders\cached.py", line 57, in get_template
    template = super().get_template(template_name, skip)
               ^^^^^^^^^^^^^^^^^^^^^^^^^^^^^^^^^^^^^^^^^
  File "D:\anaconda3\envs\BYSJ\Lib\site-packages\django\template\loaders\base.py", line 28, in get_template
    return Template(
           ^^^^^^^^^
  File "D:\anaconda3\envs\BYSJ\Lib\site-packages\django\template\base.py", line 154, in __init__
    self.nodelist = self.compile_nodelist()
                    ^^^^^^^^^^^^^^^^^^^^^^^
  File "D:\anaconda3\envs\BYSJ\Lib\site-packages\django\template\base.py", line 196, in compile_nodelist
    nodelist = parser.parse()
               ^^^^^^^^^^^^^^
  File "D:\anaconda3\envs\BYSJ\Lib\site-packages\django\template\base.py", line 512, in parse
    self.invalid_block_tag(token, command, parse_until)
  File "D:\anaconda3\envs\BYSJ\Lib\site-packages\django\template\base.py", line 577, in invalid_block_tag
    raise self.error(
django.template.exceptions.TemplateSyntaxError: Invalid block tag on line 22: 'statcic'. Did you forget to register or load this tag?
ERROR 2025-07-26 12:49:07,575 basehttp 213 "GET /detail/ HTTP/1.1" 500 167326
INFO 2025-07-26 12:49:41,724 autoreload 667 Watching for file changes with StatReloader
INFO 2025-07-26 12:49:42,981 basehttp 213 "GET / HTTP/1.1" 200 19848
WARNING 2025-07-26 12:49:43,068 log 253 Not Found: /favicon.ico
WARNING 2025-07-26 12:49:43,069 basehttp 213 "GET /favicon.ico HTTP/1.1" 404 4949
INFO 2025-07-26 12:49:47,807 basehttp 213 "GET /detail/ HTTP/1.1" 200 8635
WARNING 2025-07-26 12:49:47,814 log 253 Not Found: /detail/bootstrap/css/bootstrap.min.css
WARNING 2025-07-26 12:49:47,818 log 253 Not Found: /detail/ckeditor/ckeditor/plugins/prism/lib/prism/prism_patched.min.js
WARNING 2025-07-26 12:49:47,820 log 253 Not Found: /detail/prism/prism.css
WARNING 2025-07-26 12:49:47,821 basehttp 213 "GET /detail/bootstrap/css/bootstrap.min.css HTTP/1.1" 404 5030
WARNING 2025-07-26 12:49:47,821 basehttp 213 "GET /detail/ckeditor/ckeditor/plugins/prism/lib/prism/prism_patched.min.js HTTP/1.1" 404 5123
WARNING 2025-07-26 12:49:47,821 basehttp 213 "GET /detail/prism/prism.css HTTP/1.1" 404 4982
WARNING 2025-07-26 12:49:47,824 log 253 Not Found: /detail/common/common.css
WARNING 2025-07-26 12:49:47,827 log 253 Not Found: /detail/ckeditor/ckeditor-init.js
WARNING 2025-07-26 12:49:47,829 log 253 Not Found: /detail/common/jquery.pagination.css
WARNING 2025-07-26 12:49:47,829 basehttp 213 "GET /detail/common/common.css HTTP/1.1" 404 4988
WARNING 2025-07-26 12:49:47,830 basehttp 213 "GET /detail/ckeditor/ckeditor-init.js HTTP/1.1" 404 5012
WARNING 2025-07-26 12:49:47,830 basehttp 213 "GET /detail/common/jquery.pagination.css HTTP/1.1" 404 5021
WARNING 2025-07-26 12:49:47,834 log 253 Not Found: /detail/prism/prism.css
WARNING 2025-07-26 12:49:47,836 log 253 Not Found: /detail/js/host.js
WARNING 2025-07-26 12:49:47,838 log 253 Not Found: /detail/ckeditor/ckeditor/ckeditor.js
WARNING 2025-07-26 12:49:47,839 basehttp 213 "GET /detail/prism/prism.css HTTP/1.1" 404 4982
WARNING 2025-07-26 12:49:47,839 basehttp 213 "GET /detail/js/host.js HTTP/1.1" 404 4967
WARNING 2025-07-26 12:49:47,839 basehttp 213 "GET /detail/ckeditor/ckeditor/ckeditor.js HTTP/1.1" 404 5024
WARNING 2025-07-26 12:49:47,842 log 253 Not Found: /detail/js/common.js
WARNING 2025-07-26 12:49:47,845 log 253 Not Found: /detail/js/detail.js
WARNING 2025-07-26 12:49:47,847 log 253 Not Found: /detail/js/jquery.pagination.min.js
WARNING 2025-07-26 12:49:47,847 basehttp 213 "GET /detail/js/common.js HTTP/1.1" 404 4973
WARNING 2025-07-26 12:49:47,847 basehttp 213 "GET /detail/js/detail.js HTTP/1.1" 404 4973
WARNING 2025-07-26 12:49:47,847 basehttp 213 "GET /detail/js/jquery.pagination.min.js HTTP/1.1" 404 5018
INFO 2025-07-26 12:52:21,254 autoreload 667 Watching for file changes with StatReloader
INFO 2025-07-26 12:52:22,608 basehttp 213 "GET / HTTP/1.1" 200 19848
INFO 2025-07-26 12:52:26,250 basehttp 213 "GET /detail/ HTTP/1.1" 200 8689
INFO 2025-07-26 12:52:26,456 basehttp 213 "GET /static/prism/prism.css HTTP/1.1" 200 4033
WARNING 2025-07-26 12:52:26,462 log 253 Not Found: /detail/ckeditor/ckeditor-init.js
WARNING 2025-07-26 12:52:26,462 basehttp 213 "GET /detail/ckeditor/ckeditor-init.js HTTP/1.1" 404 5012
WARNING 2025-07-26 12:52:26,465 log 253 Not Found: /detail/ckeditor/ckeditor/ckeditor.js
WARNING 2025-07-26 12:52:26,465 basehttp 213 "GET /detail/ckeditor/ckeditor/ckeditor.js HTTP/1.1" 404 5024
INFO 2025-07-26 12:52:26,470 basehttp 213 "GET /static/js/detail.js HTTP/1.1" 200 1294
INFO 2025-07-26 12:52:26,471 basehttp 213 "GET /static/ckeditor/ckeditor/plugins/prism/lib/prism/prism_patched.min.js HTTP/1.1" 200 99487
INFO 2025-07-26 12:53:59,877 autoreload 667 Watching for file changes with StatReloader
INFO 2025-07-26 12:54:01,481 basehttp 213 "GET / HTTP/1.1" 200 19848
INFO 2025-07-26 12:54:04,845 basehttp 213 "GET /detail/ HTTP/1.1" 200 8715
WARNING 2025-07-26 12:54:04,855 basehttp 213 "GET /static/ckeditor/ckeditor-init.js, HTTP/1.1" 404 1892
INFO 2025-07-26 13:00:03,088 autoreload 667 Watching for file changes with StatReloader
INFO 2025-07-26 13:00:04,560 basehttp 213 "GET / HTTP/1.1" 200 19848
INFO 2025-07-26 13:00:08,548 basehttp 213 "GET /detail/ HTTP/1.1" 200 8705
INFO 2025-07-26 13:00:08,694 basehttp 213 "GET /static/ckeditor/ckeditor/config.js?t=I3I8 HTTP/1.1" 200 338
INFO 2025-07-26 13:00:08,697 basehttp 213 "GET /static/ckeditor/ckeditor/lang/en.js?t=I3I8 HTTP/1.1" 200 19035
INFO 2025-07-26 13:00:08,698 basehttp 213 "GET /static/ckeditor/ckeditor/skins/moono-lisa/editor.css?t=I3I8 HTTP/1.1" 200 46921
INFO 2025-07-26 13:00:08,700 basehttp 213 "GET /static/ckeditor/ckeditor/styles.js?t=I3I8 HTTP/1.1" 200 5583
INFO 2025-07-26 13:00:08,702 basehttp 213 "GET /static/ckeditor/ckeditor/plugins/codesnippet/plugin.js?t=I3I8 HTTP/1.1" 200 3824
INFO 2025-07-26 13:00:08,702 basehttp 213 "GET /static/ckeditor/ckeditor/plugins/prism/plugin.js?t=I3I8 HTTP/1.1" 200 4333
INFO 2025-07-26 13:00:08,706 basehttp 213 "GET /static/ckeditor/ckeditor/plugins/scayt/skins/moono-lisa/scayt.css HTTP/1.1" 200 381
INFO 2025-07-26 13:00:08,706 basehttp 213 "GET /static/ckeditor/ckeditor/plugins/tableselection/styles/tableselection.css HTTP/1.1" 200 1082
INFO 2025-07-26 13:00:08,706 basehttp 213 "GET /static/ckeditor/ckeditor/plugins/scayt/dialogs/dialog.css HTTP/1.1" 200 419
INFO 2025-07-26 13:00:08,707 basehttp 213 "GET /static/ckeditor/ckeditor/plugins/wsc/skins/moono-lisa/wsc.css HTTP/1.1" 200 1306
INFO 2025-07-26 13:00:08,707 basehttp 213 "GET /static/ckeditor/ckeditor/plugins/codesnippet/lang/en.js?t=I3I8 HTTP/1.1" 200 369
INFO 2025-07-26 13:00:08,712 basehttp 213 "GET /static/ckeditor/ckeditor/plugins/copyformatting/styles/copyformatting.css HTTP/1.1" 200 1513
INFO 2025-07-26 13:00:08,722 basehttp 213 "GET /static/ckeditor/ckeditor/plugins/codesnippet/icons/codesnippet.png?t=I3I8 HTTP/1.1" 200 597
INFO 2025-07-26 13:00:08,722 basehttp 213 "GET /static/ckeditor/ckeditor/skins/moono-lisa/icons.png?t=95e5d83 HTTP/1.1" 200 12421
INFO 2025-07-26 13:00:08,725 basehttp 213 "GET /static/ckeditor/ckeditor/contents.css?t=I3I8 HTTP/1.1" 200 2954
INFO 2025-07-26 13:00:08,725 basehttp 213 "GET /static/ckeditor/ckeditor/plugins/prism/lib/prism/prism_patched.min.css HTTP/1.1" 200 2063
INFO 2025-07-26 13:00:49,364 basehttp 213 "GET /detail/ HTTP/1.1" 200 8705
INFO 2025-07-26 13:00:51,070 basehttp 213 "GET /writeblog/ HTTP/1.1" 200 6208
INFO 2025-07-26 13:00:51,095 basehttp 213 "GET /static/ckeditor/ckeditor/lang/zh-cn.js?t=I3I8 HTTP/1.1" 200 18818
INFO 2025-07-26 13:00:53,538 basehttp 213 "GET /center/ HTTP/1.1" 200 4314
INFO 2025-07-26 13:00:53,544 basehttp 213 "GET /media/avatar/20250719/JAYCHOU.jpg HTTP/1.1" 304 0
INFO 2025-07-26 13:01:08,813 basehttp 213 "GET /center/ HTTP/1.1" 200 4314
INFO 2025-07-26 13:01:11,964 basehttp 213 "GET /writeblog/ HTTP/1.1" 200 6208
INFO 2025-07-26 13:03:49,066 autoreload 265 D:\PythonCode\pythonProject4\7.8newBlog\blog\home\views.py changed, reloading.
INFO 2025-07-26 13:03:49,598 autoreload 667 Watching for file changes with StatReloader
INFO 2025-07-26 13:05:32,433 autoreload 265 D:\PythonCode\pythonProject4\7.8newBlog\blog\home\views.py changed, reloading.
INFO 2025-07-26 13:05:32,972 autoreload 667 Watching for file changes with StatReloader
INFO 2025-07-26 13:05:45,445 autoreload 265 D:\PythonCode\pythonProject4\7.8newBlog\blog\home\views.py changed, reloading.
INFO 2025-07-26 13:05:45,961 autoreload 667 Watching for file changes with StatReloader
INFO 2025-07-26 13:06:50,240 basehttp 213 "GET / HTTP/1.1" 200 19848
WARNING 2025-07-26 13:06:50,318 log 253 Not Found: /favicon.ico
WARNING 2025-07-26 13:06:50,319 basehttp 213 "GET /favicon.ico HTTP/1.1" 404 4949
WARNING 2025-07-26 13:06:55,111 log 253 Not Found: /detail/
WARNING 2025-07-26 13:06:55,112 basehttp 213 "GET /detail/ HTTP/1.1" 404 15
INFO 2025-07-26 13:07:41,852 autoreload 667 Watching for file changes with StatReloader
INFO 2025-07-26 13:07:43,563 basehttp 213 "GET / HTTP/1.1" 200 19848
WARNING 2025-07-26 13:07:47,145 log 253 Not Found: /detail/
WARNING 2025-07-26 13:07:47,146 basehttp 213 "GET /detail/ HTTP/1.1" 404 15
INFO 2025-07-26 13:13:31,975 autoreload 667 Watching for file changes with StatReloader
INFO 2025-07-26 13:13:33,365 basehttp 213 "GET / HTTP/1.1" 200 19970
INFO 2025-07-26 13:13:40,958 autoreload 667 Watching for file changes with StatReloader
INFO 2025-07-26 13:14:10,284 autoreload 667 Watching for file changes with StatReloader
INFO 2025-07-26 13:14:11,487 basehttp 213 "GET / HTTP/1.1" 200 19850
WARNING 2025-07-26 13:14:11,566 log 253 Not Found: /favicon.ico
WARNING 2025-07-26 13:14:11,566 basehttp 213 "GET /favicon.ico HTTP/1.1" 404 4949
INFO 2025-07-26 13:14:40,211 basehttp 213 "GET / HTTP/1.1" 200 19850
INFO 2025-07-26 13:15:41,741 basehttp 213 "GET /?cat_id=2 HTTP/1.1" 200 5428
INFO 2025-07-26 13:15:42,385 basehttp 213 "GET /?cat_id=1 HTTP/1.1" 200 19890
INFO 2025-07-26 13:15:43,628 basehttp 213 "GET /writeblog/ HTTP/1.1" 200 6208
INFO 2025-07-26 13:15:52,816 basehttp 213 "POST /writeblog/ HTTP/1.1" 302 0
ERROR 2025-07-26 13:15:52,885 log 253 Internal Server Error: /
Traceback (most recent call last):
  File "D:\anaconda3\envs\BYSJ\Lib\site-packages\django\template\base.py", line 890, in _resolve_lookup
    raise TypeError
TypeError

During handling of the above exception, another exception occurred:

Traceback (most recent call last):
  File "D:\anaconda3\envs\BYSJ\Lib\site-packages\django\core\handlers\exception.py", line 55, in inner
    response = get_response(request)
               ^^^^^^^^^^^^^^^^^^^^^
  File "D:\anaconda3\envs\BYSJ\Lib\site-packages\django\core\handlers\base.py", line 197, in _get_response
    response = wrapped_callback(request, *callback_args, **callback_kwargs)
               ^^^^^^^^^^^^^^^^^^^^^^^^^^^^^^^^^^^^^^^^^^^^^^^^^^^^^^^^^^^^
  File "D:\anaconda3\envs\BYSJ\Lib\site-packages\django\views\generic\base.py", line 105, in view
    return self.dispatch(request, *args, **kwargs)
           ^^^^^^^^^^^^^^^^^^^^^^^^^^^^^^^^^^^^^^^
  File "D:\anaconda3\envs\BYSJ\Lib\site-packages\django\views\generic\base.py", line 144, in dispatch
    return handler(request, *args, **kwargs)
           ^^^^^^^^^^^^^^^^^^^^^^^^^^^^^^^^^
  File "D:\PythonCode\pythonProject4\7.8newBlog\blog\home\views.py", line 41, in get
    return render(request, 'index.html', context=context)
           ^^^^^^^^^^^^^^^^^^^^^^^^^^^^^^^^^^^^^^^^^^^^^^
  File "D:\anaconda3\envs\BYSJ\Lib\site-packages\django\shortcuts.py", line 25, in render
    content = loader.render_to_string(template_name, context, request, using=using)
              ^^^^^^^^^^^^^^^^^^^^^^^^^^^^^^^^^^^^^^^^^^^^^^^^^^^^^^^^^^^^^^^^^^^^^
  File "D:\anaconda3\envs\BYSJ\Lib\site-packages\django\template\loader.py", line 62, in render_to_string
    return template.render(context, request)
           ^^^^^^^^^^^^^^^^^^^^^^^^^^^^^^^^^
  File "D:\anaconda3\envs\BYSJ\Lib\site-packages\django\template\backends\django.py", line 107, in render
    return self.template.render(context)
           ^^^^^^^^^^^^^^^^^^^^^^^^^^^^^
  File "D:\anaconda3\envs\BYSJ\Lib\site-packages\django\template\base.py", line 171, in render
    return self._render(context)
           ^^^^^^^^^^^^^^^^^^^^^
  File "D:\anaconda3\envs\BYSJ\Lib\site-packages\django\template\base.py", line 163, in _render
    return self.nodelist.render(context)
           ^^^^^^^^^^^^^^^^^^^^^^^^^^^^^
  File "D:\anaconda3\envs\BYSJ\Lib\site-packages\django\template\base.py", line 1016, in render
    return SafeString("".join([node.render_annotated(context) for node in self]))
                              ^^^^^^^^^^^^^^^^^^^^^^^^^^^^^^^^^^^^^^^^^^^^^^^^^
  File "D:\anaconda3\envs\BYSJ\Lib\site-packages\django\template\base.py", line 1016, in <listcomp>
    return SafeString("".join([node.render_annotated(context) for node in self]))
                               ^^^^^^^^^^^^^^^^^^^^^^^^^^^^^^
  File "D:\anaconda3\envs\BYSJ\Lib\site-packages\django\template\base.py", line 977, in render_annotated
    return self.render(context)
           ^^^^^^^^^^^^^^^^^^^^
  File "D:\anaconda3\envs\BYSJ\Lib\site-packages\django\template\defaulttags.py", line 243, in render
    nodelist.append(node.render_annotated(context))
                    ^^^^^^^^^^^^^^^^^^^^^^^^^^^^^^
  File "D:\anaconda3\envs\BYSJ\Lib\site-packages\django\template\base.py", line 977, in render_annotated
    return self.render(context)
           ^^^^^^^^^^^^^^^^^^^^
  File "D:\anaconda3\envs\BYSJ\Lib\site-packages\django\template\base.py", line 1075, in render
    output = self.filter_expression.resolve(context)
             ^^^^^^^^^^^^^^^^^^^^^^^^^^^^^^^^^^^^^^^
  File "D:\anaconda3\envs\BYSJ\Lib\site-packages\django\template\base.py", line 722, in resolve
    obj = self.var.resolve(context)
          ^^^^^^^^^^^^^^^^^^^^^^^^^
  File "D:\anaconda3\envs\BYSJ\Lib\site-packages\django\template\base.py", line 854, in resolve
    value = self._resolve_lookup(context)
            ^^^^^^^^^^^^^^^^^^^^^^^^^^^^^
  File "D:\anaconda3\envs\BYSJ\Lib\site-packages\django\template\base.py", line 901, in _resolve_lookup
    current = getattr(current, bit)
              ^^^^^^^^^^^^^^^^^^^^^
  File "D:\anaconda3\envs\BYSJ\Lib\site-packages\django\db\models\fields\files.py", line 69, in url
    self._require_file()
  File "D:\anaconda3\envs\BYSJ\Lib\site-packages\django\db\models\fields\files.py", line 44, in _require_file
    raise ValueError(
ValueError: The 'avatar' attribute has no file associated with it.
ERROR 2025-07-26 13:15:52,893 basehttp 213 "GET / HTTP/1.1" 500 175486
INFO 2025-07-26 13:16:10,114 basehttp 213 "POST /writeblog/ HTTP/1.1" 302 0
ERROR 2025-07-26 13:16:10,166 log 253 Internal Server Error: /
Traceback (most recent call last):
  File "D:\anaconda3\envs\BYSJ\Lib\site-packages\django\template\base.py", line 890, in _resolve_lookup
    raise TypeError
TypeError

During handling of the above exception, another exception occurred:

Traceback (most recent call last):
  File "D:\anaconda3\envs\BYSJ\Lib\site-packages\django\core\handlers\exception.py", line 55, in inner
    response = get_response(request)
               ^^^^^^^^^^^^^^^^^^^^^
  File "D:\anaconda3\envs\BYSJ\Lib\site-packages\django\core\handlers\base.py", line 197, in _get_response
    response = wrapped_callback(request, *callback_args, **callback_kwargs)
               ^^^^^^^^^^^^^^^^^^^^^^^^^^^^^^^^^^^^^^^^^^^^^^^^^^^^^^^^^^^^
  File "D:\anaconda3\envs\BYSJ\Lib\site-packages\django\views\generic\base.py", line 105, in view
    return self.dispatch(request, *args, **kwargs)
           ^^^^^^^^^^^^^^^^^^^^^^^^^^^^^^^^^^^^^^^
  File "D:\anaconda3\envs\BYSJ\Lib\site-packages\django\views\generic\base.py", line 144, in dispatch
    return handler(request, *args, **kwargs)
           ^^^^^^^^^^^^^^^^^^^^^^^^^^^^^^^^^
  File "D:\PythonCode\pythonProject4\7.8newBlog\blog\home\views.py", line 41, in get
    return render(request, 'index.html', context=context)
           ^^^^^^^^^^^^^^^^^^^^^^^^^^^^^^^^^^^^^^^^^^^^^^
  File "D:\anaconda3\envs\BYSJ\Lib\site-packages\django\shortcuts.py", line 25, in render
    content = loader.render_to_string(template_name, context, request, using=using)
              ^^^^^^^^^^^^^^^^^^^^^^^^^^^^^^^^^^^^^^^^^^^^^^^^^^^^^^^^^^^^^^^^^^^^^
  File "D:\anaconda3\envs\BYSJ\Lib\site-packages\django\template\loader.py", line 62, in render_to_string
    return template.render(context, request)
           ^^^^^^^^^^^^^^^^^^^^^^^^^^^^^^^^^
  File "D:\anaconda3\envs\BYSJ\Lib\site-packages\django\template\backends\django.py", line 107, in render
    return self.template.render(context)
           ^^^^^^^^^^^^^^^^^^^^^^^^^^^^^
  File "D:\anaconda3\envs\BYSJ\Lib\site-packages\django\template\base.py", line 171, in render
    return self._render(context)
           ^^^^^^^^^^^^^^^^^^^^^
  File "D:\anaconda3\envs\BYSJ\Lib\site-packages\django\template\base.py", line 163, in _render
    return self.nodelist.render(context)
           ^^^^^^^^^^^^^^^^^^^^^^^^^^^^^
  File "D:\anaconda3\envs\BYSJ\Lib\site-packages\django\template\base.py", line 1016, in render
    return SafeString("".join([node.render_annotated(context) for node in self]))
                              ^^^^^^^^^^^^^^^^^^^^^^^^^^^^^^^^^^^^^^^^^^^^^^^^^
  File "D:\anaconda3\envs\BYSJ\Lib\site-packages\django\template\base.py", line 1016, in <listcomp>
    return SafeString("".join([node.render_annotated(context) for node in self]))
                               ^^^^^^^^^^^^^^^^^^^^^^^^^^^^^^
  File "D:\anaconda3\envs\BYSJ\Lib\site-packages\django\template\base.py", line 977, in render_annotated
    return self.render(context)
           ^^^^^^^^^^^^^^^^^^^^
  File "D:\anaconda3\envs\BYSJ\Lib\site-packages\django\template\defaulttags.py", line 243, in render
    nodelist.append(node.render_annotated(context))
                    ^^^^^^^^^^^^^^^^^^^^^^^^^^^^^^
  File "D:\anaconda3\envs\BYSJ\Lib\site-packages\django\template\base.py", line 977, in render_annotated
    return self.render(context)
           ^^^^^^^^^^^^^^^^^^^^
  File "D:\anaconda3\envs\BYSJ\Lib\site-packages\django\template\base.py", line 1075, in render
    output = self.filter_expression.resolve(context)
             ^^^^^^^^^^^^^^^^^^^^^^^^^^^^^^^^^^^^^^^
  File "D:\anaconda3\envs\BYSJ\Lib\site-packages\django\template\base.py", line 722, in resolve
    obj = self.var.resolve(context)
          ^^^^^^^^^^^^^^^^^^^^^^^^^
  File "D:\anaconda3\envs\BYSJ\Lib\site-packages\django\template\base.py", line 854, in resolve
    value = self._resolve_lookup(context)
            ^^^^^^^^^^^^^^^^^^^^^^^^^^^^^
  File "D:\anaconda3\envs\BYSJ\Lib\site-packages\django\template\base.py", line 901, in _resolve_lookup
    current = getattr(current, bit)
              ^^^^^^^^^^^^^^^^^^^^^
  File "D:\anaconda3\envs\BYSJ\Lib\site-packages\django\db\models\fields\files.py", line 69, in url
    self._require_file()
  File "D:\anaconda3\envs\BYSJ\Lib\site-packages\django\db\models\fields\files.py", line 44, in _require_file
    raise ValueError(
ValueError: The 'avatar' attribute has no file associated with it.
ERROR 2025-07-26 13:16:10,169 basehttp 213 "GET / HTTP/1.1" 500 178321
INFO 2025-07-26 13:16:35,472 basehttp 213 "GET /writeblog/ HTTP/1.1" 200 6208
INFO 2025-07-26 13:16:38,741 basehttp 213 "POST /writeblog/ HTTP/1.1" 302 0
ERROR 2025-07-26 13:16:38,812 log 253 Internal Server Error: /
Traceback (most recent call last):
  File "D:\anaconda3\envs\BYSJ\Lib\site-packages\django\template\base.py", line 890, in _resolve_lookup
    raise TypeError
TypeError

During handling of the above exception, another exception occurred:

Traceback (most recent call last):
  File "D:\anaconda3\envs\BYSJ\Lib\site-packages\django\core\handlers\exception.py", line 55, in inner
    response = get_response(request)
               ^^^^^^^^^^^^^^^^^^^^^
  File "D:\anaconda3\envs\BYSJ\Lib\site-packages\django\core\handlers\base.py", line 197, in _get_response
    response = wrapped_callback(request, *callback_args, **callback_kwargs)
               ^^^^^^^^^^^^^^^^^^^^^^^^^^^^^^^^^^^^^^^^^^^^^^^^^^^^^^^^^^^^
  File "D:\anaconda3\envs\BYSJ\Lib\site-packages\django\views\generic\base.py", line 105, in view
    return self.dispatch(request, *args, **kwargs)
           ^^^^^^^^^^^^^^^^^^^^^^^^^^^^^^^^^^^^^^^
  File "D:\anaconda3\envs\BYSJ\Lib\site-packages\django\views\generic\base.py", line 144, in dispatch
    return handler(request, *args, **kwargs)
           ^^^^^^^^^^^^^^^^^^^^^^^^^^^^^^^^^
  File "D:\PythonCode\pythonProject4\7.8newBlog\blog\home\views.py", line 41, in get
    return render(request, 'index.html', context=context)
           ^^^^^^^^^^^^^^^^^^^^^^^^^^^^^^^^^^^^^^^^^^^^^^
  File "D:\anaconda3\envs\BYSJ\Lib\site-packages\django\shortcuts.py", line 25, in render
    content = loader.render_to_string(template_name, context, request, using=using)
              ^^^^^^^^^^^^^^^^^^^^^^^^^^^^^^^^^^^^^^^^^^^^^^^^^^^^^^^^^^^^^^^^^^^^^
  File "D:\anaconda3\envs\BYSJ\Lib\site-packages\django\template\loader.py", line 62, in render_to_string
    return template.render(context, request)
           ^^^^^^^^^^^^^^^^^^^^^^^^^^^^^^^^^
  File "D:\anaconda3\envs\BYSJ\Lib\site-packages\django\template\backends\django.py", line 107, in render
    return self.template.render(context)
           ^^^^^^^^^^^^^^^^^^^^^^^^^^^^^
  File "D:\anaconda3\envs\BYSJ\Lib\site-packages\django\template\base.py", line 171, in render
    return self._render(context)
           ^^^^^^^^^^^^^^^^^^^^^
  File "D:\anaconda3\envs\BYSJ\Lib\site-packages\django\template\base.py", line 163, in _render
    return self.nodelist.render(context)
           ^^^^^^^^^^^^^^^^^^^^^^^^^^^^^
  File "D:\anaconda3\envs\BYSJ\Lib\site-packages\django\template\base.py", line 1016, in render
    return SafeString("".join([node.render_annotated(context) for node in self]))
                              ^^^^^^^^^^^^^^^^^^^^^^^^^^^^^^^^^^^^^^^^^^^^^^^^^
  File "D:\anaconda3\envs\BYSJ\Lib\site-packages\django\template\base.py", line 1016, in <listcomp>
    return SafeString("".join([node.render_annotated(context) for node in self]))
                               ^^^^^^^^^^^^^^^^^^^^^^^^^^^^^^
  File "D:\anaconda3\envs\BYSJ\Lib\site-packages\django\template\base.py", line 977, in render_annotated
    return self.render(context)
           ^^^^^^^^^^^^^^^^^^^^
  File "D:\anaconda3\envs\BYSJ\Lib\site-packages\django\template\defaulttags.py", line 243, in render
    nodelist.append(node.render_annotated(context))
                    ^^^^^^^^^^^^^^^^^^^^^^^^^^^^^^
  File "D:\anaconda3\envs\BYSJ\Lib\site-packages\django\template\base.py", line 977, in render_annotated
    return self.render(context)
           ^^^^^^^^^^^^^^^^^^^^
  File "D:\anaconda3\envs\BYSJ\Lib\site-packages\django\template\base.py", line 1075, in render
    output = self.filter_expression.resolve(context)
             ^^^^^^^^^^^^^^^^^^^^^^^^^^^^^^^^^^^^^^^
  File "D:\anaconda3\envs\BYSJ\Lib\site-packages\django\template\base.py", line 722, in resolve
    obj = self.var.resolve(context)
          ^^^^^^^^^^^^^^^^^^^^^^^^^
  File "D:\anaconda3\envs\BYSJ\Lib\site-packages\django\template\base.py", line 854, in resolve
    value = self._resolve_lookup(context)
            ^^^^^^^^^^^^^^^^^^^^^^^^^^^^^
  File "D:\anaconda3\envs\BYSJ\Lib\site-packages\django\template\base.py", line 901, in _resolve_lookup
    current = getattr(current, bit)
              ^^^^^^^^^^^^^^^^^^^^^
  File "D:\anaconda3\envs\BYSJ\Lib\site-packages\django\db\models\fields\files.py", line 69, in url
    self._require_file()
  File "D:\anaconda3\envs\BYSJ\Lib\site-packages\django\db\models\fields\files.py", line 44, in _require_file
    raise ValueError(
ValueError: The 'avatar' attribute has no file associated with it.
ERROR 2025-07-26 13:16:38,818 basehttp 213 "GET / HTTP/1.1" 500 181164
INFO 2025-07-26 13:18:00,259 autoreload 265 D:\PythonCode\pythonProject4\7.8newBlog\blog\users\models.py changed, reloading.
INFO 2025-07-26 13:18:00,781 autoreload 667 Watching for file changes with StatReloader
INFO 2025-07-26 13:19:00,539 autoreload 667 Watching for file changes with StatReloader
ERROR 2025-07-26 13:19:01,878 log 253 Internal Server Error: /
Traceback (most recent call last):
  File "D:\anaconda3\envs\BYSJ\Lib\site-packages\django\template\base.py", line 890, in _resolve_lookup
    raise TypeError
TypeError

During handling of the above exception, another exception occurred:

Traceback (most recent call last):
  File "D:\anaconda3\envs\BYSJ\Lib\site-packages\django\core\handlers\exception.py", line 55, in inner
    response = get_response(request)
               ^^^^^^^^^^^^^^^^^^^^^
  File "D:\anaconda3\envs\BYSJ\Lib\site-packages\django\core\handlers\base.py", line 197, in _get_response
    response = wrapped_callback(request, *callback_args, **callback_kwargs)
               ^^^^^^^^^^^^^^^^^^^^^^^^^^^^^^^^^^^^^^^^^^^^^^^^^^^^^^^^^^^^
  File "D:\anaconda3\envs\BYSJ\Lib\site-packages\django\views\generic\base.py", line 105, in view
    return self.dispatch(request, *args, **kwargs)
           ^^^^^^^^^^^^^^^^^^^^^^^^^^^^^^^^^^^^^^^
  File "D:\anaconda3\envs\BYSJ\Lib\site-packages\django\views\generic\base.py", line 144, in dispatch
    return handler(request, *args, **kwargs)
           ^^^^^^^^^^^^^^^^^^^^^^^^^^^^^^^^^
  File "D:\PythonCode\pythonProject4\7.8newBlog\blog\home\views.py", line 41, in get
    return render(request, 'index.html', context=context)
           ^^^^^^^^^^^^^^^^^^^^^^^^^^^^^^^^^^^^^^^^^^^^^^
  File "D:\anaconda3\envs\BYSJ\Lib\site-packages\django\shortcuts.py", line 25, in render
    content = loader.render_to_string(template_name, context, request, using=using)
              ^^^^^^^^^^^^^^^^^^^^^^^^^^^^^^^^^^^^^^^^^^^^^^^^^^^^^^^^^^^^^^^^^^^^^
  File "D:\anaconda3\envs\BYSJ\Lib\site-packages\django\template\loader.py", line 62, in render_to_string
    return template.render(context, request)
           ^^^^^^^^^^^^^^^^^^^^^^^^^^^^^^^^^
  File "D:\anaconda3\envs\BYSJ\Lib\site-packages\django\template\backends\django.py", line 107, in render
    return self.template.render(context)
           ^^^^^^^^^^^^^^^^^^^^^^^^^^^^^
  File "D:\anaconda3\envs\BYSJ\Lib\site-packages\django\template\base.py", line 171, in render
    return self._render(context)
           ^^^^^^^^^^^^^^^^^^^^^
  File "D:\anaconda3\envs\BYSJ\Lib\site-packages\django\template\base.py", line 163, in _render
    return self.nodelist.render(context)
           ^^^^^^^^^^^^^^^^^^^^^^^^^^^^^
  File "D:\anaconda3\envs\BYSJ\Lib\site-packages\django\template\base.py", line 1016, in render
    return SafeString("".join([node.render_annotated(context) for node in self]))
                              ^^^^^^^^^^^^^^^^^^^^^^^^^^^^^^^^^^^^^^^^^^^^^^^^^
  File "D:\anaconda3\envs\BYSJ\Lib\site-packages\django\template\base.py", line 1016, in <listcomp>
    return SafeString("".join([node.render_annotated(context) for node in self]))
                               ^^^^^^^^^^^^^^^^^^^^^^^^^^^^^^
  File "D:\anaconda3\envs\BYSJ\Lib\site-packages\django\template\base.py", line 977, in render_annotated
    return self.render(context)
           ^^^^^^^^^^^^^^^^^^^^
  File "D:\anaconda3\envs\BYSJ\Lib\site-packages\django\template\defaulttags.py", line 243, in render
    nodelist.append(node.render_annotated(context))
                    ^^^^^^^^^^^^^^^^^^^^^^^^^^^^^^
  File "D:\anaconda3\envs\BYSJ\Lib\site-packages\django\template\base.py", line 977, in render_annotated
    return self.render(context)
           ^^^^^^^^^^^^^^^^^^^^
  File "D:\anaconda3\envs\BYSJ\Lib\site-packages\django\template\base.py", line 1075, in render
    output = self.filter_expression.resolve(context)
             ^^^^^^^^^^^^^^^^^^^^^^^^^^^^^^^^^^^^^^^
  File "D:\anaconda3\envs\BYSJ\Lib\site-packages\django\template\base.py", line 722, in resolve
    obj = self.var.resolve(context)
          ^^^^^^^^^^^^^^^^^^^^^^^^^
  File "D:\anaconda3\envs\BYSJ\Lib\site-packages\django\template\base.py", line 854, in resolve
    value = self._resolve_lookup(context)
            ^^^^^^^^^^^^^^^^^^^^^^^^^^^^^
  File "D:\anaconda3\envs\BYSJ\Lib\site-packages\django\template\base.py", line 901, in _resolve_lookup
    current = getattr(current, bit)
              ^^^^^^^^^^^^^^^^^^^^^
  File "D:\anaconda3\envs\BYSJ\Lib\site-packages\django\db\models\fields\files.py", line 69, in url
    self._require_file()
  File "D:\anaconda3\envs\BYSJ\Lib\site-packages\django\db\models\fields\files.py", line 44, in _require_file
    raise ValueError(
ValueError: The 'avatar' attribute has no file associated with it.
ERROR 2025-07-26 13:19:01,881 basehttp 213 "GET / HTTP/1.1" 500 180866
WARNING 2025-07-26 13:19:01,972 log 253 Not Found: /favicon.ico
WARNING 2025-07-26 13:19:01,972 basehttp 213 "GET /favicon.ico HTTP/1.1" 404 4949
WARNING 2025-07-26 13:19:09,349 log 253 Not Found: /home\u3001
WARNING 2025-07-26 13:19:09,350 basehttp 213 "GET /home%E3%80%81 HTTP/1.1" 404 4943
WARNING 2025-07-26 13:19:12,179 log 253 Not Found: /home
WARNING 2025-07-26 13:19:12,180 basehttp 213 "GET /home HTTP/1.1" 404 4928
WARNING 2025-07-26 13:19:15,296 log 253 Not Found: /index
WARNING 2025-07-26 13:19:15,296 basehttp 213 "GET /index HTTP/1.1" 404 4931
WARNING 2025-07-26 13:19:17,083 log 253 Not Found: /index
WARNING 2025-07-26 13:19:17,083 basehttp 213 "GET /index HTTP/1.1" 404 4931
WARNING 2025-07-26 13:19:17,467 log 253 Not Found: /index
WARNING 2025-07-26 13:19:17,467 basehttp 213 "GET /index HTTP/1.1" 404 4931
WARNING 2025-07-26 13:19:17,642 log 253 Not Found: /index
WARNING 2025-07-26 13:19:17,643 basehttp 213 "GET /index HTTP/1.1" 404 4931
ERROR 2025-07-26 13:19:48,025 log 253 Internal Server Error: /
Traceback (most recent call last):
  File "D:\anaconda3\envs\BYSJ\Lib\site-packages\django\template\base.py", line 890, in _resolve_lookup
    raise TypeError
TypeError

During handling of the above exception, another exception occurred:

Traceback (most recent call last):
  File "D:\anaconda3\envs\BYSJ\Lib\site-packages\django\core\handlers\exception.py", line 55, in inner
    response = get_response(request)
               ^^^^^^^^^^^^^^^^^^^^^
  File "D:\anaconda3\envs\BYSJ\Lib\site-packages\django\core\handlers\base.py", line 197, in _get_response
    response = wrapped_callback(request, *callback_args, **callback_kwargs)
               ^^^^^^^^^^^^^^^^^^^^^^^^^^^^^^^^^^^^^^^^^^^^^^^^^^^^^^^^^^^^
  File "D:\anaconda3\envs\BYSJ\Lib\site-packages\django\views\generic\base.py", line 105, in view
    return self.dispatch(request, *args, **kwargs)
           ^^^^^^^^^^^^^^^^^^^^^^^^^^^^^^^^^^^^^^^
  File "D:\anaconda3\envs\BYSJ\Lib\site-packages\django\views\generic\base.py", line 144, in dispatch
    return handler(request, *args, **kwargs)
           ^^^^^^^^^^^^^^^^^^^^^^^^^^^^^^^^^
  File "D:\PythonCode\pythonProject4\7.8newBlog\blog\home\views.py", line 41, in get
    return render(request, 'index.html', context=context)
           ^^^^^^^^^^^^^^^^^^^^^^^^^^^^^^^^^^^^^^^^^^^^^^
  File "D:\anaconda3\envs\BYSJ\Lib\site-packages\django\shortcuts.py", line 25, in render
    content = loader.render_to_string(template_name, context, request, using=using)
              ^^^^^^^^^^^^^^^^^^^^^^^^^^^^^^^^^^^^^^^^^^^^^^^^^^^^^^^^^^^^^^^^^^^^^
  File "D:\anaconda3\envs\BYSJ\Lib\site-packages\django\template\loader.py", line 62, in render_to_string
    return template.render(context, request)
           ^^^^^^^^^^^^^^^^^^^^^^^^^^^^^^^^^
  File "D:\anaconda3\envs\BYSJ\Lib\site-packages\django\template\backends\django.py", line 107, in render
    return self.template.render(context)
           ^^^^^^^^^^^^^^^^^^^^^^^^^^^^^
  File "D:\anaconda3\envs\BYSJ\Lib\site-packages\django\template\base.py", line 171, in render
    return self._render(context)
           ^^^^^^^^^^^^^^^^^^^^^
  File "D:\anaconda3\envs\BYSJ\Lib\site-packages\django\template\base.py", line 163, in _render
    return self.nodelist.render(context)
           ^^^^^^^^^^^^^^^^^^^^^^^^^^^^^
  File "D:\anaconda3\envs\BYSJ\Lib\site-packages\django\template\base.py", line 1016, in render
    return SafeString("".join([node.render_annotated(context) for node in self]))
                              ^^^^^^^^^^^^^^^^^^^^^^^^^^^^^^^^^^^^^^^^^^^^^^^^^
  File "D:\anaconda3\envs\BYSJ\Lib\site-packages\django\template\base.py", line 1016, in <listcomp>
    return SafeString("".join([node.render_annotated(context) for node in self]))
                               ^^^^^^^^^^^^^^^^^^^^^^^^^^^^^^
  File "D:\anaconda3\envs\BYSJ\Lib\site-packages\django\template\base.py", line 977, in render_annotated
    return self.render(context)
           ^^^^^^^^^^^^^^^^^^^^
  File "D:\anaconda3\envs\BYSJ\Lib\site-packages\django\template\defaulttags.py", line 243, in render
    nodelist.append(node.render_annotated(context))
                    ^^^^^^^^^^^^^^^^^^^^^^^^^^^^^^
  File "D:\anaconda3\envs\BYSJ\Lib\site-packages\django\template\base.py", line 977, in render_annotated
    return self.render(context)
           ^^^^^^^^^^^^^^^^^^^^
  File "D:\anaconda3\envs\BYSJ\Lib\site-packages\django\template\base.py", line 1075, in render
    output = self.filter_expression.resolve(context)
             ^^^^^^^^^^^^^^^^^^^^^^^^^^^^^^^^^^^^^^^
  File "D:\anaconda3\envs\BYSJ\Lib\site-packages\django\template\base.py", line 722, in resolve
    obj = self.var.resolve(context)
          ^^^^^^^^^^^^^^^^^^^^^^^^^
  File "D:\anaconda3\envs\BYSJ\Lib\site-packages\django\template\base.py", line 854, in resolve
    value = self._resolve_lookup(context)
            ^^^^^^^^^^^^^^^^^^^^^^^^^^^^^
  File "D:\anaconda3\envs\BYSJ\Lib\site-packages\django\template\base.py", line 901, in _resolve_lookup
    current = getattr(current, bit)
              ^^^^^^^^^^^^^^^^^^^^^
  File "D:\anaconda3\envs\BYSJ\Lib\site-packages\django\db\models\fields\files.py", line 69, in url
    self._require_file()
  File "D:\anaconda3\envs\BYSJ\Lib\site-packages\django\db\models\fields\files.py", line 44, in _require_file
    raise ValueError(
ValueError: The 'avatar' attribute has no file associated with it.
ERROR 2025-07-26 13:19:48,032 basehttp 213 "GET / HTTP/1.1" 500 180866
ERROR 2025-07-26 13:19:53,083 log 253 Internal Server Error: /
Traceback (most recent call last):
  File "D:\anaconda3\envs\BYSJ\Lib\site-packages\django\template\base.py", line 890, in _resolve_lookup
    raise TypeError
TypeError

During handling of the above exception, another exception occurred:

Traceback (most recent call last):
  File "D:\anaconda3\envs\BYSJ\Lib\site-packages\django\core\handlers\exception.py", line 55, in inner
    response = get_response(request)
               ^^^^^^^^^^^^^^^^^^^^^
  File "D:\anaconda3\envs\BYSJ\Lib\site-packages\django\core\handlers\base.py", line 197, in _get_response
    response = wrapped_callback(request, *callback_args, **callback_kwargs)
               ^^^^^^^^^^^^^^^^^^^^^^^^^^^^^^^^^^^^^^^^^^^^^^^^^^^^^^^^^^^^
  File "D:\anaconda3\envs\BYSJ\Lib\site-packages\django\views\generic\base.py", line 105, in view
    return self.dispatch(request, *args, **kwargs)
           ^^^^^^^^^^^^^^^^^^^^^^^^^^^^^^^^^^^^^^^
  File "D:\anaconda3\envs\BYSJ\Lib\site-packages\django\views\generic\base.py", line 144, in dispatch
    return handler(request, *args, **kwargs)
           ^^^^^^^^^^^^^^^^^^^^^^^^^^^^^^^^^
  File "D:\PythonCode\pythonProject4\7.8newBlog\blog\home\views.py", line 41, in get
    return render(request, 'index.html', context=context)
           ^^^^^^^^^^^^^^^^^^^^^^^^^^^^^^^^^^^^^^^^^^^^^^
  File "D:\anaconda3\envs\BYSJ\Lib\site-packages\django\shortcuts.py", line 25, in render
    content = loader.render_to_string(template_name, context, request, using=using)
              ^^^^^^^^^^^^^^^^^^^^^^^^^^^^^^^^^^^^^^^^^^^^^^^^^^^^^^^^^^^^^^^^^^^^^
  File "D:\anaconda3\envs\BYSJ\Lib\site-packages\django\template\loader.py", line 62, in render_to_string
    return template.render(context, request)
           ^^^^^^^^^^^^^^^^^^^^^^^^^^^^^^^^^
  File "D:\anaconda3\envs\BYSJ\Lib\site-packages\django\template\backends\django.py", line 107, in render
    return self.template.render(context)
           ^^^^^^^^^^^^^^^^^^^^^^^^^^^^^
  File "D:\anaconda3\envs\BYSJ\Lib\site-packages\django\template\base.py", line 171, in render
    return self._render(context)
           ^^^^^^^^^^^^^^^^^^^^^
  File "D:\anaconda3\envs\BYSJ\Lib\site-packages\django\template\base.py", line 163, in _render
    return self.nodelist.render(context)
           ^^^^^^^^^^^^^^^^^^^^^^^^^^^^^
  File "D:\anaconda3\envs\BYSJ\Lib\site-packages\django\template\base.py", line 1016, in render
    return SafeString("".join([node.render_annotated(context) for node in self]))
                              ^^^^^^^^^^^^^^^^^^^^^^^^^^^^^^^^^^^^^^^^^^^^^^^^^
  File "D:\anaconda3\envs\BYSJ\Lib\site-packages\django\template\base.py", line 1016, in <listcomp>
    return SafeString("".join([node.render_annotated(context) for node in self]))
                               ^^^^^^^^^^^^^^^^^^^^^^^^^^^^^^
  File "D:\anaconda3\envs\BYSJ\Lib\site-packages\django\template\base.py", line 977, in render_annotated
    return self.render(context)
           ^^^^^^^^^^^^^^^^^^^^
  File "D:\anaconda3\envs\BYSJ\Lib\site-packages\django\template\defaulttags.py", line 243, in render
    nodelist.append(node.render_annotated(context))
                    ^^^^^^^^^^^^^^^^^^^^^^^^^^^^^^
  File "D:\anaconda3\envs\BYSJ\Lib\site-packages\django\template\base.py", line 977, in render_annotated
    return self.render(context)
           ^^^^^^^^^^^^^^^^^^^^
  File "D:\anaconda3\envs\BYSJ\Lib\site-packages\django\template\base.py", line 1075, in render
    output = self.filter_expression.resolve(context)
             ^^^^^^^^^^^^^^^^^^^^^^^^^^^^^^^^^^^^^^^
  File "D:\anaconda3\envs\BYSJ\Lib\site-packages\django\template\base.py", line 722, in resolve
    obj = self.var.resolve(context)
          ^^^^^^^^^^^^^^^^^^^^^^^^^
  File "D:\anaconda3\envs\BYSJ\Lib\site-packages\django\template\base.py", line 854, in resolve
    value = self._resolve_lookup(context)
            ^^^^^^^^^^^^^^^^^^^^^^^^^^^^^
  File "D:\anaconda3\envs\BYSJ\Lib\site-packages\django\template\base.py", line 901, in _resolve_lookup
    current = getattr(current, bit)
              ^^^^^^^^^^^^^^^^^^^^^
  File "D:\anaconda3\envs\BYSJ\Lib\site-packages\django\db\models\fields\files.py", line 69, in url
    self._require_file()
  File "D:\anaconda3\envs\BYSJ\Lib\site-packages\django\db\models\fields\files.py", line 44, in _require_file
    raise ValueError(
ValueError: The 'avatar' attribute has no file associated with it.
ERROR 2025-07-26 13:19:53,090 basehttp 213 "GET / HTTP/1.1" 500 180866
INFO 2025-07-26 13:19:58,873 autoreload 667 Watching for file changes with StatReloader
ERROR 2025-07-26 13:20:00,481 log 253 Internal Server Error: /
Traceback (most recent call last):
  File "D:\anaconda3\envs\BYSJ\Lib\site-packages\django\template\base.py", line 890, in _resolve_lookup
    raise TypeError
TypeError

During handling of the above exception, another exception occurred:

Traceback (most recent call last):
  File "D:\anaconda3\envs\BYSJ\Lib\site-packages\django\core\handlers\exception.py", line 55, in inner
    response = get_response(request)
               ^^^^^^^^^^^^^^^^^^^^^
  File "D:\anaconda3\envs\BYSJ\Lib\site-packages\django\core\handlers\base.py", line 197, in _get_response
    response = wrapped_callback(request, *callback_args, **callback_kwargs)
               ^^^^^^^^^^^^^^^^^^^^^^^^^^^^^^^^^^^^^^^^^^^^^^^^^^^^^^^^^^^^
  File "D:\anaconda3\envs\BYSJ\Lib\site-packages\django\views\generic\base.py", line 105, in view
    return self.dispatch(request, *args, **kwargs)
           ^^^^^^^^^^^^^^^^^^^^^^^^^^^^^^^^^^^^^^^
  File "D:\anaconda3\envs\BYSJ\Lib\site-packages\django\views\generic\base.py", line 144, in dispatch
    return handler(request, *args, **kwargs)
           ^^^^^^^^^^^^^^^^^^^^^^^^^^^^^^^^^
  File "D:\PythonCode\pythonProject4\7.8newBlog\blog\home\views.py", line 41, in get
    return render(request, 'index.html', context=context)
           ^^^^^^^^^^^^^^^^^^^^^^^^^^^^^^^^^^^^^^^^^^^^^^
  File "D:\anaconda3\envs\BYSJ\Lib\site-packages\django\shortcuts.py", line 25, in render
    content = loader.render_to_string(template_name, context, request, using=using)
              ^^^^^^^^^^^^^^^^^^^^^^^^^^^^^^^^^^^^^^^^^^^^^^^^^^^^^^^^^^^^^^^^^^^^^
  File "D:\anaconda3\envs\BYSJ\Lib\site-packages\django\template\loader.py", line 62, in render_to_string
    return template.render(context, request)
           ^^^^^^^^^^^^^^^^^^^^^^^^^^^^^^^^^
  File "D:\anaconda3\envs\BYSJ\Lib\site-packages\django\template\backends\django.py", line 107, in render
    return self.template.render(context)
           ^^^^^^^^^^^^^^^^^^^^^^^^^^^^^
  File "D:\anaconda3\envs\BYSJ\Lib\site-packages\django\template\base.py", line 171, in render
    return self._render(context)
           ^^^^^^^^^^^^^^^^^^^^^
  File "D:\anaconda3\envs\BYSJ\Lib\site-packages\django\template\base.py", line 163, in _render
    return self.nodelist.render(context)
           ^^^^^^^^^^^^^^^^^^^^^^^^^^^^^
  File "D:\anaconda3\envs\BYSJ\Lib\site-packages\django\template\base.py", line 1016, in render
    return SafeString("".join([node.render_annotated(context) for node in self]))
                              ^^^^^^^^^^^^^^^^^^^^^^^^^^^^^^^^^^^^^^^^^^^^^^^^^
  File "D:\anaconda3\envs\BYSJ\Lib\site-packages\django\template\base.py", line 1016, in <listcomp>
    return SafeString("".join([node.render_annotated(context) for node in self]))
                               ^^^^^^^^^^^^^^^^^^^^^^^^^^^^^^
  File "D:\anaconda3\envs\BYSJ\Lib\site-packages\django\template\base.py", line 977, in render_annotated
    return self.render(context)
           ^^^^^^^^^^^^^^^^^^^^
  File "D:\anaconda3\envs\BYSJ\Lib\site-packages\django\template\defaulttags.py", line 243, in render
    nodelist.append(node.render_annotated(context))
                    ^^^^^^^^^^^^^^^^^^^^^^^^^^^^^^
  File "D:\anaconda3\envs\BYSJ\Lib\site-packages\django\template\base.py", line 977, in render_annotated
    return self.render(context)
           ^^^^^^^^^^^^^^^^^^^^
  File "D:\anaconda3\envs\BYSJ\Lib\site-packages\django\template\base.py", line 1075, in render
    output = self.filter_expression.resolve(context)
             ^^^^^^^^^^^^^^^^^^^^^^^^^^^^^^^^^^^^^^^
  File "D:\anaconda3\envs\BYSJ\Lib\site-packages\django\template\base.py", line 722, in resolve
    obj = self.var.resolve(context)
          ^^^^^^^^^^^^^^^^^^^^^^^^^
  File "D:\anaconda3\envs\BYSJ\Lib\site-packages\django\template\base.py", line 854, in resolve
    value = self._resolve_lookup(context)
            ^^^^^^^^^^^^^^^^^^^^^^^^^^^^^
  File "D:\anaconda3\envs\BYSJ\Lib\site-packages\django\template\base.py", line 901, in _resolve_lookup
    current = getattr(current, bit)
              ^^^^^^^^^^^^^^^^^^^^^
  File "D:\anaconda3\envs\BYSJ\Lib\site-packages\django\db\models\fields\files.py", line 69, in url
    self._require_file()
  File "D:\anaconda3\envs\BYSJ\Lib\site-packages\django\db\models\fields\files.py", line 44, in _require_file
    raise ValueError(
ValueError: The 'avatar' attribute has no file associated with it.
ERROR 2025-07-26 13:20:00,487 basehttp 213 "GET / HTTP/1.1" 500 180866
WARNING 2025-07-26 13:20:00,590 log 253 Not Found: /favicon.ico
WARNING 2025-07-26 13:20:00,591 basehttp 213 "GET /favicon.ico HTTP/1.1" 404 4949
INFO 2025-07-26 13:21:10,583 autoreload 667 Watching for file changes with StatReloader
INFO 2025-07-26 13:21:11,737 basehttp 213 "GET / HTTP/1.1" 200 19899
INFO 2025-07-26 13:21:11,916 basehttp 213 "GET /media/article/20250726/preview_azUzrRl.jpg HTTP/1.1" 200 283333
INFO 2025-07-26 13:21:11,920 basehttp 213 "GET /media/article/20250726/preview.jpg HTTP/1.1" 200 283333
INFO 2025-07-26 13:21:20,500 basehttp 213 "GET /?cat_id=1&page_size=10&page_num=5 HTTP/1.1" 200 19898
INFO 2025-07-26 13:21:22,997 basehttp 213 "GET /?cat_id=1&page_size=10&page_num=3 HTTP/1.1" 200 19898
INFO 2025-07-26 13:21:24,960 basehttp 213 "GET /?cat_id=1&page_size=10&page_num=1 HTTP/1.1" 200 19899
INFO 2025-07-26 13:30:43,810 autoreload 265 D:\PythonCode\pythonProject4\7.8newBlog\blog\home\views.py changed, reloading.
INFO 2025-07-26 13:30:44,325 autoreload 667 Watching for file changes with StatReloader
ERROR 2025-07-26 13:30:46,302 log 253 Internal Server Error: /
Traceback (most recent call last):
  File "D:\anaconda3\envs\BYSJ\Lib\site-packages\django\core\handlers\exception.py", line 55, in inner
    response = get_response(request)
               ^^^^^^^^^^^^^^^^^^^^^
  File "D:\anaconda3\envs\BYSJ\Lib\site-packages\django\core\handlers\base.py", line 197, in _get_response
    response = wrapped_callback(request, *callback_args, **callback_kwargs)
               ^^^^^^^^^^^^^^^^^^^^^^^^^^^^^^^^^^^^^^^^^^^^^^^^^^^^^^^^^^^^
  File "D:\anaconda3\envs\BYSJ\Lib\site-packages\django\views\generic\base.py", line 105, in view
    return self.dispatch(request, *args, **kwargs)
           ^^^^^^^^^^^^^^^^^^^^^^^^^^^^^^^^^^^^^^^
  File "D:\anaconda3\envs\BYSJ\Lib\site-packages\django\views\generic\base.py", line 144, in dispatch
    return handler(request, *args, **kwargs)
           ^^^^^^^^^^^^^^^^^^^^^^^^^^^^^^^^^
  File "D:\PythonCode\pythonProject4\7.8newBlog\blog\home\views.py", line 37, in get
    'title':title,
            ^^^^^
NameError: name 'title' is not defined
ERROR 2025-07-26 13:30:46,304 basehttp 213 "GET / HTTP/1.1" 500 87430
INFO 2025-07-26 13:31:44,657 autoreload 265 D:\PythonCode\pythonProject4\7.8newBlog\blog\home\views.py changed, reloading.
INFO 2025-07-26 13:31:45,191 autoreload 667 Watching for file changes with StatReloader
INFO 2025-07-26 13:32:09,905 basehttp 213 "GET / HTTP/1.1" 200 19899
INFO 2025-07-26 13:32:09,921 basehttp 213 "GET /media/article/20250726/preview_azUzrRl.jpg HTTP/1.1" 304 0
INFO 2025-07-26 13:32:09,921 basehttp 213 "GET /media/article/20250726/preview.jpg HTTP/1.1" 304 0
WARNING 2025-07-26 13:32:09,986 log 253 Not Found: /favicon.ico
WARNING 2025-07-26 13:32:09,987 basehttp 213 "GET /favicon.ico HTTP/1.1" 404 4949
INFO 2025-07-26 13:33:03,815 autoreload 265 D:\PythonCode\pythonProject4\7.8newBlog\blog\users\views.py changed, reloading.
INFO 2025-07-26 13:33:04,327 autoreload 667 Watching for file changes with StatReloader
INFO 2025-07-26 13:33:12,746 autoreload 265 D:\PythonCode\pythonProject4\7.8newBlog\blog\users\views.py changed, reloading.
INFO 2025-07-26 13:33:13,280 autoreload 667 Watching for file changes with StatReloader
INFO 2025-07-26 13:33:22,693 autoreload 265 D:\PythonCode\pythonProject4\7.8newBlog\blog\users\views.py changed, reloading.
INFO 2025-07-26 13:33:23,219 autoreload 667 Watching for file changes with StatReloader
INFO 2025-07-26 13:33:25,200 basehttp 213 "GET / HTTP/1.1" 200 19899
INFO 2025-07-26 13:34:07,397 autoreload 667 Watching for file changes with StatReloader
INFO 2025-07-26 13:34:08,658 basehttp 213 "GET / HTTP/1.1" 200 19959
INFO 2025-07-26 13:34:08,673 basehttp 213 "GET /media/article/20250726/preview_azUzrRl.jpg HTTP/1.1" 304 0
INFO 2025-07-26 13:34:08,674 basehttp 213 "GET /media/article/20250726/preview.jpg HTTP/1.1" 304 0
WARNING 2025-07-26 13:34:08,740 log 253 Not Found: /favicon.ico
WARNING 2025-07-26 13:34:08,740 basehttp 213 "GET /favicon.ico HTTP/1.1" 404 4949
INFO 2025-07-26 13:34:14,022 basehttp 213 "GET /writeblog/ HTTP/1.1" 200 6208
INFO 2025-07-26 13:34:23,473 basehttp 213 "POST /writeblog/ HTTP/1.1" 302 0
INFO 2025-07-26 13:34:23,508 basehttp 213 "GET / HTTP/1.1" 200 19960
INFO 2025-07-26 13:34:23,605 basehttp 213 "GET /media/article/20250726/preview.gif HTTP/1.1" 200 859544
INFO 2025-07-26 13:34:28,960 basehttp 213 "GET /writeblog/ HTTP/1.1" 200 6208
INFO 2025-07-26 13:34:47,788 basehttp 213 "POST /writeblog/ HTTP/1.1" 302 0
INFO 2025-07-26 13:34:47,822 basehttp 213 "GET / HTTP/1.1" 200 19960
INFO 2025-07-26 13:34:47,827 basehttp 213 "GET /media/article/20250726/preview.gif HTTP/1.1" 304 0
INFO 2025-07-26 13:34:49,268 basehttp 213 "GET /?cat_id=2 HTTP/1.1" 200 6881
INFO 2025-07-26 13:34:49,278 basehttp 213 "GET /media/article/20250726/preview_AQsdNId.gif HTTP/1.1" 200 859544
INFO 2025-07-26 13:34:52,287 basehttp 213 "GET /?cat_id=1 HTTP/1.1" 200 19960
INFO 2025-07-26 13:34:52,293 basehttp 213 "GET /media/article/20250726/preview.gif HTTP/1.1" 304 0
ERROR 2025-07-26 13:34:53,291 log 253 Internal Server Error: /detail/
Traceback (most recent call last):
  File "D:\anaconda3\envs\BYSJ\Lib\site-packages\django\core\handlers\exception.py", line 55, in inner
    response = get_response(request)
               ^^^^^^^^^^^^^^^^^^^^^
  File "D:\anaconda3\envs\BYSJ\Lib\site-packages\django\core\handlers\base.py", line 197, in _get_response
    response = wrapped_callback(request, *callback_args, **callback_kwargs)
               ^^^^^^^^^^^^^^^^^^^^^^^^^^^^^^^^^^^^^^^^^^^^^^^^^^^^^^^^^^^^
  File "D:\anaconda3\envs\BYSJ\Lib\site-packages\django\views\generic\base.py", line 105, in view
    return self.dispatch(request, *args, **kwargs)
           ^^^^^^^^^^^^^^^^^^^^^^^^^^^^^^^^^^^^^^^
  File "D:\anaconda3\envs\BYSJ\Lib\site-packages\django\views\generic\base.py", line 144, in dispatch
    return handler(request, *args, **kwargs)
           ^^^^^^^^^^^^^^^^^^^^^^^^^^^^^^^^^
  File "D:\PythonCode\pythonProject4\7.8newBlog\blog\home\views.py", line 57, in get
    'category':category,
               ^^^^^^^^
NameError: name 'category' is not defined
ERROR 2025-07-26 13:34:53,291 basehttp 213 "GET /detail/?id=94 HTTP/1.1" 500 85840
INFO 2025-07-26 13:36:20,938 autoreload 265 D:\PythonCode\pythonProject4\7.8newBlog\blog\home\views.py changed, reloading.
INFO 2025-07-26 13:36:21,451 autoreload 667 Watching for file changes with StatReloader
INFO 2025-07-26 13:36:33,133 autoreload 667 Watching for file changes with StatReloader
INFO 2025-07-26 13:36:34,559 basehttp 213 "GET / HTTP/1.1" 200 19960
INFO 2025-07-26 13:36:34,575 basehttp 213 "GET /media/article/20250726/preview.gif HTTP/1.1" 304 0
INFO 2025-07-26 13:36:34,575 basehttp 213 "GET /media/article/20250726/preview_azUzrRl.jpg HTTP/1.1" 304 0
INFO 2025-07-26 13:36:34,578 basehttp 213 "GET /media/article/20250726/preview.jpg HTTP/1.1" 304 0
ERROR 2025-07-26 13:36:35,390 log 253 Internal Server Error: /detail/
Traceback (most recent call last):
  File "D:\anaconda3\envs\BYSJ\Lib\site-packages\django\core\handlers\exception.py", line 55, in inner
    response = get_response(request)
               ^^^^^^^^^^^^^^^^^^^^^
  File "D:\anaconda3\envs\BYSJ\Lib\site-packages\django\core\handlers\base.py", line 197, in _get_response
    response = wrapped_callback(request, *callback_args, **callback_kwargs)
               ^^^^^^^^^^^^^^^^^^^^^^^^^^^^^^^^^^^^^^^^^^^^^^^^^^^^^^^^^^^^
  File "D:\anaconda3\envs\BYSJ\Lib\site-packages\django\views\generic\base.py", line 105, in view
    return self.dispatch(request, *args, **kwargs)
           ^^^^^^^^^^^^^^^^^^^^^^^^^^^^^^^^^^^^^^^
  File "D:\anaconda3\envs\BYSJ\Lib\site-packages\django\views\generic\base.py", line 144, in dispatch
    return handler(request, *args, **kwargs)
           ^^^^^^^^^^^^^^^^^^^^^^^^^^^^^^^^^
  File "D:\PythonCode\pythonProject4\7.8newBlog\blog\home\views.py", line 57, in get
    'category': category,
                ^^^^^^^^
NameError: name 'category' is not defined
ERROR 2025-07-26 13:36:35,392 basehttp 213 "GET /detail/?id=94 HTTP/1.1" 500 85835
INFO 2025-07-26 13:38:38,068 autoreload 667 Watching for file changes with StatReloader
INFO 2025-07-26 13:38:39,790 basehttp 213 "GET / HTTP/1.1" 200 19960
INFO 2025-07-26 13:38:39,804 basehttp 213 "GET /media/article/20250726/preview.gif HTTP/1.1" 304 0
INFO 2025-07-26 13:38:39,804 basehttp 213 "GET /media/article/20250726/preview_azUzrRl.jpg HTTP/1.1" 304 0
INFO 2025-07-26 13:38:39,807 basehttp 213 "GET /media/article/20250726/preview.jpg HTTP/1.1" 304 0
ERROR 2025-07-26 13:38:41,050 log 253 Internal Server Error: /detail/
Traceback (most recent call last):
  File "D:\anaconda3\envs\BYSJ\Lib\site-packages\django\core\handlers\exception.py", line 55, in inner
    response = get_response(request)
               ^^^^^^^^^^^^^^^^^^^^^
  File "D:\anaconda3\envs\BYSJ\Lib\site-packages\django\core\handlers\base.py", line 197, in _get_response
    response = wrapped_callback(request, *callback_args, **callback_kwargs)
               ^^^^^^^^^^^^^^^^^^^^^^^^^^^^^^^^^^^^^^^^^^^^^^^^^^^^^^^^^^^^
  File "D:\anaconda3\envs\BYSJ\Lib\site-packages\django\views\generic\base.py", line 105, in view
    return self.dispatch(request, *args, **kwargs)
           ^^^^^^^^^^^^^^^^^^^^^^^^^^^^^^^^^^^^^^^
  File "D:\anaconda3\envs\BYSJ\Lib\site-packages\django\views\generic\base.py", line 144, in dispatch
    return handler(request, *args, **kwargs)
           ^^^^^^^^^^^^^^^^^^^^^^^^^^^^^^^^^
  File "D:\PythonCode\pythonProject4\7.8newBlog\blog\home\views.py", line 57, in get
    'category': category,
                ^^^^^^^^
NameError: name 'category' is not defined
ERROR 2025-07-26 13:38:41,052 basehttp 213 "GET /detail/?id=94 HTTP/1.1" 500 85835
INFO 2025-07-26 13:39:42,564 autoreload 265 D:\PythonCode\pythonProject4\7.8newBlog\blog\home\views.py changed, reloading.
INFO 2025-07-26 13:39:43,126 autoreload 667 Watching for file changes with StatReloader
INFO 2025-07-26 13:40:24,179 autoreload 667 Watching for file changes with StatReloader
INFO 2025-07-26 13:40:25,616 basehttp 213 "GET / HTTP/1.1" 200 19960
INFO 2025-07-26 13:40:25,630 basehttp 213 "GET /media/article/20250726/preview.gif HTTP/1.1" 304 0
ERROR 2025-07-26 13:40:26,384 log 253 Internal Server Error: /detail/
Traceback (most recent call last):
  File "D:\anaconda3\envs\BYSJ\Lib\site-packages\django\core\handlers\exception.py", line 55, in inner
    response = get_response(request)
               ^^^^^^^^^^^^^^^^^^^^^
  File "D:\anaconda3\envs\BYSJ\Lib\site-packages\django\core\handlers\base.py", line 197, in _get_response
    response = wrapped_callback(request, *callback_args, **callback_kwargs)
               ^^^^^^^^^^^^^^^^^^^^^^^^^^^^^^^^^^^^^^^^^^^^^^^^^^^^^^^^^^^^
  File "D:\anaconda3\envs\BYSJ\Lib\site-packages\django\views\generic\base.py", line 105, in view
    return self.dispatch(request, *args, **kwargs)
           ^^^^^^^^^^^^^^^^^^^^^^^^^^^^^^^^^^^^^^^
  File "D:\anaconda3\envs\BYSJ\Lib\site-packages\django\views\generic\base.py", line 144, in dispatch
    return handler(request, *args, **kwargs)
           ^^^^^^^^^^^^^^^^^^^^^^^^^^^^^^^^^
  File "D:\PythonCode\pythonProject4\7.8newBlog\blog\home\views.py", line 56, in get
    category = ArticleCategory.objects.get(id=cat_id)
                                              ^^^^^^
NameError: name 'cat_id' is not defined
ERROR 2025-07-26 13:40:26,385 basehttp 213 "GET /detail/?id=94 HTTP/1.1" 500 86276
INFO 2025-07-26 13:41:08,257 autoreload 265 D:\PythonCode\pythonProject4\7.8newBlog\blog\home\views.py changed, reloading.
INFO 2025-07-26 13:41:08,789 autoreload 667 Watching for file changes with StatReloader
INFO 2025-07-26 13:41:18,860 autoreload 667 Watching for file changes with StatReloader
INFO 2025-07-26 13:41:20,058 basehttp 213 "GET / HTTP/1.1" 200 19960
INFO 2025-07-26 13:41:20,078 basehttp 213 "GET /media/article/20250726/preview_azUzrRl.jpg HTTP/1.1" 304 0
INFO 2025-07-26 13:41:20,078 basehttp 213 "GET /media/article/20250726/preview.gif HTTP/1.1" 304 0
INFO 2025-07-26 13:41:20,085 basehttp 213 "GET /media/article/20250726/preview.jpg HTTP/1.1" 304 0
ERROR 2025-07-26 13:41:20,840 log 253 Internal Server Error: /detail/
Traceback (most recent call last):
  File "D:\anaconda3\envs\BYSJ\Lib\site-packages\django\core\handlers\exception.py", line 55, in inner
    response = get_response(request)
               ^^^^^^^^^^^^^^^^^^^^^
  File "D:\anaconda3\envs\BYSJ\Lib\site-packages\django\core\handlers\base.py", line 197, in _get_response
    response = wrapped_callback(request, *callback_args, **callback_kwargs)
               ^^^^^^^^^^^^^^^^^^^^^^^^^^^^^^^^^^^^^^^^^^^^^^^^^^^^^^^^^^^^
  File "D:\anaconda3\envs\BYSJ\Lib\site-packages\django\views\generic\base.py", line 105, in view
    return self.dispatch(request, *args, **kwargs)
           ^^^^^^^^^^^^^^^^^^^^^^^^^^^^^^^^^^^^^^^
  File "D:\anaconda3\envs\BYSJ\Lib\site-packages\django\views\generic\base.py", line 144, in dispatch
    return handler(request, *args, **kwargs)
           ^^^^^^^^^^^^^^^^^^^^^^^^^^^^^^^^^
  File "D:\PythonCode\pythonProject4\7.8newBlog\blog\home\views.py", line 61, in get
    return render(request,'detail.html',context='context')
           ^^^^^^^^^^^^^^^^^^^^^^^^^^^^^^^^^^^^^^^^^^^^^^^
  File "D:\anaconda3\envs\BYSJ\Lib\site-packages\django\shortcuts.py", line 25, in render
    content = loader.render_to_string(template_name, context, request, using=using)
              ^^^^^^^^^^^^^^^^^^^^^^^^^^^^^^^^^^^^^^^^^^^^^^^^^^^^^^^^^^^^^^^^^^^^^
  File "D:\anaconda3\envs\BYSJ\Lib\site-packages\django\template\loader.py", line 62, in render_to_string
    return template.render(context, request)
           ^^^^^^^^^^^^^^^^^^^^^^^^^^^^^^^^^
  File "D:\anaconda3\envs\BYSJ\Lib\site-packages\django\template\backends\django.py", line 103, in render
    context = make_context(
              ^^^^^^^^^^^^^
  File "D:\anaconda3\envs\BYSJ\Lib\site-packages\django\template\context.py", line 291, in make_context
    raise TypeError(
TypeError: context must be a dict rather than str.
ERROR 2025-07-26 13:41:20,841 basehttp 213 "GET /detail/?id=94 HTTP/1.1" 500 102469
INFO 2025-07-26 13:46:55,544 autoreload 265 D:\PythonCode\pythonProject4\7.8newBlog\blog\home\views.py changed, reloading.
INFO 2025-07-26 13:46:56,102 autoreload 667 Watching for file changes with StatReloader
INFO 2025-07-26 13:47:05,536 autoreload 265 D:\PythonCode\pythonProject4\7.8newBlog\blog\home\views.py changed, reloading.
INFO 2025-07-26 13:47:06,056 autoreload 667 Watching for file changes with StatReloader
INFO 2025-07-26 13:47:07,457 autoreload 667 Watching for file changes with StatReloader
INFO 2025-07-26 13:47:08,806 basehttp 213 "GET / HTTP/1.1" 200 19960
INFO 2025-07-26 13:47:08,821 basehttp 213 "GET /media/article/20250726/preview.gif HTTP/1.1" 304 0
INFO 2025-07-26 13:47:08,821 basehttp 213 "GET /media/article/20250726/preview_azUzrRl.jpg HTTP/1.1" 304 0
INFO 2025-07-26 13:47:08,825 basehttp 213 "GET /media/article/20250726/preview.jpg HTTP/1.1" 304 0
WARNING 2025-07-26 13:47:08,899 log 253 Not Found: /favicon.ico
WARNING 2025-07-26 13:47:08,899 basehttp 213 "GET /favicon.ico HTTP/1.1" 404 4949
INFO 2025-07-26 13:47:09,766 basehttp 213 "GET /detail/?id=94 HTTP/1.1" 200 9752
INFO 2025-07-26 13:47:13,556 basehttp 213 "GET /detail/?id=94 HTTP/1.1" 200 9752
INFO 2025-07-26 13:47:47,628 basehttp 213 "GET /detail/?id=94 HTTP/1.1" 200 9752
INFO 2025-07-26 13:48:15,290 basehttp 213 "GET /writeblog/ HTTP/1.1" 200 6208
INFO 2025-07-26 13:48:16,350 basehttp 213 "GET /logout/ HTTP/1.1" 302 0
INFO 2025-07-26 13:48:16,374 basehttp 213 "GET / HTTP/1.1" 200 19960
INFO 2025-07-26 13:48:16,919 basehttp 213 "GET /login/ HTTP/1.1" 200 3188
INFO 2025-07-26 13:48:20,521 basehttp 213 "GET /register/ HTTP/1.1" 200 5328
INFO 2025-07-26 13:48:20,616 basehttp 213 "GET /static/js/register.js HTTP/1.1" 200 6407
INFO 2025-07-26 13:48:20,641 basehttp 213 "GET /imagecode/?uuid=03ae26d6-a296-442f-bb61-757b5686af29 HTTP/1.1" 200 3128
INFO 2025-07-26 13:48:21,592 basehttp 213 "GET /imagecode/?uuid=d9836084-fe7e-4ab1-bad2-01f569592596 HTTP/1.1" 200 3134
INFO 2025-07-26 13:48:22,681 basehttp 213 "GET /imagecode/?uuid=1070c2eb-2208-49f4-a394-3a4a38de91e9 HTTP/1.1" 200 3325
INFO 2025-07-26 13:48:22,881 basehttp 213 "GET /imagecode/?uuid=cad8c9db-8773-44ba-9276-b6ea2c51f758 HTTP/1.1" 200 2811
INFO 2025-07-26 13:48:23,064 basehttp 213 "GET /imagecode/?uuid=1b1a8530-8c40-4be5-9e66-3aa96769bfa9 HTTP/1.1" 200 3116
INFO 2025-07-26 13:48:23,228 basehttp 213 "GET /imagecode/?uuid=b9b2a1ee-726c-49ca-ad80-027ac6db7227 HTTP/1.1" 200 3382
INFO 2025-07-26 13:48:23,398 basehttp 213 "GET /imagecode/?uuid=1640a5de-4b9f-42d5-b746-f53808c56227 HTTP/1.1" 200 3330
INFO 2025-07-26 13:48:23,557 basehttp 213 "GET /imagecode/?uuid=ab2ea236-906c-4c48-8015-70210073244d HTTP/1.1" 200 3514
INFO 2025-07-26 13:48:23,730 basehttp 213 "GET /imagecode/?uuid=689769e0-d040-4540-9cc6-6c59729e109a HTTP/1.1" 200 3293
INFO 2025-07-26 13:48:23,904 basehttp 213 "GET /imagecode/?uuid=2e9b5e64-babe-40c8-adf0-6fb211b15820 HTTP/1.1" 200 3315
INFO 2025-07-26 13:48:24,069 basehttp 213 "GET /imagecode/?uuid=a897d258-c156-476b-b936-dae6eda8cee4 HTTP/1.1" 200 3682
INFO 2025-07-26 13:50:46,399 autoreload 265 D:\PythonCode\pythonProject4\7.8newBlog\blog\home\views.py changed, reloading.
INFO 2025-07-26 13:50:46,926 autoreload 667 Watching for file changes with StatReloader
INFO 2025-07-26 13:52:30,464 autoreload 667 Watching for file changes with StatReloader
INFO 2025-07-26 13:52:31,661 basehttp 213 "GET / HTTP/1.1" 200 19960
INFO 2025-07-26 13:52:31,679 basehttp 213 "GET /media/article/20250726/preview.gif HTTP/1.1" 304 0
INFO 2025-07-26 13:52:31,679 basehttp 213 "GET /media/article/20250726/preview_azUzrRl.jpg HTTP/1.1" 304 0
INFO 2025-07-26 13:52:31,686 basehttp 213 "GET /media/article/20250726/preview.jpg HTTP/1.1" 304 0
WARNING 2025-07-26 13:52:31,757 log 253 Not Found: /favicon.ico
WARNING 2025-07-26 13:52:31,758 basehttp 213 "GET /favicon.ico HTTP/1.1" 404 4949
INFO 2025-07-26 13:52:32,518 basehttp 213 "GET /detail/?id=94 HTTP/1.1" 200 9752
INFO 2025-07-26 13:52:35,887 basehttp 213 "GET /detail/?id=10000 HTTP/1.1" 200 1134
INFO 2025-07-26 13:52:35,981 basehttp 213 "GET /static/img/404.png HTTP/1.1" 200 107422
INFO 2025-07-26 13:53:54,734 basehttp 213 "GET / HTTP/1.1" 200 19960
INFO 2025-07-26 13:53:56,963 basehttp 213 "GET /login/ HTTP/1.1" 200 3188
INFO 2025-07-26 13:53:58,079 basehttp 213 "POST /login/ HTTP/1.1" 302 0
INFO 2025-07-26 13:53:58,112 basehttp 213 "GET / HTTP/1.1" 200 19960
INFO 2025-07-26 13:53:59,678 basehttp 213 "GET /detail/?id=94 HTTP/1.1" 200 9752
INFO 2025-07-26 13:54:02,326 basehttp 213 "GET /detail/?id=9433333333 HTTP/1.1" 200 1134
INFO 2025-07-26 13:54:03,731 basehttp 213 "GET / HTTP/1.1" 200 19960
INFO 2025-07-26 13:57:32,544 autoreload 265 D:\PythonCode\pythonProject4\7.8newBlog\blog\home\views.py changed, reloading.
INFO 2025-07-26 13:57:33,061 autoreload 667 Watching for file changes with StatReloader
INFO 2025-07-26 13:58:59,643 autoreload 265 D:\PythonCode\pythonProject4\7.8newBlog\blog\home\views.py changed, reloading.
INFO 2025-07-26 13:59:00,160 autoreload 667 Watching for file changes with StatReloader
INFO 2025-07-26 13:59:16,702 autoreload 265 D:\PythonCode\pythonProject4\7.8newBlog\blog\home\views.py changed, reloading.
INFO 2025-07-26 13:59:17,222 autoreload 667 Watching for file changes with StatReloader
INFO 2025-07-26 14:01:42,718 autoreload 667 Watching for file changes with StatReloader
INFO 2025-07-26 14:01:43,895 basehttp 213 "GET / HTTP/1.1" 200 19960
INFO 2025-07-26 14:01:43,911 basehttp 213 "GET /media/article/20250726/preview_azUzrRl.jpg HTTP/1.1" 304 0
INFO 2025-07-26 14:01:43,911 basehttp 213 "GET /media/article/20250726/preview.gif HTTP/1.1" 304 0
INFO 2025-07-26 14:01:43,923 basehttp 213 "GET /media/article/20250726/preview.jpg HTTP/1.1" 304 0
INFO 2025-07-26 14:01:45,020 basehttp 213 "GET /detail/?id=94 HTTP/1.1" 200 10244
INFO 2025-07-26 14:01:46,518 basehttp 213 "GET /detail/?id=94 HTTP/1.1" 200 10244
INFO 2025-07-26 14:01:47,890 basehttp 213 "GET /detail/?id=1 HTTP/1.1" 200 10244
INFO 2025-07-26 14:01:48,298 basehttp 213 "GET /detail/?id=2 HTTP/1.1" 200 10244
INFO 2025-07-26 14:01:48,701 basehttp 213 "GET /detail/?id=4 HTTP/1.1" 200 10244
INFO 2025-07-26 14:01:49,062 basehttp 213 "GET /detail/?id=7 HTTP/1.1" 200 10244
INFO 2025-07-26 14:01:49,436 basehttp 213 "GET /detail/?id=8 HTTP/1.1" 200 10244
INFO 2025-07-26 14:01:49,750 basehttp 213 "GET /detail/?id=9 HTTP/1.1" 200 10244
INFO 2025-07-26 14:01:52,532 basehttp 213 "GET /?cat_id=1 HTTP/1.1" 200 19960
INFO 2025-07-26 14:01:52,793 basehttp 213 "GET /?cat_id=2 HTTP/1.1" 200 6881
INFO 2025-07-26 14:01:52,798 basehttp 213 "GET /media/article/20250726/preview_AQsdNId.gif HTTP/1.1" 304 0
INFO 2025-07-26 14:01:53,468 basehttp 213 "GET /detail/?id=95 HTTP/1.1" 200 10239
INFO 2025-07-26 14:01:56,372 basehttp 213 "GET /detail/?id=95 HTTP/1.1" 200 10239
INFO 2025-07-26 14:01:56,697 basehttp 213 "GET /detail/?id=9 HTTP/1.1" 200 10243
INFO 2025-07-26 14:01:57,446 basehttp 213 "GET /detail/?id=95 HTTP/1.1" 200 10239
INFO 2025-07-26 14:01:58,303 basehttp 213 "GET /detail/?id=95 HTTP/1.1" 200 10239
INFO 2025-07-26 14:01:58,694 basehttp 213 "GET /detail/?id=95 HTTP/1.1" 200 10239
INFO 2025-07-26 14:01:59,055 basehttp 213 "GET /detail/?id=95 HTTP/1.1" 200 10239
INFO 2025-07-26 14:01:59,412 basehttp 213 "GET /detail/?id=95 HTTP/1.1" 200 10239
INFO 2025-07-26 14:06:03,037 autoreload 265 D:\PythonCode\pythonProject4\7.8newBlog\blog\home\models.py changed, reloading.
INFO 2025-07-26 14:06:03,561 autoreload 667 Watching for file changes with StatReloader
INFO 2025-07-26 14:06:10,957 autoreload 265 D:\PythonCode\pythonProject4\7.8newBlog\blog\home\models.py changed, reloading.
INFO 2025-07-26 14:06:11,462 autoreload 667 Watching for file changes with StatReloader
INFO 2025-07-26 14:06:14,787 autoreload 265 D:\PythonCode\pythonProject4\7.8newBlog\blog\home\models.py changed, reloading.
INFO 2025-07-26 14:06:15,279 autoreload 667 Watching for file changes with StatReloader
INFO 2025-07-26 14:06:20,638 autoreload 265 D:\PythonCode\pythonProject4\7.8newBlog\blog\home\models.py changed, reloading.
INFO 2025-07-26 14:06:21,156 autoreload 667 Watching for file changes with StatReloader
INFO 2025-07-26 14:06:48,852 autoreload 265 D:\PythonCode\pythonProject4\7.8newBlog\blog\home\models.py changed, reloading.
INFO 2025-07-26 14:06:49,371 autoreload 667 Watching for file changes with StatReloader
INFO 2025-07-26 14:06:53,721 autoreload 265 D:\PythonCode\pythonProject4\7.8newBlog\blog\home\models.py changed, reloading.
INFO 2025-07-26 14:06:54,225 autoreload 667 Watching for file changes with StatReloader
INFO 2025-07-26 14:07:12,784 autoreload 265 D:\PythonCode\pythonProject4\7.8newBlog\blog\home\models.py changed, reloading.
INFO 2025-07-26 14:07:13,302 autoreload 667 Watching for file changes with StatReloader
INFO 2025-07-26 14:07:23,740 autoreload 265 D:\PythonCode\pythonProject4\7.8newBlog\blog\home\models.py changed, reloading.
INFO 2025-07-26 14:07:24,279 autoreload 667 Watching for file changes with StatReloader
INFO 2025-07-26 14:07:44,874 autoreload 265 D:\PythonCode\pythonProject4\7.8newBlog\blog\home\models.py changed, reloading.
INFO 2025-07-26 14:07:45,385 autoreload 667 Watching for file changes with StatReloader
INFO 2025-07-26 14:07:55,825 autoreload 265 D:\PythonCode\pythonProject4\7.8newBlog\blog\home\models.py changed, reloading.
INFO 2025-07-26 14:07:56,358 autoreload 667 Watching for file changes with StatReloader
INFO 2025-07-26 14:08:08,832 autoreload 265 D:\PythonCode\pythonProject4\7.8newBlog\blog\home\models.py changed, reloading.
INFO 2025-07-26 14:08:09,335 autoreload 667 Watching for file changes with StatReloader
INFO 2025-07-26 14:08:31,964 autoreload 265 D:\PythonCode\pythonProject4\7.8newBlog\blog\home\models.py changed, reloading.
INFO 2025-07-26 14:08:32,475 autoreload 667 Watching for file changes with StatReloader
INFO 2025-07-26 14:08:38,863 autoreload 265 D:\PythonCode\pythonProject4\7.8newBlog\blog\home\models.py changed, reloading.
INFO 2025-07-26 14:08:39,399 autoreload 667 Watching for file changes with StatReloader
INFO 2025-07-26 14:13:31,100 autoreload 265 D:\PythonCode\pythonProject4\7.8newBlog\blog\home\views.py changed, reloading.
INFO 2025-07-26 14:13:31,614 autoreload 667 Watching for file changes with StatReloader
INFO 2025-07-26 14:13:51,196 autoreload 265 D:\PythonCode\pythonProject4\7.8newBlog\blog\home\views.py changed, reloading.
INFO 2025-07-26 14:13:51,725 autoreload 667 Watching for file changes with StatReloader
INFO 2025-07-26 14:14:06,241 autoreload 265 D:\PythonCode\pythonProject4\7.8newBlog\blog\home\views.py changed, reloading.
INFO 2025-07-26 14:14:06,775 autoreload 667 Watching for file changes with StatReloader
INFO 2025-07-26 14:14:47,689 autoreload 265 D:\PythonCode\pythonProject4\7.8newBlog\blog\home\views.py changed, reloading.
INFO 2025-07-26 14:14:48,198 autoreload 667 Watching for file changes with StatReloader
INFO 2025-07-26 14:16:48,328 autoreload 265 D:\PythonCode\pythonProject4\7.8newBlog\blog\home\views.py changed, reloading.
INFO 2025-07-26 14:16:48,845 autoreload 667 Watching for file changes with StatReloader
INFO 2025-07-26 14:17:44,997 autoreload 265 D:\PythonCode\pythonProject4\7.8newBlog\blog\home\views.py changed, reloading.
INFO 2025-07-26 14:17:45,494 autoreload 667 Watching for file changes with StatReloader
INFO 2025-07-26 14:17:48,819 autoreload 265 D:\PythonCode\pythonProject4\7.8newBlog\blog\home\views.py changed, reloading.
INFO 2025-07-26 14:17:49,322 autoreload 667 Watching for file changes with StatReloader
INFO 2025-07-26 14:18:03,627 autoreload 265 D:\PythonCode\pythonProject4\7.8newBlog\blog\home\views.py changed, reloading.
INFO 2025-07-26 14:18:04,122 autoreload 667 Watching for file changes with StatReloader
INFO 2025-07-26 14:18:24,505 autoreload 265 D:\PythonCode\pythonProject4\7.8newBlog\blog\home\views.py changed, reloading.
INFO 2025-07-26 14:18:25,035 autoreload 667 Watching for file changes with StatReloader
INFO 2025-07-26 14:18:47,445 autoreload 265 D:\PythonCode\pythonProject4\7.8newBlog\blog\home\views.py changed, reloading.
INFO 2025-07-26 14:18:47,952 autoreload 667 Watching for file changes with StatReloader
INFO 2025-07-26 14:19:21,495 autoreload 265 D:\PythonCode\pythonProject4\7.8newBlog\blog\home\views.py changed, reloading.
INFO 2025-07-26 14:19:22,004 autoreload 667 Watching for file changes with StatReloader
INFO 2025-07-26 14:19:44,650 autoreload 265 D:\PythonCode\pythonProject4\7.8newBlog\blog\home\views.py changed, reloading.
INFO 2025-07-26 14:19:45,152 autoreload 667 Watching for file changes with StatReloader
INFO 2025-07-26 14:20:25,037 autoreload 265 D:\PythonCode\pythonProject4\7.8newBlog\blog\home\views.py changed, reloading.
INFO 2025-07-26 14:20:25,588 autoreload 667 Watching for file changes with StatReloader
INFO 2025-07-26 14:20:48,219 autoreload 265 D:\PythonCode\pythonProject4\7.8newBlog\blog\home\views.py changed, reloading.
INFO 2025-07-26 14:20:48,765 autoreload 667 Watching for file changes with StatReloader
INFO 2025-07-26 14:21:00,225 autoreload 265 D:\PythonCode\pythonProject4\7.8newBlog\blog\home\views.py changed, reloading.
INFO 2025-07-26 14:21:00,730 autoreload 667 Watching for file changes with StatReloader
INFO 2025-07-26 14:21:05,080 autoreload 265 D:\PythonCode\pythonProject4\7.8newBlog\blog\home\views.py changed, reloading.
INFO 2025-07-26 14:21:05,591 autoreload 667 Watching for file changes with StatReloader
INFO 2025-07-26 14:21:33,308 autoreload 265 D:\PythonCode\pythonProject4\7.8newBlog\blog\home\views.py changed, reloading.
INFO 2025-07-26 14:21:33,836 autoreload 667 Watching for file changes with StatReloader
INFO 2025-07-26 14:22:11,708 autoreload 265 D:\PythonCode\pythonProject4\7.8newBlog\blog\home\views.py changed, reloading.
INFO 2025-07-26 14:22:12,269 autoreload 667 Watching for file changes with StatReloader
INFO 2025-07-26 14:22:17,629 autoreload 265 D:\PythonCode\pythonProject4\7.8newBlog\blog\home\views.py changed, reloading.
INFO 2025-07-26 14:22:18,146 autoreload 667 Watching for file changes with StatReloader
INFO 2025-07-26 14:22:21,494 autoreload 265 D:\PythonCode\pythonProject4\7.8newBlog\blog\home\views.py changed, reloading.
INFO 2025-07-26 14:22:21,997 autoreload 667 Watching for file changes with StatReloader
INFO 2025-07-26 14:22:35,284 autoreload 265 D:\PythonCode\pythonProject4\7.8newBlog\blog\home\views.py changed, reloading.
INFO 2025-07-26 14:22:35,833 autoreload 667 Watching for file changes with StatReloader
INFO 2025-07-26 14:22:40,179 autoreload 265 D:\PythonCode\pythonProject4\7.8newBlog\blog\home\views.py changed, reloading.
INFO 2025-07-26 14:22:40,683 autoreload 667 Watching for file changes with StatReloader
INFO 2025-07-26 14:22:53,973 autoreload 265 D:\PythonCode\pythonProject4\7.8newBlog\blog\home\views.py changed, reloading.
INFO 2025-07-26 14:22:54,499 autoreload 667 Watching for file changes with StatReloader
INFO 2025-07-26 14:25:41,266 autoreload 667 Watching for file changes with StatReloader
INFO 2025-07-26 14:25:43,239 basehttp 213 "GET / HTTP/1.1" 200 19960
INFO 2025-07-26 14:25:43,256 basehttp 213 "GET /media/article/20250726/preview_azUzrRl.jpg HTTP/1.1" 304 0
INFO 2025-07-26 14:25:43,256 basehttp 213 "GET /media/article/20250726/preview.gif HTTP/1.1" 304 0
INFO 2025-07-26 14:25:43,266 basehttp 213 "GET /media/article/20250726/preview.jpg HTTP/1.1" 304 0
WARNING 2025-07-26 14:25:43,336 log 253 Not Found: /favicon.ico
WARNING 2025-07-26 14:25:43,337 basehttp 213 "GET /favicon.ico HTTP/1.1" 404 4949
INFO 2025-07-26 14:25:44,471 basehttp 213 "GET /detail/?id=94 HTTP/1.1" 200 10465
INFO 2025-07-26 14:26:00,666 basehttp 213 "GET /logout/ HTTP/1.1" 302 0
INFO 2025-07-26 14:26:00,691 basehttp 213 "GET / HTTP/1.1" 200 19960
INFO 2025-07-26 14:26:01,647 basehttp 213 "GET /detail/?id=94 HTTP/1.1" 200 10465
ERROR 2025-07-26 14:26:03,018 log 253 Internal Server Error: /detail/
Traceback (most recent call last):
  File "D:\anaconda3\envs\BYSJ\Lib\site-packages\django\core\handlers\exception.py", line 55, in inner
    response = get_response(request)
               ^^^^^^^^^^^^^^^^^^^^^
  File "D:\anaconda3\envs\BYSJ\Lib\site-packages\django\core\handlers\base.py", line 197, in _get_response
    response = wrapped_callback(request, *callback_args, **callback_kwargs)
               ^^^^^^^^^^^^^^^^^^^^^^^^^^^^^^^^^^^^^^^^^^^^^^^^^^^^^^^^^^^^
  File "D:\anaconda3\envs\BYSJ\Lib\site-packages\django\views\generic\base.py", line 105, in view
    return self.dispatch(request, *args, **kwargs)
           ^^^^^^^^^^^^^^^^^^^^^^^^^^^^^^^^^^^^^^^
  File "D:\anaconda3\envs\BYSJ\Lib\site-packages\django\views\generic\base.py", line 144, in dispatch
    return handler(request, *args, **kwargs)
           ^^^^^^^^^^^^^^^^^^^^^^^^^^^^^^^^^
  File "D:\PythonCode\pythonProject4\7.8newBlog\blog\home\views.py", line 99, in post
    return redirect(reverse('users:login'))
           ^^^^^^^^
NameError: name 'redirect' is not defined
ERROR 2025-07-26 14:26:03,019 basehttp 213 "POST /detail/?id=94 HTTP/1.1" 500 85334
INFO 2025-07-26 14:26:58,923 autoreload 265 D:\PythonCode\pythonProject4\7.8newBlog\blog\home\views.py changed, reloading.
INFO 2025-07-26 14:26:59,393 autoreload 667 Watching for file changes with StatReloader
INFO 2025-07-26 14:27:03,032 basehttp 213 "GET / HTTP/1.1" 200 19960
INFO 2025-07-26 14:27:04,050 basehttp 213 "GET /detail/?id=94 HTTP/1.1" 200 10465
ERROR 2025-07-26 14:27:05,965 log 253 Internal Server Error: /detail/
Traceback (most recent call last):
  File "D:\anaconda3\envs\BYSJ\Lib\site-packages\django\core\handlers\exception.py", line 55, in inner
    response = get_response(request)
               ^^^^^^^^^^^^^^^^^^^^^
  File "D:\anaconda3\envs\BYSJ\Lib\site-packages\django\core\handlers\base.py", line 197, in _get_response
    response = wrapped_callback(request, *callback_args, **callback_kwargs)
               ^^^^^^^^^^^^^^^^^^^^^^^^^^^^^^^^^^^^^^^^^^^^^^^^^^^^^^^^^^^^
  File "D:\anaconda3\envs\BYSJ\Lib\site-packages\django\views\generic\base.py", line 105, in view
    return self.dispatch(request, *args, **kwargs)
           ^^^^^^^^^^^^^^^^^^^^^^^^^^^^^^^^^^^^^^^
  File "D:\anaconda3\envs\BYSJ\Lib\site-packages\django\views\generic\base.py", line 144, in dispatch
    return handler(request, *args, **kwargs)
           ^^^^^^^^^^^^^^^^^^^^^^^^^^^^^^^^^
  File "D:\PythonCode\pythonProject4\7.8newBlog\blog\home\views.py", line 100, in post
    return redirect(reverse('users:login'))
                    ^^^^^^^
NameError: name 'reverse' is not defined
ERROR 2025-07-26 14:27:05,966 basehttp 213 "POST /detail/?id=94 HTTP/1.1" 500 85351
INFO 2025-07-26 14:27:19,100 autoreload 265 D:\PythonCode\pythonProject4\7.8newBlog\blog\home\views.py changed, reloading.
INFO 2025-07-26 14:27:20,853 autoreload 667 Watching for file changes with StatReloader
INFO 2025-07-26 14:27:22,194 basehttp 213 "GET / HTTP/1.1" 200 19960
INFO 2025-07-26 14:27:23,229 basehttp 213 "GET /detail/?id=94 HTTP/1.1" 200 10465
INFO 2025-07-26 14:27:24,279 basehttp 213 "POST /detail/?id=94 HTTP/1.1" 302 0
INFO 2025-07-26 14:27:24,282 basehttp 213 "GET /login/ HTTP/1.1" 200 3188
INFO 2025-07-26 14:27:27,676 basehttp 213 "GET /login/ HTTP/1.1" 200 3188
INFO 2025-07-26 14:27:28,529 basehttp 213 "POST /login/ HTTP/1.1" 302 0
INFO 2025-07-26 14:27:28,561 basehttp 213 "GET / HTTP/1.1" 200 19960
INFO 2025-07-26 14:27:30,091 basehttp 213 "GET /detail/?id=94 HTTP/1.1" 200 10465
INFO 2025-07-26 14:27:32,423 basehttp 213 "POST /detail/?id=94 HTTP/1.1" 200 1134
INFO 2025-07-26 14:27:33,849 basehttp 213 "GET / HTTP/1.1" 200 19960
INFO 2025-07-26 14:27:35,549 basehttp 213 "GET /detail/?id=94 HTTP/1.1" 200 10465
INFO 2025-07-26 14:27:38,332 basehttp 213 "POST /detail/?id=94 HTTP/1.1" 200 1134
INFO 2025-07-26 14:29:24,615 basehttp 213 "GET / HTTP/1.1" 200 19960
INFO 2025-07-26 14:29:25,740 basehttp 213 "GET /detail/?id=94 HTTP/1.1" 200 10465
INFO 2025-07-26 14:29:51,267 autoreload 667 Watching for file changes with StatReloader
INFO 2025-07-26 14:29:56,380 basehttp 213 "GET / HTTP/1.1" 200 19960
INFO 2025-07-26 14:29:57,549 basehttp 213 "GET /detail/?id=94 HTTP/1.1" 200 10466
INFO 2025-07-26 14:31:14,732 autoreload 667 Watching for file changes with StatReloader
INFO 2025-07-26 14:31:16,363 basehttp 213 "GET / HTTP/1.1" 200 19961
INFO 2025-07-26 14:31:16,383 basehttp 213 "GET /media/article/20250726/preview.gif HTTP/1.1" 304 0
INFO 2025-07-26 14:31:17,193 basehttp 213 "GET /detail/?id=94 HTTP/1.1" 200 10458
INFO 2025-07-26 14:31:41,691 basehttp 213 "POST /detail/?id=94 HTTP/1.1" 302 0
INFO 2025-07-26 14:31:59,609 autoreload 667 Watching for file changes with StatReloader
INFO 2025-07-26 14:32:00,789 basehttp 213 "GET / HTTP/1.1" 200 19961
WARNING 2025-07-26 14:32:00,875 log 253 Not Found: /favicon.ico
WARNING 2025-07-26 14:32:00,876 basehttp 213 "GET /favicon.ico HTTP/1.1" 404 4949
INFO 2025-07-26 14:32:01,899 basehttp 213 "GET /detail/?id=94 HTTP/1.1" 200 10458
INFO 2025-07-26 14:32:08,528 basehttp 213 "POST /detail/?id=94 HTTP/1.1" 302 0
INFO 2025-07-26 14:32:08,538 basehttp 213 "GET /detail/?id=94 HTTP/1.1" 200 10458
INFO 2025-07-26 14:40:25,988 autoreload 265 D:\PythonCode\pythonProject4\7.8newBlog\blog\home\views.py changed, reloading.
INFO 2025-07-26 14:40:26,502 autoreload 667 Watching for file changes with StatReloader
INFO 2025-07-26 14:40:33,895 autoreload 265 D:\PythonCode\pythonProject4\7.8newBlog\blog\home\views.py changed, reloading.
INFO 2025-07-26 14:40:34,437 autoreload 667 Watching for file changes with StatReloader
INFO 2025-07-26 14:41:10,268 autoreload 265 D:\PythonCode\pythonProject4\7.8newBlog\blog\home\views.py changed, reloading.
INFO 2025-07-26 14:41:10,803 autoreload 667 Watching for file changes with StatReloader
INFO 2025-07-26 14:41:30,390 autoreload 265 D:\PythonCode\pythonProject4\7.8newBlog\blog\home\views.py changed, reloading.
INFO 2025-07-26 14:41:30,933 autoreload 667 Watching for file changes with StatReloader
INFO 2025-07-26 14:41:51,547 autoreload 265 D:\PythonCode\pythonProject4\7.8newBlog\blog\home\views.py changed, reloading.
INFO 2025-07-26 14:41:52,068 autoreload 667 Watching for file changes with StatReloader
INFO 2025-07-26 14:42:10,624 autoreload 265 D:\PythonCode\pythonProject4\7.8newBlog\blog\home\views.py changed, reloading.
INFO 2025-07-26 14:42:11,158 autoreload 667 Watching for file changes with StatReloader
INFO 2025-07-26 14:42:23,443 autoreload 265 D:\PythonCode\pythonProject4\7.8newBlog\blog\home\views.py changed, reloading.
INFO 2025-07-26 14:42:23,929 autoreload 667 Watching for file changes with StatReloader
INFO 2025-07-26 14:42:52,649 autoreload 265 D:\PythonCode\pythonProject4\7.8newBlog\blog\home\views.py changed, reloading.
INFO 2025-07-26 14:42:53,161 autoreload 667 Watching for file changes with StatReloader
INFO 2025-07-26 14:43:07,657 autoreload 265 D:\PythonCode\pythonProject4\7.8newBlog\blog\home\views.py changed, reloading.
INFO 2025-07-26 14:43:08,164 autoreload 667 Watching for file changes with StatReloader
INFO 2025-07-26 14:43:12,508 autoreload 265 D:\PythonCode\pythonProject4\7.8newBlog\blog\home\views.py changed, reloading.
INFO 2025-07-26 14:43:13,003 autoreload 667 Watching for file changes with StatReloader
INFO 2025-07-26 14:43:21,412 autoreload 265 D:\PythonCode\pythonProject4\7.8newBlog\blog\home\views.py changed, reloading.
INFO 2025-07-26 14:43:21,972 autoreload 667 Watching for file changes with StatReloader
INFO 2025-07-26 14:43:45,605 autoreload 265 D:\PythonCode\pythonProject4\7.8newBlog\blog\home\views.py changed, reloading.
INFO 2025-07-26 14:43:46,134 autoreload 667 Watching for file changes with StatReloader
INFO 2025-07-26 14:46:53,554 autoreload 667 Watching for file changes with StatReloader
INFO 2025-07-26 14:46:54,897 basehttp 213 "GET / HTTP/1.1" 200 19961
INFO 2025-07-26 14:46:54,912 basehttp 213 "GET /media/article/20250726/preview.gif HTTP/1.1" 304 0
INFO 2025-07-26 14:46:54,912 basehttp 213 "GET /media/article/20250726/preview_azUzrRl.jpg HTTP/1.1" 304 0
INFO 2025-07-26 14:46:54,925 basehttp 213 "GET /media/article/20250726/preview.jpg HTTP/1.1" 304 0
INFO 2025-07-26 14:46:55,797 basehttp 213 "GET /detail/?id=94 HTTP/1.1" 200 9497
INFO 2025-07-26 14:47:07,777 basehttp 213 "POST /detail/?id=94 HTTP/1.1" 302 0
INFO 2025-07-26 14:47:07,820 basehttp 213 "GET /detail/?id=94 HTTP/1.1" 200 9947
INFO 2025-07-26 14:47:08,904 basehttp 213 "POST /detail/?id=94 HTTP/1.1" 302 0
INFO 2025-07-26 14:47:08,945 basehttp 213 "GET /detail/?id=94 HTTP/1.1" 200 10397
INFO 2025-07-26 14:47:09,851 basehttp 213 "POST /detail/?id=94 HTTP/1.1" 302 0
INFO 2025-07-26 14:47:09,882 basehttp 213 "GET /detail/?id=94 HTTP/1.1" 200 10847
INFO 2025-07-26 14:47:11,142 basehttp 213 "POST /detail/?id=94 HTTP/1.1" 302 0
INFO 2025-07-26 14:47:11,158 basehttp 213 "GET /detail/?id=94 HTTP/1.1" 200 11297
INFO 2025-07-26 14:47:12,421 basehttp 213 "POST /detail/?id=94 HTTP/1.1" 302 0
INFO 2025-07-26 14:47:12,438 basehttp 213 "GET /detail/?id=94 HTTP/1.1" 200 11747
INFO 2025-07-26 14:47:18,872 basehttp 213 "GET /detail/?id=94 HTTP/1.1" 200 11747
INFO 2025-07-26 14:51:53,770 autoreload 667 Watching for file changes with StatReloader
INFO 2025-07-26 14:51:55,188 basehttp 213 "GET / HTTP/1.1" 200 19961
INFO 2025-07-26 14:51:58,207 basehttp 213 "GET /detail/?id=94 HTTP/1.1" 200 13075
INFO 2025-07-26 14:52:00,227 basehttp 213 "GET /detail/?id=94&page_size=10&page_num=5 HTTP/1.1" 200 13075
INFO 2025-07-26 14:52:02,489 basehttp 213 "GET /detail/?id=94&page_size=10&page_num=7 HTTP/1.1" 200 13075
INFO 2025-07-26 14:52:06,442 basehttp 213 "GET /detail/?id=94&page_size=10&page_num=9 HTTP/1.1" 200 13215
INFO 2025-07-26 14:52:08,146 basehttp 213 "GET /detail/?id=94&page_size=10&page_num=11 HTTP/1.1" 200 13186
INFO 2025-07-26 14:52:09,795 basehttp 213 "GET /detail/?id=94&page_size=10&page_num=12 HTTP/1.1" 200 9498
INFO 2025-07-26 14:52:11,827 basehttp 213 "GET /detail/?id=94&page_size=10&page_num=8 HTTP/1.1" 200 13075
INFO 2025-07-26 14:52:13,568 basehttp 213 "GET /detail/?id=94&page_size=10&page_num=6 HTTP/1.1" 200 13075
INFO 2025-07-26 14:52:15,265 basehttp 213 "GET /detail/?id=94&page_size=10&page_num=4 HTTP/1.1" 200 13075
INFO 2025-07-26 14:52:16,769 basehttp 213 "GET /detail/?id=94&page_size=10&page_num=2 HTTP/1.1" 200 13075
INFO 2025-07-26 14:52:18,854 basehttp 213 "GET /detail/?id=94&page_size=10&page_num=1 HTTP/1.1" 200 13075
INFO 2025-07-26 14:52:22,169 basehttp 213 "GET /detail/?id=94&page_size=10&page_num=12 HTTP/1.1" 200 9498
INFO 2025-07-26 14:52:23,580 basehttp 213 "GET /detail/?id=94&page_size=10&page_num=1 HTTP/1.1" 200 13075
INFO 2025-07-26 14:55:08,902 basehttp 213 "GET / HTTP/1.1" 200 19961
INFO 2025-07-26 14:55:08,915 basehttp 213 "GET /media/article/20250726/preview.gif HTTP/1.1" 304 0
WARNING 2025-07-26 14:55:08,991 log 253 Not Found: /favicon.ico
WARNING 2025-07-26 14:55:08,991 basehttp 213 "GET /favicon.ico HTTP/1.1" 404 4949
INFO 2025-07-26 14:55:12,478 basehttp 213 "GET /admin HTTP/1.1" 301 0
INFO 2025-07-26 14:55:12,504 basehttp 213 "GET /admin/ HTTP/1.1" 302 0
INFO 2025-07-26 14:55:12,634 basehttp 213 "GET /admin/login/?next=/admin/ HTTP/1.1" 200 3676
INFO 2025-07-26 14:55:12,796 basehttp 213 "GET /static/admin/css/dark_mode.css HTTP/1.1" 200 2808
INFO 2025-07-26 14:55:12,800 basehttp 213 "GET /static/admin/css/base.css HTTP/1.1" 200 22120
INFO 2025-07-26 14:55:12,802 basehttp 213 "GET /static/admin/css/nav_sidebar.css HTTP/1.1" 200 2810
INFO 2025-07-26 14:55:12,805 basehttp 213 "GET /static/admin/css/login.css HTTP/1.1" 200 951
INFO 2025-07-26 14:55:12,808 basehttp 213 "GET /static/admin/css/responsive.css HTTP/1.1" 200 16565
INFO 2025-07-26 14:55:12,819 basehttp 213 "GET /static/admin/js/theme.js HTTP/1.1" 200 1653
INFO 2025-07-26 14:55:12,838 basehttp 213 "GET /static/admin/js/nav_sidebar.js HTTP/1.1" 200 3063
INFO 2025-07-26 14:55:24,874 basehttp 213 "POST /admin/login/?next=/admin/ HTTP/1.1" 200 3834
INFO 2025-07-26 14:55:31,998 basehttp 213 "POST /admin/login/?next=/admin/ HTTP/1.1" 200 3834
INFO 2025-07-26 14:55:36,628 basehttp 213 "POST /admin/login/?next=/admin/ HTTP/1.1" 200 3834
INFO 2025-09-11 20:08:13,665 autoreload 667 Watching for file changes with StatReloader
INFO 2025-09-11 20:08:15,547 basehttp 213 "GET / HTTP/1.1" 200 19961
INFO 2025-09-11 20:08:15,733 basehttp 213 "GET /static/common/common.css HTTP/1.1" 200 381
INFO 2025-09-11 20:08:15,733 basehttp 213 "GET /static/md_css/monokai.css HTTP/1.1" 200 4118
INFO 2025-09-11 20:08:15,734 basehttp 213 "GET /static/bootstrap/css/bootstrap.min.css HTTP/1.1" 200 140942
INFO 2025-09-11 20:08:15,734 basehttp 213 "GET /static/common/jquery.pagination.css HTTP/1.1" 200 523
INFO 2025-09-11 20:08:15,737 basehttp 213 "GET /static/js/axios-0.18.0.min.js HTTP/1.1" 200 12941
INFO 2025-09-11 20:08:15,738 basehttp 213 "GET /static/js/jquery-1.12.4.min.js HTTP/1.1" 200 97163
INFO 2025-09-11 20:08:15,738 basehttp 213 "GET /static/js/vue-2.5.16.js HTTP/1.1" 200 289307
INFO 2025-09-11 20:08:15,742 basehttp 213 "GET /media/article/20250726/preview_azUzrRl.jpg HTTP/1.1" 200 283333
INFO 2025-09-11 20:08:15,747 basehttp 213 "GET /media/article/20250726/preview.gif HTTP/1.1" 200 859544
INFO 2025-09-11 20:08:15,747 basehttp 213 "GET /media/article/20250726/preview.jpg HTTP/1.1" 200 283333
INFO 2025-09-11 20:08:15,751 basehttp 213 "GET /static/js/host.js HTTP/1.1" 200 35
INFO 2025-09-11 20:08:15,752 basehttp 213 "GET /media/article/20250722/preview.jpg HTTP/1.1" 200 283333
INFO 2025-09-11 20:08:15,754 basehttp 213 "GET /static/js/common.js HTTP/1.1" 200 891
INFO 2025-09-11 20:08:15,754 basehttp 213 "GET /static/js/index.js HTTP/1.1" 200 530
INFO 2025-09-11 20:08:15,756 basehttp 213 "GET /static/js/jquery.pagination.min.js HTTP/1.1" 200 2935
WARNING 2025-09-11 20:08:33,356 log 253 Not Found: /.well-known/appspecific/com.chrome.devtools.json
WARNING 2025-09-11 20:08:33,357 basehttp 213 "GET /.well-known/appspecific/com.chrome.devtools.json HTTP/1.1" 404 5060
WARNING 2025-09-11 20:08:33,466 basehttp 213 "GET /static/js/axios.min.map HTTP/1.1" 404 1862
INFO 2025-09-11 20:08:35,297 basehttp 213 "GET /static/bootstrap/css/bootstrap.min.css.map HTTP/1.1" 200 562427
WARNING 2025-09-11 20:08:42,199 log 253 Not Found: /favicon.ico
WARNING 2025-09-11 20:08:42,199 basehttp 213 "GET /favicon.ico HTTP/1.1" 404 4949
INFO 2025-09-11 20:08:46,015 basehttp 213 "GET /?cat_id=2 HTTP/1.1" 200 6881
INFO 2025-09-11 20:08:46,043 basehttp 213 "GET /media/article/20250726/preview_AQsdNId.gif HTTP/1.1" 200 859544
INFO 2025-09-11 20:08:47,314 basehttp 213 "GET / HTTP/1.1" 200 19961
INFO 2025-09-11 20:08:48,885 basehttp 213 "GET /login/ HTTP/1.1" 200 3188
INFO 2025-09-11 20:08:48,901 basehttp 213 "GET /static/js/login.js HTTP/1.1" 200 677
INFO 2025-09-11 20:08:51,646 basehttp 213 "GET / HTTP/1.1" 200 19961
INFO 2025-09-11 20:08:52,709 basehttp 213 "GET /login/ HTTP/1.1" 200 3188
INFO 2025-09-11 20:08:54,092 basehttp 213 "GET / HTTP/1.1" 200 19961
INFO 2025-09-11 20:10:32,047 basehttp 213 "GET / HTTP/1.1" 200 6882
INFO 2025-09-11 20:10:35,949 basehttp 213 "GET /?cat_id=2 HTTP/1.1" 200 6881
INFO 2025-09-11 20:10:36,636 basehttp 213 "GET /?cat_id=3 HTTP/1.1" 200 5428
INFO 2025-09-11 20:10:37,161 basehttp 213 "GET /?cat_id=4 HTTP/1.1" 200 5428
INFO 2025-09-11 20:10:37,529 basehttp 213 "GET /?cat_id=5 HTTP/1.1" 200 5428
INFO 2025-09-11 20:10:38,439 basehttp 213 "GET /?cat_id=6 HTTP/1.1" 200 5428
INFO 2025-09-11 20:10:38,792 basehttp 213 "GET /?cat_id=7 HTTP/1.1" 200 5428
INFO 2025-09-11 20:10:39,470 basehttp 213 "GET /?cat_id=1 HTTP/1.1" 200 6882
INFO 2025-09-11 20:10:39,888 basehttp 213 "GET / HTTP/1.1" 200 6882
INFO 2025-09-11 20:10:43,447 basehttp 213 "GET /login/ HTTP/1.1" 200 3188
INFO 2025-09-11 20:11:05,943 basehttp 213 "GET /register/ HTTP/1.1" 200 5328
INFO 2025-09-11 20:11:05,966 basehttp 213 "GET /static/js/register.js HTTP/1.1" 200 6407
INFO 2025-09-11 20:11:05,990 basehttp 213 "GET /imagecode/?uuid=bd92f503-e0e7-4284-8a8a-85b19682ae55 HTTP/1.1" 200 3808
INFO 2025-09-11 20:15:27,794 basehttp 213 "GET /register/ HTTP/1.1" 200 5328
INFO 2025-09-11 20:15:27,828 basehttp 213 "GET /imagecode/?uuid=252a46d3-aeae-4a97-9b75-3db16d7fd838 HTTP/1.1" 200 2997
INFO 2025-09-11 20:15:30,466 basehttp 213 "GET / HTTP/1.1" 200 5428
INFO 2025-09-11 20:15:31,790 basehttp 213 "GET / HTTP/1.1" 200 5428
INFO 2025-09-11 20:15:32,956 basehttp 213 "GET /login/ HTTP/1.1" 200 3188
INFO 2025-09-11 20:15:39,289 basehttp 213 "GET /register/ HTTP/1.1" 200 5328
INFO 2025-09-11 20:15:39,316 basehttp 213 "GET /imagecode/?uuid=9ae17f62-e007-4288-8548-15eecc0b2b51 HTTP/1.1" 200 3184
INFO 2025-09-11 20:15:45,476 basehttp 213 "GET /login/ HTTP/1.1" 200 3188
INFO 2025-09-11 20:15:58,661 basehttp 213 "POST /login/ HTTP/1.1" 302 0
INFO 2025-09-11 20:15:58,682 basehttp 213 "GET / HTTP/1.1" 200 5428
INFO 2025-09-11 20:16:01,617 basehttp 213 "GET /writeblog/ HTTP/1.1" 200 6208
INFO 2025-09-11 20:16:01,638 basehttp 213 "GET /static/ckeditor/ckeditor-init.js HTTP/1.1" 200 2039
INFO 2025-09-11 20:16:01,642 basehttp 213 "GET /static/js/write_blog.js HTTP/1.1" 200 521
INFO 2025-09-11 20:16:01,646 basehttp 213 "GET /static/ckeditor/ckeditor/ckeditor.js HTTP/1.1" 200 690627
INFO 2025-09-11 20:16:01,668 basehttp 213 "GET /static/ckeditor/ckeditor/config.js?t=I3I8 HTTP/1.1" 200 338
INFO 2025-09-11 20:16:01,672 basehttp 213 "GET /static/ckeditor/ckeditor/lang/zh-cn.js?t=I3I8 HTTP/1.1" 200 18818
INFO 2025-09-11 20:16:01,672 basehttp 213 "GET /static/ckeditor/ckeditor/skins/moono-lisa/editor.css?t=I3I8 HTTP/1.1" 200 46921
INFO 2025-09-11 20:16:01,679 basehttp 213 "GET /static/ckeditor/ckeditor/styles.js?t=I3I8 HTTP/1.1" 200 5583
INFO 2025-09-11 20:16:01,683 basehttp 213 "GET /static/ckeditor/ckeditor/plugins/scayt/dialogs/dialog.css HTTP/1.1" 200 419
INFO 2025-09-11 20:16:01,683 basehttp 213 "GET /static/ckeditor/ckeditor/plugins/scayt/skins/moono-lisa/scayt.css HTTP/1.1" 200 381
INFO 2025-09-11 20:16:01,684 basehttp 213 "GET /static/ckeditor/ckeditor/plugins/wsc/skins/moono-lisa/wsc.css HTTP/1.1" 200 1306
INFO 2025-09-11 20:16:01,684 basehttp 213 "GET /static/ckeditor/ckeditor/plugins/tableselection/styles/tableselection.css HTTP/1.1" 200 1082
INFO 2025-09-11 20:16:01,684 basehttp 213 "GET /static/ckeditor/ckeditor/plugins/copyformatting/styles/copyformatting.css HTTP/1.1" 200 1513
INFO 2025-09-11 20:16:01,697 basehttp 213 "GET /static/ckeditor/ckeditor/skins/moono-lisa/icons.png?t=95e5d83 HTTP/1.1" 200 12421
INFO 2025-09-11 20:16:01,700 basehttp 213 "GET /static/ckeditor/ckeditor/contents.css?t=I3I8 HTTP/1.1" 200 2954
WARNING 2025-09-11 20:16:05,805 log 253 Not Found: /.well-known/appspecific/com.chrome.devtools.json
WARNING 2025-09-11 20:16:05,805 basehttp 213 "GET /.well-known/appspecific/com.chrome.devtools.json HTTP/1.1" 404 5060
WARNING 2025-09-11 20:16:05,856 basehttp 213 "GET /static/js/axios.min.map HTTP/1.1" 404 1862
INFO 2025-09-11 20:16:05,872 basehttp 213 "GET /static/bootstrap/css/bootstrap.min.css.map HTTP/1.1" 200 562427
INFO 2025-09-11 20:16:15,839 basehttp 213 "GET /logout/ HTTP/1.1" 302 0
INFO 2025-09-11 20:16:15,864 basehttp 213 "GET / HTTP/1.1" 200 5428
WARNING 2025-09-11 20:16:15,885 log 253 Not Found: /.well-known/appspecific/com.chrome.devtools.json
WARNING 2025-09-11 20:16:15,886 basehttp 213 "GET /.well-known/appspecific/com.chrome.devtools.json HTTP/1.1" 404 5060
INFO 2025-09-11 20:16:15,894 basehttp 213 "GET /static/common/jquery.pagination.css HTTP/1.1" 200 523
INFO 2025-09-11 20:16:15,894 basehttp 213 "GET /static/md_css/monokai.css HTTP/1.1" 200 4118
INFO 2025-09-11 20:16:15,894 basehttp 213 "GET /static/common/common.css HTTP/1.1" 200 381
INFO 2025-09-11 20:16:15,895 basehttp 213 "GET /static/bootstrap/css/bootstrap.min.css HTTP/1.1" 200 140942
INFO 2025-09-11 20:16:15,898 basehttp 213 "GET /static/js/host.js HTTP/1.1" 200 35
INFO 2025-09-11 20:16:15,898 basehttp 213 "GET /static/js/axios-0.18.0.min.js HTTP/1.1" 200 12941
INFO 2025-09-11 20:16:15,899 basehttp 213 "GET /static/js/jquery-1.12.4.min.js HTTP/1.1" 200 97163
INFO 2025-09-11 20:16:15,901 basehttp 213 "GET /static/js/common.js HTTP/1.1" 200 891
INFO 2025-09-11 20:16:15,901 basehttp 213 "GET /static/js/index.js HTTP/1.1" 200 530
INFO 2025-09-11 20:16:15,901 basehttp 213 "GET /static/js/jquery.pagination.min.js HTTP/1.1" 200 2935
INFO 2025-09-11 20:16:15,901 basehttp 213 "GET /static/js/vue-2.5.16.js HTTP/1.1" 200 289307
INFO 2025-09-11 20:16:16,643 basehttp 213 "GET /static/bootstrap/css/bootstrap.min.css.map HTTP/1.1" 200 562427
WARNING 2025-09-11 20:16:17,600 basehttp 213 "GET /static/js/axios.min.map HTTP/1.1" 404 1862
INFO 2025-09-11 20:17:48,805 basehttp 213 "GET / HTTP/1.1" 200 5428
WARNING 2025-09-11 20:17:48,821 log 253 Not Found: /.well-known/appspecific/com.chrome.devtools.json
WARNING 2025-09-11 20:17:48,822 basehttp 213 "GET /.well-known/appspecific/com.chrome.devtools.json HTTP/1.1" 404 5060
INFO 2025-09-11 20:17:48,824 basehttp 213 "GET /static/md_css/monokai.css HTTP/1.1" 200 4118
INFO 2025-09-11 20:17:48,824 basehttp 213 "GET /static/common/common.css HTTP/1.1" 200 381
INFO 2025-09-11 20:17:48,826 basehttp 213 "GET /static/bootstrap/css/bootstrap.min.css HTTP/1.1" 200 140942
INFO 2025-09-11 20:17:48,826 basehttp 213 "GET /static/common/jquery.pagination.css HTTP/1.1" 200 523
INFO 2025-09-11 20:17:48,827 basehttp 213 "GET /static/js/axios-0.18.0.min.js HTTP/1.1" 200 12941
INFO 2025-09-11 20:17:48,829 basehttp 213 "GET /static/js/jquery-1.12.4.min.js HTTP/1.1" 200 97163
INFO 2025-09-11 20:17:48,829 basehttp 213 "GET /static/js/host.js HTTP/1.1" 200 35
INFO 2025-09-11 20:17:48,830 basehttp 213 "GET /static/js/common.js HTTP/1.1" 200 891
INFO 2025-09-11 20:17:48,832 basehttp 213 "GET /static/js/vue-2.5.16.js HTTP/1.1" 200 289307
INFO 2025-09-11 20:17:48,832 basehttp 213 "GET /static/js/index.js HTTP/1.1" 200 530
INFO 2025-09-11 20:17:48,833 basehttp 213 "GET /static/js/jquery.pagination.min.js HTTP/1.1" 200 2935
WARNING 2025-09-11 20:17:49,332 basehttp 213 "GET /static/js/axios.min.map HTTP/1.1" 404 1862
INFO 2025-09-11 20:17:49,340 basehttp 213 "GET /static/bootstrap/css/bootstrap.min.css.map HTTP/1.1" 200 562427
INFO 2025-09-11 20:17:50,268 basehttp 213 "GET /login/ HTTP/1.1" 200 3188
WARNING 2025-09-11 20:17:50,284 log 253 Not Found: /.well-known/appspecific/com.chrome.devtools.json
WARNING 2025-09-11 20:17:50,285 basehttp 213 "GET /.well-known/appspecific/com.chrome.devtools.json HTTP/1.1" 404 5060
INFO 2025-09-11 20:17:50,292 basehttp 213 "GET /static/js/common.js HTTP/1.1" 200 891
INFO 2025-09-11 20:17:50,292 basehttp 213 "GET /static/js/axios-0.18.0.min.js HTTP/1.1" 200 12941
INFO 2025-09-11 20:17:50,293 basehttp 213 "GET /static/js/host.js HTTP/1.1" 200 35
INFO 2025-09-11 20:17:50,295 basehttp 213 "GET /static/js/login.js HTTP/1.1" 200 677
INFO 2025-09-11 20:17:50,295 basehttp 213 "GET /static/bootstrap/css/bootstrap.min.css HTTP/1.1" 200 140942
INFO 2025-09-11 20:17:50,296 basehttp 213 "GET /static/js/vue-2.5.16.js HTTP/1.1" 200 289307
WARNING 2025-09-11 20:17:50,316 basehttp 213 "GET /static/js/axios.min.map HTTP/1.1" 404 1862
INFO 2025-09-11 20:17:50,328 basehttp 213 "GET /static/bootstrap/css/bootstrap.min.css.map HTTP/1.1" 200 562427
INFO 2025-09-11 20:17:51,319 basehttp 213 "GET /register/ HTTP/1.1" 200 5328
WARNING 2025-09-11 20:17:51,337 log 253 Not Found: /.well-known/appspecific/com.chrome.devtools.json
WARNING 2025-09-11 20:17:51,337 basehttp 213 "GET /.well-known/appspecific/com.chrome.devtools.json HTTP/1.1" 404 5060
INFO 2025-09-11 20:17:51,345 basehttp 213 "GET /static/js/axios-0.18.0.min.js HTTP/1.1" 200 12941
INFO 2025-09-11 20:17:51,345 basehttp 213 "GET /static/js/host.js HTTP/1.1" 200 35
INFO 2025-09-11 20:17:51,346 basehttp 213 "GET /static/js/common.js HTTP/1.1" 200 891
INFO 2025-09-11 20:17:51,347 basehttp 213 "GET /static/js/register.js HTTP/1.1" 200 6407
INFO 2025-09-11 20:17:51,348 basehttp 213 "GET /static/bootstrap/css/bootstrap.min.css HTTP/1.1" 200 140942
INFO 2025-09-11 20:17:51,349 basehttp 213 "GET /static/js/vue-2.5.16.js HTTP/1.1" 200 289307
WARNING 2025-09-11 20:17:51,370 basehttp 213 "GET /static/js/axios.min.map HTTP/1.1" 404 1862
INFO 2025-09-11 20:17:51,375 basehttp 213 "GET /imagecode/?uuid=6380aec4-0162-4e1c-9fd0-a65387e1ac0c HTTP/1.1" 200 3073
INFO 2025-09-11 20:17:51,378 basehttp 213 "GET /static/bootstrap/css/bootstrap.min.css.map HTTP/1.1" 200 562427
INFO 2025-09-11 20:21:08,303 views 122 1599
INFO 2025-09-11 20:21:20,253 basehttp 213 "GET /smscode/?mobile=18162429192&image_code=crbt&uuid=6380aec4-0162-4e1c-9fd0-a65387e1ac0c HTTP/1.1" 200 63
INFO 2025-09-11 20:21:59,507 basehttp 213 "POST /register/ HTTP/1.1" 302 0
INFO 2025-09-11 20:21:59,532 basehttp 213 "GET / HTTP/1.1" 200 5428
INFO 2025-09-11 20:22:02,931 basehttp 213 "GET /?cat_id=1 HTTP/1.1" 200 5428
INFO 2025-09-11 20:22:05,324 basehttp 213 "GET /center/ HTTP/1.1" 200 4290
WARNING 2025-09-11 20:22:05,347 log 253 Not Found: /media/default_avatar.png
WARNING 2025-09-11 20:22:05,348 basehttp 213 "GET /media/default_avatar.png HTTP/1.1" 404 5216
INFO 2025-09-11 20:22:05,348 basehttp 213 "GET /static/js/center.js HTTP/1.1" 200 522
WARNING 2025-09-11 20:22:05,357 log 253 Not Found: /media/default_avatar.png
WARNING 2025-09-11 20:22:05,358 basehttp 213 "GET /media/default_avatar.png HTTP/1.1" 404 5216
INFO 2025-09-11 20:23:40,808 basehttp 213 "POST /center/ HTTP/1.1" 302 0
INFO 2025-09-11 20:23:40,833 basehttp 213 "GET /center/ HTTP/1.1" 200 4328
INFO 2025-09-11 20:23:40,856 basehttp 213 "GET /media/avatar/20250911/%E4%B8%8D%E6%9F%93%E9%95%BF%E5%AE%89.jpg HTTP/1.1" 200 196729
INFO 2025-09-11 20:23:43,321 basehttp 213 "GET /writeblog/ HTTP/1.1" 200 6208
INFO 2025-09-11 20:25:11,820 basehttp 213 "GET /static/ckeditor/ckeditor/skins/moono-lisa/images/close.png HTTP/1.1" 200 615
INFO 2025-09-11 20:25:18,256 basehttp 213 "GET /writeblog/ HTTP/1.1" 200 6208
